"","date","series","value"
"1",2020-05-29,"BCOM.TR",135.5447
"2",2020-05-29,"GSCI.TR",1570.824
"3",2020-05-29,"XAUUSD.Curncy",1730.27
"4",2020-05-29,"S.P500.TR",6227.81
"5",2020-05-29,"ABCTRI",4054.154427
"6",2020-05-29,"CL1.Comdty",35.49
"7",2020-06-01,"BCOM.TR",135.4956
"8",2020-06-01,"GSCI.TR",1572.22
"9",2020-06-01,"XAUUSD.Curncy",1739.55
"10",2020-06-01,"S.P500.TR",6251.48
"11",2020-06-01,"ABCTRI",4053.992579
"12",2020-06-01,"CL1.Comdty",35.44
"13",2020-06-02,"BCOM.TR",136.0742
"14",2020-06-02,"GSCI.TR",1599.458
"15",2020-06-02,"XAUUSD.Curncy",1727.7
"16",2020-06-02,"S.P500.TR",6303
"17",2020-06-02,"ABCTRI",4051.437342
"18",2020-06-02,"CL1.Comdty",36.81
"19",2020-06-03,"BCOM.TR",136.3276
"20",2020-06-03,"GSCI.TR",1605.801
"21",2020-06-03,"XAUUSD.Curncy",1699.67
"22",2020-06-03,"S.P500.TR",6389.67
"23",2020-06-03,"ABCTRI",4046.809938
"24",2020-06-03,"CL1.Comdty",37.29
"25",2020-06-04,"BCOM.TR",137.2916
"26",2020-06-04,"GSCI.TR",1616.529
"27",2020-06-04,"XAUUSD.Curncy",1714.01
"28",2020-06-04,"S.P500.TR",6369.54
"29",2020-06-04,"ABCTRI",4050.503095
"30",2020-06-04,"CL1.Comdty",37.41
"31",2020-06-05,"BCOM.TR",138.0206
"32",2020-06-05,"GSCI.TR",1662.644
"33",2020-06-05,"XAUUSD.Curncy",1685.06
"34",2020-06-05,"S.P500.TR",6536.58
"35",2020-06-05,"ABCTRI",4043.434102
"36",2020-06-05,"CL1.Comdty",39.55
"37",2020-06-08,"BCOM.TR",137.9102
"38",2020-06-08,"GSCI.TR",1639.79
"39",2020-06-08,"XAUUSD.Curncy",1698.53
"40",2020-06-08,"S.P500.TR",6615.4
"41",2020-06-08,"ABCTRI",4047.172628
"42",2020-06-08,"CL1.Comdty",38.19
"43",2020-06-09,"BCOM.TR",138.0927
"44",2020-06-09,"GSCI.TR",1650.869
"45",2020-06-09,"XAUUSD.Curncy",1715.33
"46",2020-06-09,"S.P500.TR",6564.27
"47",2020-06-09,"ABCTRI",4049.934137
"48",2020-06-09,"CL1.Comdty",38.94
"49",2020-06-10,"BCOM.TR",138.6834
"50",2020-06-10,"GSCI.TR",1663.522
"51",2020-06-10,"XAUUSD.Curncy",1738.7
"52",2020-06-10,"S.P500.TR",6529.42
"53",2020-06-10,"ABCTRI",4049.804349
"54",2020-06-10,"CL1.Comdty",39.6
"55",2020-06-11,"BCOM.TR",136.7408
"56",2020-06-11,"GSCI.TR",1596.435
"57",2020-06-11,"XAUUSD.Curncy",1727.7
"58",2020-06-11,"S.P500.TR",6145.3
"59",2020-06-11,"ABCTRI",4052.93507
"60",2020-06-11,"CL1.Comdty",36.34
"61",2020-06-12,"BCOM.TR",135.9162
"62",2020-06-12,"GSCI.TR",1593.828
"63",2020-06-12,"XAUUSD.Curncy",1730.75
"64",2020-06-12,"S.P500.TR",6227.42
"65",2020-06-12,"ABCTRI",4052.596093
"66",2020-06-12,"CL1.Comdty",36.26
"67",2020-06-15,"BCOM.TR",135.791
"68",2020-06-15,"GSCI.TR",1608.664
"69",2020-06-15,"XAUUSD.Curncy",1725.16
"70",2020-06-15,"S.P500.TR",6279.4
"71",2020-06-15,"ABCTRI",4051.161513
"72",2020-06-15,"CL1.Comdty",37.12
"73",2020-06-16,"BCOM.TR",136.4228
"74",2020-06-16,"GSCI.TR",1634.6
"75",2020-06-16,"XAUUSD.Curncy",1726.53
"76",2020-06-16,"S.P500.TR",6398.58
"77",2020-06-16,"ABCTRI",4052.717943
"78",2020-06-16,"CL1.Comdty",38.38
"79",2020-06-17,"BCOM.TR",136.7024
"80",2020-06-17,"GSCI.TR",1631.167
"81",2020-06-17,"XAUUSD.Curncy",1726.95
"82",2020-06-17,"S.P500.TR",6375.54
"83",2020-06-17,"ABCTRI",4052.635832
"84",2020-06-17,"CL1.Comdty",37.96
"85",2020-06-18,"BCOM.TR",136.8027
"86",2020-06-18,"GSCI.TR",1645.201
"87",2020-06-18,"XAUUSD.Curncy",1722.93
"88",2020-06-18,"S.P500.TR",6379.56
"89",2020-06-18,"ABCTRI",4051.975591
"90",2020-06-18,"CL1.Comdty",38.84
"91",2020-06-19,"BCOM.TR",137.7724
"92",2020-06-19,"GSCI.TR",1661.654
"93",2020-06-19,"XAUUSD.Curncy",1743.87
"94",2020-06-19,"S.P500.TR",6344.7
"95",2020-06-19,"ABCTRI",4055.555971
"96",2020-06-19,"CL1.Comdty",39.75
"97",2020-06-22,"BCOM.TR",138.3259
"98",2020-06-22,"GSCI.TR",1676.858
"99",2020-06-22,"XAUUSD.Curncy",1754.43
"100",2020-06-22,"S.P500.TR",6385.91
"101",2020-06-22,"ABCTRI",4057.896332
"102",2020-06-22,"CL1.Comdty",40.46
"103",2020-06-23,"BCOM.TR",138.067
"104",2020-06-23,"GSCI.TR",1672.497
"105",2020-06-23,"XAUUSD.Curncy",1768.41
"106",2020-06-23,"S.P500.TR",6413.44
"107",2020-06-23,"ABCTRI",4060.464835
"108",2020-06-23,"CL1.Comdty",40.37
"109",2020-06-24,"BCOM.TR",135.9296
"110",2020-06-24,"GSCI.TR",1617.994
"111",2020-06-24,"XAUUSD.Curncy",1761.17
"112",2020-06-24,"S.P500.TR",6247.66
"113",2020-06-24,"ABCTRI",4059.419202
"114",2020-06-24,"CL1.Comdty",38.01
"115",2020-06-25,"BCOM.TR",135.3739
"116",2020-06-25,"GSCI.TR",1624.058
"117",2020-06-25,"XAUUSD.Curncy",1763.79
"118",2020-06-25,"S.P500.TR",6316.45
"119",2020-06-25,"ABCTRI",4058.759066
"120",2020-06-25,"CL1.Comdty",38.72
"121",2020-06-26,"BCOM.TR",134.8875
"122",2020-06-26,"GSCI.TR",1613.277
"123",2020-06-26,"XAUUSD.Curncy",1771.29
"124",2020-06-26,"S.P500.TR",6163.5
"125",2020-06-26,"ABCTRI",4060.379865
"126",2020-06-26,"CL1.Comdty",38.49
"127",2020-06-29,"BCOM.TR",137.0737
"128",2020-06-29,"GSCI.TR",1645.871
"129",2020-06-29,"XAUUSD.Curncy",1772.82
"130",2020-06-29,"S.P500.TR",6254.78
"131",2020-06-29,"ABCTRI",4060.711741
"132",2020-06-29,"CL1.Comdty",39.7
"133",2020-06-30,"BCOM.TR",138.6382
"134",2020-06-30,"GSCI.TR",1650.79
"135",2020-06-30,"XAUUSD.Curncy",1780.96
"136",2020-06-30,"S.P500.TR",6351.67
"137",2020-06-30,"ABCTRI",4063.87434
"138",2020-06-30,"CL1.Comdty",39.27
"139",2020-07-01,"BCOM.TR",139.0814
"140",2020-07-01,"GSCI.TR",1667.291
"141",2020-07-01,"XAUUSD.Curncy",1770.09
"142",2020-07-01,"S.P500.TR",6383.76
"143",2020-07-01,"ABCTRI",4060.627851
"144",2020-07-01,"CL1.Comdty",39.82
"145",2020-07-02,"BCOM.TR",140.0398
"146",2020-07-02,"GSCI.TR",1688.218
"147",2020-07-02,"XAUUSD.Curncy",1775.38
"148",2020-07-02,"S.P500.TR",6414.16
"149",2020-07-02,"ABCTRI",4064.565739
"150",2020-07-02,"CL1.Comdty",40.65
"151",2020-07-03,"BCOM.TR",140.0398
"152",2020-07-03,"GSCI.TR",1688.218
"153",2020-07-03,"XAUUSD.Curncy",1775.95
"154",2020-07-03,"S.P500.TR",6414.16
"155",2020-07-03,"ABCTRI",4064.628239
"156",2020-07-03,"CL1.Comdty",40.65
"157",2020-07-06,"BCOM.TR",141.2104
"158",2020-07-06,"GSCI.TR",1695.444
"159",2020-07-06,"XAUUSD.Curncy",1784.68
"160",2020-07-06,"S.P500.TR",6516.05
"161",2020-07-06,"ABCTRI",4069.190029
"162",2020-07-06,"CL1.Comdty",40.63
"163",2020-07-07,"BCOM.TR",141.982
"164",2020-07-07,"GSCI.TR",1700.014
"165",2020-07-07,"XAUUSD.Curncy",1794.86
"166",2020-07-07,"S.P500.TR",6445.59
"167",2020-07-07,"ABCTRI",4076.132853
"168",2020-07-07,"CL1.Comdty",40.62
"169",2020-07-08,"BCOM.TR",142.5187
"170",2020-07-08,"GSCI.TR",1708.508
"171",2020-07-08,"XAUUSD.Curncy",1808.89
"172",2020-07-08,"S.P500.TR",6496.14
"173",2020-07-08,"ABCTRI",4082.420165
"174",2020-07-08,"CL1.Comdty",40.9
"175",2020-07-09,"BCOM.TR",141.5669
"176",2020-07-09,"GSCI.TR",1689.329
"177",2020-07-09,"XAUUSD.Curncy",1803.55
"178",2020-07-09,"S.P500.TR",6461.31
"179",2020-07-09,"ABCTRI",4082.903454
"180",2020-07-09,"CL1.Comdty",39.62
"181",2020-07-10,"BCOM.TR",142.1855
"182",2020-07-10,"GSCI.TR",1707.727
"183",2020-07-10,"XAUUSD.Curncy",1798.7
"184",2020-07-10,"S.P500.TR",6528.96
"185",2020-07-10,"ABCTRI",4092.71271
"186",2020-07-10,"CL1.Comdty",40.55
"187",2020-07-13,"BCOM.TR",141.8748
"188",2020-07-13,"GSCI.TR",1697.36
"189",2020-07-13,"XAUUSD.Curncy",1802.76
"190",2020-07-13,"S.P500.TR",6467.84
"191",2020-07-13,"ABCTRI",4119.156116
"192",2020-07-13,"CL1.Comdty",40.1
"193",2020-07-14,"BCOM.TR",141.2065
"194",2020-07-14,"GSCI.TR",1692.841
"195",2020-07-14,"XAUUSD.Curncy",1809.36
"196",2020-07-14,"S.P500.TR",6555.4
"197",2020-07-14,"ABCTRI",4110.583283
"198",2020-07-14,"CL1.Comdty",40.29
"199",2020-07-15,"BCOM.TR",142.251
"200",2020-07-15,"GSCI.TR",1714.04
"201",2020-07-15,"XAUUSD.Curncy",1810.29
"202",2020-07-15,"S.P500.TR",6615.07
"203",2020-07-15,"ABCTRI",4106.753984
"204",2020-07-15,"CL1.Comdty",41.2
"205",2020-07-16,"BCOM.TR",141.8418
"206",2020-07-16,"GSCI.TR",1705.729
"207",2020-07-16,"XAUUSD.Curncy",1797.16
"208",2020-07-16,"S.P500.TR",6592.75
"209",2020-07-16,"ABCTRI",4103.539334
"210",2020-07-16,"CL1.Comdty",40.75
"211",2020-07-17,"BCOM.TR",141.8882
"212",2020-07-17,"GSCI.TR",1701.475
"213",2020-07-17,"XAUUSD.Curncy",1810.42
"214",2020-07-17,"S.P500.TR",6611.86
"215",2020-07-17,"ABCTRI",4109.445598
"216",2020-07-17,"CL1.Comdty",40.59
"217",2020-07-20,"BCOM.TR",141.4959
"218",2020-07-20,"GSCI.TR",1700.685
"219",2020-07-20,"XAUUSD.Curncy",1817.77
"220",2020-07-20,"S.P500.TR",6667.45
"221",2020-07-20,"ABCTRI",4121.14578
"222",2020-07-20,"CL1.Comdty",40.81
"223",2020-07-21,"BCOM.TR",143.5805
"224",2020-07-21,"GSCI.TR",1730.457
"225",2020-07-21,"XAUUSD.Curncy",1841.91
"226",2020-07-21,"S.P500.TR",6678.74
"227",2020-07-21,"ABCTRI",4159.211831
"228",2020-07-21,"CL1.Comdty",41.96
"229",2020-07-22,"BCOM.TR",144.5464
"230",2020-07-22,"GSCI.TR",1732.834
"231",2020-07-22,"XAUUSD.Curncy",1871.41
"232",2020-07-22,"S.P500.TR",6717.29
"233",2020-07-22,"ABCTRI",4187.820257
"234",2020-07-22,"CL1.Comdty",41.9
"235",2020-07-23,"BCOM.TR",145.369
"236",2020-07-23,"GSCI.TR",1722.692
"237",2020-07-23,"XAUUSD.Curncy",1887.44
"238",2020-07-23,"S.P500.TR",6635.04
"239",2020-07-23,"ABCTRI",4191.028045
"240",2020-07-23,"CL1.Comdty",41.07
"241",2020-07-24,"BCOM.TR",145.4245
"242",2020-07-24,"GSCI.TR",1724.447
"243",2020-07-24,"XAUUSD.Curncy",1902.02
"244",2020-07-24,"S.P500.TR",6594.1
"245",2020-07-24,"ABCTRI",4181.885908
"246",2020-07-24,"CL1.Comdty",41.29
"247",2020-07-27,"BCOM.TR",146.1777
"248",2020-07-27,"GSCI.TR",1727.245
"249",2020-07-27,"XAUUSD.Curncy",1942.24
"250",2020-07-27,"S.P500.TR",6642.89
"251",2020-07-27,"ABCTRI",4219.939088
"252",2020-07-27,"CL1.Comdty",41.6
"253",2020-07-28,"BCOM.TR",146.2388
"254",2020-07-28,"GSCI.TR",1721.218
"255",2020-07-28,"XAUUSD.Curncy",1958.43
"256",2020-07-28,"S.P500.TR",6599.97
"257",2020-07-28,"ABCTRI",4220.960652
"258",2020-07-28,"CL1.Comdty",41.04
"259",2020-07-29,"BCOM.TR",147.2259
"260",2020-07-29,"GSCI.TR",1731.383
"261",2020-07-29,"XAUUSD.Curncy",1970.79
"262",2020-07-29,"S.P500.TR",6682.01
"263",2020-07-29,"ABCTRI",4223.656428
"264",2020-07-29,"CL1.Comdty",41.27
"265",2020-07-30,"BCOM.TR",145.6468
"266",2020-07-30,"GSCI.TR",1703.08
"267",2020-07-30,"XAUUSD.Curncy",1956.64
"268",2020-07-30,"S.P500.TR",6658.02
"269",2020-07-30,"ABCTRI",4202.9613
"270",2020-07-30,"CL1.Comdty",39.92
"271",2020-07-31,"BCOM.TR",146.551
"272",2020-07-31,"GSCI.TR",1713.464
"273",2020-07-31,"XAUUSD.Curncy",1975.86
"274",2020-07-31,"S.P500.TR",6709.81
"275",2020-07-31,"ABCTRI",4215.08917
"276",2020-07-31,"CL1.Comdty",40.27
"277",2020-08-03,"BCOM.TR",149.1733
"278",2020-08-03,"GSCI.TR",1738.12
"279",2020-08-03,"XAUUSD.Curncy",1976.98
"280",2020-08-03,"S.P500.TR",6758.2
"281",2020-08-03,"ABCTRI",4226.836101
"282",2020-08-03,"CL1.Comdty",41.01
"283",2020-08-04,"BCOM.TR",150.5371
"284",2020-08-04,"GSCI.TR",1747.998
"285",2020-08-04,"XAUUSD.Curncy",2019.21
"286",2020-08-04,"S.P500.TR",6782.6
"287",2020-08-04,"ABCTRI",4260.558669
"288",2020-08-04,"CL1.Comdty",41.7
"289",2020-08-05,"BCOM.TR",151.9202
"290",2020-08-05,"GSCI.TR",1766.333
"291",2020-08-05,"XAUUSD.Curncy",2038.12
"292",2020-08-05,"S.P500.TR",6826.22
"293",2020-08-05,"ABCTRI",4285.497911
"294",2020-08-05,"CL1.Comdty",42.19
"295",2020-08-06,"BCOM.TR",152.2354
"296",2020-08-06,"GSCI.TR",1761.182
"297",2020-08-06,"XAUUSD.Curncy",2063.54
"298",2020-08-06,"S.P500.TR",6870.86
"299",2020-08-06,"ABCTRI",4317.096824
"300",2020-08-06,"CL1.Comdty",41.95
"301",2020-08-07,"BCOM.TR",150.3384
"302",2020-08-07,"GSCI.TR",1737.705
"303",2020-08-07,"XAUUSD.Curncy",2035.55
"304",2020-08-07,"S.P500.TR",6876.65
"305",2020-08-07,"ABCTRI",4261.174369
"306",2020-08-07,"CL1.Comdty",41.22
"307",2020-08-10,"BCOM.TR",151.3065
"308",2020-08-10,"GSCI.TR",1753.294
"309",2020-08-10,"XAUUSD.Curncy",2027.34
"310",2020-08-10,"S.P500.TR",6895.59
"311",2020-08-10,"ABCTRI",4315.042076
"312",2020-08-10,"CL1.Comdty",41.94
"313",2020-08-11,"BCOM.TR",149.1477
"314",2020-08-11,"GSCI.TR",1742.002
"315",2020-08-11,"XAUUSD.Curncy",1911.89
"316",2020-08-11,"S.P500.TR",6840.67
"317",2020-08-11,"ABCTRI",4249.96407
"318",2020-08-11,"CL1.Comdty",41.61
"319",2020-08-12,"BCOM.TR",149.9563
"320",2020-08-12,"GSCI.TR",1762.904
"321",2020-08-12,"XAUUSD.Curncy",1915.83
"322",2020-08-12,"S.P500.TR",6937.44
"323",2020-08-12,"ABCTRI",4246.454963
"324",2020-08-12,"CL1.Comdty",42.67
"325",2020-08-13,"BCOM.TR",151.1671
"326",2020-08-13,"GSCI.TR",1761.114
"327",2020-08-13,"XAUUSD.Curncy",1953.71
"328",2020-08-13,"S.P500.TR",6924.96
"329",2020-08-13,"ABCTRI",4281.393197
"330",2020-08-13,"CL1.Comdty",42.24
"331",2020-08-14,"BCOM.TR",151.1018
"332",2020-08-14,"GSCI.TR",1761.726
"333",2020-08-14,"XAUUSD.Curncy",1945.12
"334",2020-08-14,"S.P500.TR",6924.28
"335",2020-08-14,"ABCTRI",4253.859277
"336",2020-08-14,"CL1.Comdty",42.01
"337",2020-08-17,"BCOM.TR",153.6884
"338",2020-08-17,"GSCI.TR",1786.962
"339",2020-08-17,"XAUUSD.Curncy",1985.3
"340",2020-08-17,"S.P500.TR",6943.22
"341",2020-08-17,"ABCTRI",4309.988587
"342",2020-08-17,"CL1.Comdty",42.89
"343",2020-08-18,"BCOM.TR",154.662
"344",2020-08-18,"GSCI.TR",1792.043
"345",2020-08-18,"XAUUSD.Curncy",2002.44
"346",2020-08-18,"S.P500.TR",6960.3
"347",2020-08-18,"ABCTRI",4323.223499
"348",2020-08-18,"CL1.Comdty",42.89
"349",2020-08-19,"BCOM.TR",154.3651
"350",2020-08-19,"GSCI.TR",1793.583
"351",2020-08-19,"XAUUSD.Curncy",1928.98
"352",2020-08-19,"S.P500.TR",6930.8
"353",2020-08-19,"ABCTRI",4327.377449
"354",2020-08-19,"CL1.Comdty",42.93
"355",2020-08-20,"BCOM.TR",153.187
"356",2020-08-20,"GSCI.TR",1782.472
"357",2020-08-20,"XAUUSD.Curncy",1947.26
"358",2020-08-20,"S.P500.TR",6952.92
"359",2020-08-20,"ABCTRI",4307.51216
"360",2020-08-20,"CL1.Comdty",42.58
"361",2020-08-21,"BCOM.TR",152.4965
"362",2020-08-21,"GSCI.TR",1767.734
"363",2020-08-21,"XAUUSD.Curncy",1940.48
"364",2020-08-21,"S.P500.TR",6977.27
"365",2020-08-21,"ABCTRI",4285.277775
"366",2020-08-21,"CL1.Comdty",42.34
"367",2020-08-24,"BCOM.TR",152.9137
"368",2020-08-24,"GSCI.TR",1781.825
"369",2020-08-24,"XAUUSD.Curncy",1928.88
"370",2020-08-24,"S.P500.TR",7048.17
"371",2020-08-24,"ABCTRI",4306.97816
"372",2020-08-24,"CL1.Comdty",42.62
"373",2020-08-25,"BCOM.TR",153.689
"374",2020-08-25,"GSCI.TR",1801.147
"375",2020-08-25,"XAUUSD.Curncy",1928.18
"376",2020-08-25,"S.P500.TR",7073.6
"377",2020-08-25,"ABCTRI",4321.485124
"378",2020-08-25,"CL1.Comdty",43.35
"379",2020-08-26,"BCOM.TR",154.2883
"380",2020-08-26,"GSCI.TR",1800.325
"381",2020-08-26,"XAUUSD.Curncy",1954.46
"382",2020-08-26,"S.P500.TR",7145.77
"383",2020-08-26,"ABCTRI",4332.716362
"384",2020-08-26,"CL1.Comdty",43.39
"385",2020-08-27,"BCOM.TR",154.9686
"386",2020-08-27,"GSCI.TR",1795.103
"387",2020-08-27,"XAUUSD.Curncy",1929.54
"388",2020-08-27,"S.P500.TR",7158.18
"389",2020-08-27,"ABCTRI",4334.240875
"390",2020-08-27,"CL1.Comdty",43.04
"391",2020-08-28,"BCOM.TR",156.0781
"392",2020-08-28,"GSCI.TR",1800.706
"393",2020-08-28,"XAUUSD.Curncy",1964.83
"394",2020-08-28,"S.P500.TR",7207.1
"395",2020-08-28,"ABCTRI",4360.817643
"396",2020-08-28,"CL1.Comdty",42.97
"397",2020-08-31,"BCOM.TR",156.4625
"398",2020-08-31,"GSCI.TR",1792.028
"399",2020-08-31,"XAUUSD.Curncy",1967.8
"400",2020-08-31,"S.P500.TR",7192.11
"401",2020-08-31,"ABCTRI",4369.511798
"402",2020-08-31,"CL1.Comdty",42.61
"403",2020-09-01,"BCOM.TR",156.8631
"404",2020-09-01,"GSCI.TR",1799.764
"405",2020-09-01,"XAUUSD.Curncy",1970.18
"406",2020-09-01,"S.P500.TR",7246.37
"407",2020-09-01,"ABCTRI",4375.022787
"408",2020-09-01,"CL1.Comdty",42.76
"409",2020-09-02,"BCOM.TR",155.4359
"410",2020-09-02,"GSCI.TR",1769.577
"411",2020-09-02,"XAUUSD.Curncy",1942.92
"412",2020-09-02,"S.P500.TR",7358.49
"413",2020-09-02,"ABCTRI",4357.181821
"414",2020-09-02,"CL1.Comdty",41.51
"415",2020-09-03,"BCOM.TR",154.2912
"416",2020-09-03,"GSCI.TR",1755.255
"417",2020-09-03,"XAUUSD.Curncy",1930.91
"418",2020-09-03,"S.P500.TR",7101.38
"419",2020-09-03,"ABCTRI",4334.26284
"420",2020-09-03,"CL1.Comdty",41.37
"421",2020-09-04,"BCOM.TR",154.492
"422",2020-09-04,"GSCI.TR",1736.5
"423",2020-09-04,"XAUUSD.Curncy",1933.94
"424",2020-09-04,"S.P500.TR",7043.62
"425",2020-09-04,"ABCTRI",4333.405169
"426",2020-09-04,"CL1.Comdty",39.77
"427",2020-09-07,"BCOM.TR",154.492
"428",2020-09-07,"GSCI.TR",1736.5
"429",2020-09-07,"XAUUSD.Curncy",1933.64
"430",2020-09-07,"S.P500.TR",7043.62
"431",2020-09-07,"ABCTRI",4333.585038
"432",2020-09-07,"CL1.Comdty",39.77
"433",2020-09-08,"BCOM.TR",152.3703
"434",2020-09-08,"GSCI.TR",1673.753
"435",2020-09-08,"XAUUSD.Curncy",1932.03
"436",2020-09-08,"S.P500.TR",6848.42
"437",2020-09-08,"ABCTRI",4288.194464
"438",2020-09-08,"CL1.Comdty",36.76
"439",2020-09-09,"BCOM.TR",153.0287
"440",2020-09-09,"GSCI.TR",1696.326
"441",2020-09-09,"XAUUSD.Curncy",1946.84
"442",2020-09-09,"S.P500.TR",6986.76
"443",2020-09-09,"ABCTRI",4311.644915
"444",2020-09-09,"CL1.Comdty",38.05
"445",2020-09-10,"BCOM.TR",152.5703
"446",2020-09-10,"GSCI.TR",1684.862
"447",2020-09-10,"XAUUSD.Curncy",1946.09
"448",2020-09-10,"S.P500.TR",6864.23
"449",2020-09-10,"ABCTRI",4297.768668
"450",2020-09-10,"CL1.Comdty",37.3
"451",2020-09-11,"BCOM.TR",152.7145
"452",2020-09-11,"GSCI.TR",1686.429
"453",2020-09-11,"XAUUSD.Curncy",1940.55
"454",2020-09-11,"S.P500.TR",6868.22
"455",2020-09-11,"ABCTRI",4312.982744
"456",2020-09-11,"CL1.Comdty",37.33
"457",2020-09-14,"BCOM.TR",153.1189
"458",2020-09-14,"GSCI.TR",1688.833
"459",2020-09-14,"XAUUSD.Curncy",1956.86
"460",2020-09-14,"S.P500.TR",6957.91
"461",2020-09-14,"ABCTRI",4347.040175
"462",2020-09-14,"CL1.Comdty",37.26
"463",2020-09-15,"BCOM.TR",153.2288
"464",2020-09-15,"GSCI.TR",1701.903
"465",2020-09-15,"XAUUSD.Curncy",1954.15
"466",2020-09-15,"S.P500.TR",6994.33
"467",2020-09-15,"ABCTRI",4359.041272
"468",2020-09-15,"CL1.Comdty",38.28
"469",2020-09-16,"BCOM.TR",154.299
"470",2020-09-16,"GSCI.TR",1735.68
"471",2020-09-16,"XAUUSD.Curncy",1959.26
"472",2020-09-16,"S.P500.TR",6962.29
"473",2020-09-16,"ABCTRI",4411.696713
"474",2020-09-16,"CL1.Comdty",40.16
"475",2020-09-17,"BCOM.TR",154.49
"476",2020-09-17,"GSCI.TR",1756.596
"477",2020-09-17,"XAUUSD.Curncy",1944.44
"478",2020-09-17,"S.P500.TR",6903.82
"479",2020-09-17,"ABCTRI",4427.906013
"480",2020-09-17,"CL1.Comdty",40.97
"481",2020-09-18,"BCOM.TR",155.7289
"482",2020-09-18,"GSCI.TR",1765.478
"483",2020-09-18,"XAUUSD.Curncy",1950.86
"484",2020-09-18,"S.P500.TR",6826.72
"485",2020-09-18,"ABCTRI",4455.032034
"486",2020-09-18,"CL1.Comdty",41.11
"487",2020-09-21,"BCOM.TR",151.869
"488",2020-09-21,"GSCI.TR",1712.884
"489",2020-09-21,"XAUUSD.Curncy",1912.51
"490",2020-09-21,"S.P500.TR",6748.08
"491",2020-09-21,"ABCTRI",4358.861261
"492",2020-09-21,"CL1.Comdty",39.31
"493",2020-09-22,"BCOM.TR",151.5249
"494",2020-09-22,"GSCI.TR",1715.838
"495",2020-09-22,"XAUUSD.Curncy",1900.21
"496",2020-09-22,"S.P500.TR",6819.08
"497",2020-09-22,"ABCTRI",4367.003119
"498",2020-09-22,"CL1.Comdty",39.6
"499",2020-09-23,"BCOM.TR",151.0351
"500",2020-09-23,"GSCI.TR",1714.707
"501",2020-09-23,"XAUUSD.Curncy",1863.34
"502",2020-09-23,"S.P500.TR",6657.82
"503",2020-09-23,"ABCTRI",4329.545953
"504",2020-09-23,"CL1.Comdty",39.93
"505",2020-09-24,"BCOM.TR",151.2472
"506",2020-09-24,"GSCI.TR",1718.337
"507",2020-09-24,"XAUUSD.Curncy",1868.07
"508",2020-09-24,"S.P500.TR",6678.04
"509",2020-09-24,"ABCTRI",4317.899501
"510",2020-09-24,"CL1.Comdty",40.31
"511",2020-09-25,"BCOM.TR",150.8655
"512",2020-09-25,"GSCI.TR",1717.179
"513",2020-09-25,"XAUUSD.Curncy",1861.58
"514",2020-09-25,"S.P500.TR",6784.95
"515",2020-09-25,"ABCTRI",4323.347692
"516",2020-09-25,"CL1.Comdty",40.25
"517",2020-09-28,"BCOM.TR",151.5106
"518",2020-09-28,"GSCI.TR",1728.707
"519",2020-09-28,"XAUUSD.Curncy",1881.48
"520",2020-09-28,"S.P500.TR",6894.27
"521",2020-09-28,"ABCTRI",4337.019057
"522",2020-09-28,"CL1.Comdty",40.6
"523",2020-09-29,"BCOM.TR",149.974
"524",2020-09-29,"GSCI.TR",1700.685
"525",2020-09-29,"XAUUSD.Curncy",1898.07
"526",2020-09-29,"S.P500.TR",6861.96
"527",2020-09-29,"ABCTRI",4320.999685
"528",2020-09-29,"CL1.Comdty",39.29
"529",2020-09-30,"BCOM.TR",151.2189
"530",2020-09-30,"GSCI.TR",1726.81
"531",2020-09-30,"XAUUSD.Curncy",1885.82
"532",2020-09-30,"S.P500.TR",6918.83
"533",2020-09-30,"ABCTRI",4399.54777
"534",2020-09-30,"CL1.Comdty",40.22
"535",2020-10-01,"BCOM.TR",149.9318
"536",2020-10-01,"GSCI.TR",1693.712
"537",2020-10-01,"XAUUSD.Curncy",1906.01
"538",2020-10-01,"S.P500.TR",6956.2
"539",2020-10-01,"ABCTRI",4369.631594
"540",2020-10-01,"CL1.Comdty",38.72
"541",2020-10-02,"BCOM.TR",148.981
"542",2020-10-02,"GSCI.TR",1664.184
"543",2020-10-02,"XAUUSD.Curncy",1899.84
"544",2020-10-02,"S.P500.TR",6889.65
"545",2020-10-02,"ABCTRI",4358.388392
"546",2020-10-02,"CL1.Comdty",37.05
"547",2020-10-05,"BCOM.TR",151.6342
"548",2020-10-05,"GSCI.TR",1713.021
"549",2020-10-05,"XAUUSD.Curncy",1913.53
"550",2020-10-05,"S.P500.TR",7014.23
"551",2020-10-05,"ABCTRI",4412.34372
"552",2020-10-05,"CL1.Comdty",39.22
"553",2020-10-06,"BCOM.TR",152.3827
"554",2020-10-06,"GSCI.TR",1744.396
"555",2020-10-06,"XAUUSD.Curncy",1878.18
"556",2020-10-06,"S.P500.TR",6916.4
"557",2020-10-06,"ABCTRI",4461.547604
"558",2020-10-06,"CL1.Comdty",40.67
"559",2020-10-07,"BCOM.TR",153.2484
"560",2020-10-07,"GSCI.TR",1739.479
"561",2020-10-07,"XAUUSD.Curncy",1887.42
"562",2020-10-07,"S.P500.TR",7036.91
"563",2020-10-07,"ABCTRI",4474.456925
"564",2020-10-07,"CL1.Comdty",39.95
"565",2020-10-08,"BCOM.TR",154.0087
"566",2020-10-08,"GSCI.TR",1763.643
"567",2020-10-08,"XAUUSD.Curncy",1893.82
"568",2020-10-08,"S.P500.TR",7095.4
"569",2020-10-08,"ABCTRI",4472.919085
"570",2020-10-08,"CL1.Comdty",41.19
"571",2020-10-09,"BCOM.TR",156.3432
"572",2020-10-09,"GSCI.TR",1767.723
"573",2020-10-09,"XAUUSD.Curncy",1930.4
"574",2020-10-09,"S.P500.TR",7157.92
"575",2020-10-09,"ABCTRI",4517.339531
"576",2020-10-09,"CL1.Comdty",40.6
"577",2020-10-12,"BCOM.TR",155.3359
"578",2020-10-12,"GSCI.TR",1741.288
"579",2020-10-12,"XAUUSD.Curncy",1922.77
"580",2020-10-12,"S.P500.TR",7275.43
"581",2020-10-12,"ABCTRI",4485.198567
"582",2020-10-12,"CL1.Comdty",39.43
"583",2020-10-13,"BCOM.TR",154.8916
"584",2020-10-13,"GSCI.TR",1751.137
"585",2020-10-13,"XAUUSD.Curncy",1891.36
"586",2020-10-13,"S.P500.TR",7229.55
"587",2020-10-13,"ABCTRI",4489.751181
"588",2020-10-13,"CL1.Comdty",40.2
"589",2020-10-14,"BCOM.TR",155.8007
"590",2020-10-14,"GSCI.TR",1769.682
"591",2020-10-14,"XAUUSD.Curncy",1901.52
"592",2020-10-14,"S.P500.TR",7182.38
"593",2020-10-14,"ABCTRI",4514.476679
"594",2020-10-14,"CL1.Comdty",41.04
"595",2020-10-15,"BCOM.TR",156.7415
"596",2020-10-15,"GSCI.TR",1774.642
"597",2020-10-15,"XAUUSD.Curncy",1908.71
"598",2020-10-15,"S.P500.TR",7171.61
"599",2020-10-15,"ABCTRI",4530.951953
"600",2020-10-15,"CL1.Comdty",40.96
"601",2020-10-16,"BCOM.TR",156.6307
"602",2020-10-16,"GSCI.TR",1771.655
"603",2020-10-16,"XAUUSD.Curncy",1899.29
"604",2020-10-16,"S.P500.TR",7172.7
"605",2020-10-16,"ABCTRI",4531.119552
"606",2020-10-16,"CL1.Comdty",40.88
"607",2020-10-19,"BCOM.TR",157.0258
"608",2020-10-19,"GSCI.TR",1769.38
"609",2020-10-19,"XAUUSD.Curncy",1904.08
"610",2020-10-19,"S.P500.TR",7055.58
"611",2020-10-19,"ABCTRI",4559.714845
"612",2020-10-19,"CL1.Comdty",40.83
"613",2020-10-20,"BCOM.TR",157.7982
"614",2020-10-20,"GSCI.TR",1782.328
"615",2020-10-20,"XAUUSD.Curncy",1906.95
"616",2020-10-20,"S.P500.TR",7089.06
"617",2020-10-20,"ABCTRI",4591.975778
"618",2020-10-20,"CL1.Comdty",41.46
"619",2020-10-21,"BCOM.TR",158.2179
"620",2020-10-21,"GSCI.TR",1759.465
"621",2020-10-21,"XAUUSD.Curncy",1924.33
"622",2020-10-21,"S.P500.TR",7073.65
"623",2020-10-21,"ABCTRI",4591.286565
"624",2020-10-21,"CL1.Comdty",40.03
"625",2020-10-22,"BCOM.TR",157.6012
"626",2020-10-22,"GSCI.TR",1766.204
"627",2020-10-22,"XAUUSD.Curncy",1904.11
"628",2020-10-22,"S.P500.TR",7111.17
"629",2020-10-22,"ABCTRI",4592.627021
"630",2020-10-22,"CL1.Comdty",40.64
"631",2020-10-23,"BCOM.TR",157.022
"632",2020-10-23,"GSCI.TR",1752.94
"633",2020-10-23,"XAUUSD.Curncy",1902.05
"634",2020-10-23,"S.P500.TR",7135.81
"635",2020-10-23,"ABCTRI",4574.189822
"636",2020-10-23,"CL1.Comdty",39.85
"637",2020-10-26,"BCOM.TR",156.3046
"638",2020-10-26,"GSCI.TR",1725.442
"639",2020-10-26,"XAUUSD.Curncy",1902.08
"640",2020-10-26,"S.P500.TR",7003.21
"641",2020-10-26,"ABCTRI",4552.847749
"642",2020-10-26,"CL1.Comdty",38.56
"643",2020-10-27,"BCOM.TR",157.0624
"644",2020-10-27,"GSCI.TR",1745.59
"645",2020-10-27,"XAUUSD.Curncy",1907.99
"646",2020-10-27,"S.P500.TR",6982.14
"647",2020-10-27,"ABCTRI",4556.875219
"648",2020-10-27,"CL1.Comdty",39.57
"649",2020-10-28,"BCOM.TR",153.9736
"650",2020-10-28,"GSCI.TR",1693.31
"651",2020-10-28,"XAUUSD.Curncy",1877.19
"652",2020-10-28,"S.P500.TR",6735.75
"653",2020-10-28,"ABCTRI",4465.652311
"654",2020-10-28,"CL1.Comdty",37.39
"655",2020-10-29,"BCOM.TR",152.858
"656",2020-10-29,"GSCI.TR",1666.958
"657",2020-10-29,"XAUUSD.Curncy",1867.59
"658",2020-10-29,"S.P500.TR",6816.79
"659",2020-10-29,"ABCTRI",4430.130553
"660",2020-10-29,"CL1.Comdty",36.17
"661",2020-10-30,"BCOM.TR",153.349
"662",2020-10-30,"GSCI.TR",1665.082
"663",2020-10-30,"XAUUSD.Curncy",1878.81
"664",2020-10-30,"S.P500.TR",6734.84
"665",2020-10-30,"ABCTRI",4433.975538
"666",2020-10-30,"CL1.Comdty",35.79
"667",2020-11-02,"BCOM.TR",153.9511
"668",2020-11-02,"GSCI.TR",1685.698
"669",2020-11-02,"XAUUSD.Curncy",1895.48
"670",2020-11-02,"S.P500.TR",6817.89
"671",2020-11-02,"ABCTRI",4459.574406
"672",2020-11-02,"CL1.Comdty",36.81
"673",2020-11-03,"BCOM.TR",154.2368
"674",2020-11-03,"GSCI.TR",1702.692
"675",2020-11-03,"XAUUSD.Curncy",1909.17
"676",2020-11-03,"S.P500.TR",6939.3
"677",2020-11-03,"ABCTRI",4486.012328
"678",2020-11-03,"CL1.Comdty",37.66
"679",2020-11-04,"BCOM.TR",155.1609
"680",2020-11-04,"GSCI.TR",1733.583
"681",2020-11-04,"XAUUSD.Curncy",1902.92
"682",2020-11-04,"S.P500.TR",7092.3
"683",2020-11-04,"ABCTRI",4499.126373
"684",2020-11-04,"CL1.Comdty",39.15
"685",2020-11-05,"BCOM.TR",156.2287
"686",2020-11-05,"GSCI.TR",1734.126
"687",2020-11-05,"XAUUSD.Curncy",1949.66
"688",2020-11-05,"S.P500.TR",7231.67
"689",2020-11-05,"ABCTRI",4525.126745
"690",2020-11-05,"CL1.Comdty",38.79
"691",2020-11-06,"BCOM.TR",155.4409
"692",2020-11-06,"GSCI.TR",1704.654
"693",2020-11-06,"XAUUSD.Curncy",1951.35
"694",2020-11-06,"S.P500.TR",7230.51
"695",2020-11-06,"ABCTRI",4536.242263
"696",2020-11-06,"CL1.Comdty",37.14
"697",2020-11-09,"BCOM.TR",155.2841
"698",2020-11-09,"GSCI.TR",1757.996
"699",2020-11-09,"XAUUSD.Curncy",1863.04
"700",2020-11-09,"S.P500.TR",7315.77
"701",2020-11-09,"ABCTRI",4520.717274
"702",2020-11-09,"CL1.Comdty",40.29
"703",2020-11-10,"BCOM.TR",157.8803
"704",2020-11-10,"GSCI.TR",1791.842
"705",2020-11-10,"XAUUSD.Curncy",1877.32
"706",2020-11-10,"S.P500.TR",7306.75
"707",2020-11-10,"ABCTRI",4566.232812
"708",2020-11-10,"CL1.Comdty",41.36
"709",2020-11-11,"BCOM.TR",157.9613
"710",2020-11-11,"GSCI.TR",1791.946
"711",2020-11-11,"XAUUSD.Curncy",1865.73
"712",2020-11-11,"S.P500.TR",7362.65
"713",2020-11-11,"ABCTRI",4547.576714
"714",2020-11-11,"CL1.Comdty",41.45
"715",2020-11-12,"BCOM.TR",157.3589
"716",2020-11-12,"GSCI.TR",1782.078
"717",2020-11-12,"XAUUSD.Curncy",1876.83
"718",2020-11-12,"S.P500.TR",7290.69
"719",2020-11-12,"ABCTRI",4533.831842
"720",2020-11-12,"CL1.Comdty",41.12
"721",2020-11-13,"BCOM.TR",157.3752
"722",2020-11-13,"GSCI.TR",1763.431
"723",2020-11-13,"XAUUSD.Curncy",1889.2
"724",2020-11-13,"S.P500.TR",7390.61
"725",2020-11-13,"ABCTRI",4549.326584
"726",2020-11-13,"CL1.Comdty",40.13
"727",2020-11-16,"BCOM.TR",157.4725
"728",2020-11-16,"GSCI.TR",1785.369
"729",2020-11-16,"XAUUSD.Curncy",1888.95
"730",2020-11-16,"S.P500.TR",7476.79
"731",2020-11-16,"ABCTRI",4576.24964
"732",2020-11-16,"CL1.Comdty",41.34
"733",2020-11-17,"BCOM.TR",157.7175
"734",2020-11-17,"GSCI.TR",1789.819
"735",2020-11-17,"XAUUSD.Curncy",1880.38
"736",2020-11-17,"S.P500.TR",7442.04
"737",2020-11-17,"ABCTRI",4568.676207
"738",2020-11-17,"CL1.Comdty",41.43
"739",2020-11-18,"BCOM.TR",158.364
"740",2020-11-18,"GSCI.TR",1803.013
"741",2020-11-18,"XAUUSD.Curncy",1872.24
"742",2020-11-18,"S.P500.TR",7357.34
"743",2020-11-18,"ABCTRI",4578.62179
"744",2020-11-18,"CL1.Comdty",41.82
"745",2020-11-19,"BCOM.TR",156.9679
"746",2020-11-19,"GSCI.TR",1790.971
"747",2020-11-19,"XAUUSD.Curncy",1866.54
"748",2020-11-19,"S.P500.TR",7386.86
"749",2020-11-19,"ABCTRI",4560.076476
"750",2020-11-19,"CL1.Comdty",41.74
"751",2020-11-20,"BCOM.TR",158.2492
"752",2020-11-20,"GSCI.TR",1808.784
"753",2020-11-20,"XAUUSD.Curncy",1870.99
"754",2020-11-20,"S.P500.TR",7336.76
"755",2020-11-20,"ABCTRI",4584.726257
"756",2020-11-20,"CL1.Comdty",42.15
"757",2020-11-23,"BCOM.TR",158.2994
"758",2020-11-23,"GSCI.TR",1826.32
"759",2020-11-23,"XAUUSD.Curncy",1837.86
"760",2020-11-23,"S.P500.TR",7378.94
"761",2020-11-23,"ABCTRI",4588.829195
"762",2020-11-23,"CL1.Comdty",43.06
"763",2020-11-24,"BCOM.TR",159.5275
"764",2020-11-24,"GSCI.TR",1866.071
"765",2020-11-24,"XAUUSD.Curncy",1807.59
"766",2020-11-24,"S.P500.TR",7498.29
"767",2020-11-24,"ABCTRI",4587.079617
"768",2020-11-24,"CL1.Comdty",44.91
"769",2020-11-25,"BCOM.TR",159.6807
"770",2020-11-25,"GSCI.TR",1875.117
"771",2020-11-25,"XAUUSD.Curncy",1807.56
"772",2020-11-25,"S.P500.TR",7486.68
"773",2020-11-25,"ABCTRI",4566.408416
"774",2020-11-25,"CL1.Comdty",45.71
"775",2020-11-26,"BCOM.TR",159.6807
"776",2020-11-26,"GSCI.TR",1875.117
"777",2020-11-26,"XAUUSD.Curncy",1815.8
"778",2020-11-26,"S.P500.TR",7486.68
"779",2020-11-26,"ABCTRI",4566.469718
"780",2020-11-26,"CL1.Comdty",45.71
"781",2020-11-27,"BCOM.TR",159.7036
"782",2020-11-27,"GSCI.TR",1877.491
"783",2020-11-27,"XAUUSD.Curncy",1787.79
"784",2020-11-27,"S.P500.TR",7505.38
"785",2020-11-27,"ABCTRI",4594.911021
"786",2020-11-27,"CL1.Comdty",45.53
"787",2020-11-30,"BCOM.TR",158.7354
"788",2020-11-30,"GSCI.TR",1865.567
"789",2020-11-30,"XAUUSD.Curncy",1776.95
"790",2020-11-30,"S.P500.TR",7472.06
"791",2020-11-30,"ABCTRI",4542.577636
"792",2020-11-30,"CL1.Comdty",45.34
"793",2020-12-01,"BCOM.TR",159.1436
"794",2020-12-01,"GSCI.TR",1855.734
"795",2020-12-01,"XAUUSD.Curncy",1815.24
"796",2020-12-01,"S.P500.TR",7556.51
"797",2020-12-01,"ABCTRI",4540.306988
"798",2020-12-01,"CL1.Comdty",44.55
"799",2020-12-02,"BCOM.TR",159.0292
"800",2020-12-02,"GSCI.TR",1868.857
"801",2020-12-02,"XAUUSD.Curncy",1831.28
"802",2020-12-02,"S.P500.TR",7570.76
"803",2020-12-02,"ABCTRI",4552.323061
"804",2020-12-02,"CL1.Comdty",45.28
"805",2020-12-03,"BCOM.TR",158.1093
"806",2020-12-03,"GSCI.TR",1870.841
"807",2020-12-03,"XAUUSD.Curncy",1841.08
"808",2020-12-03,"S.P500.TR",7567.44
"809",2020-12-03,"ABCTRI",4565.446654
"810",2020-12-03,"CL1.Comdty",45.64
"811",2020-12-04,"BCOM.TR",158.6061
"812",2020-12-04,"GSCI.TR",1879.883
"813",2020-12-04,"XAUUSD.Curncy",1838.86
"814",2020-12-04,"S.P500.TR",7634.77
"815",2020-12-04,"ABCTRI",4572.05198
"816",2020-12-04,"CL1.Comdty",46.26
"817",2020-12-07,"BCOM.TR",157.8423
"818",2020-12-07,"GSCI.TR",1868.4
"819",2020-12-07,"XAUUSD.Curncy",1862.73
"820",2020-12-07,"S.P500.TR",7620
"821",2020-12-07,"ABCTRI",4585.371054
"822",2020-12-07,"CL1.Comdty",45.76
"823",2020-12-08,"BCOM.TR",157.2727
"824",2020-12-08,"GSCI.TR",1863.403
"825",2020-12-08,"XAUUSD.Curncy",1870.56
"826",2020-12-08,"S.P500.TR",7641.43
"827",2020-12-08,"ABCTRI",4569.150471
"828",2020-12-08,"CL1.Comdty",45.6
"829",2020-12-09,"BCOM.TR",157.857
"830",2020-12-09,"GSCI.TR",1870.379
"831",2020-12-09,"XAUUSD.Curncy",1839.55
"832",2020-12-09,"S.P500.TR",7581.06
"833",2020-12-09,"ABCTRI",4599.273387
"834",2020-12-09,"CL1.Comdty",45.52
"835",2020-12-10,"BCOM.TR",159.8641
"836",2020-12-10,"GSCI.TR",1904.695
"837",2020-12-10,"XAUUSD.Curncy",1836.57
"838",2020-12-10,"S.P500.TR",7571.87
"839",2020-12-10,"ABCTRI",4643.486527
"840",2020-12-10,"CL1.Comdty",46.78
"841",2020-12-11,"BCOM.TR",159.8218
"842",2020-12-11,"GSCI.TR",1900.891
"843",2020-12-11,"XAUUSD.Curncy",1839.85
"844",2020-12-11,"S.P500.TR",7562.46
"845",2020-12-11,"ABCTRI",4644.842991
"846",2020-12-11,"CL1.Comdty",46.57
"847",2020-12-14,"BCOM.TR",160.5002
"848",2020-12-14,"GSCI.TR",1908.342
"849",2020-12-14,"XAUUSD.Curncy",1827.35
"850",2020-12-14,"S.P500.TR",7530.87
"851",2020-12-14,"ABCTRI",4649.387205
"852",2020-12-14,"CL1.Comdty",46.99
"853",2020-12-15,"BCOM.TR",161.6163
"854",2020-12-15,"GSCI.TR",1923.292
"855",2020-12-15,"XAUUSD.Curncy",1853.64
"856",2020-12-15,"S.P500.TR",7628.28
"857",2020-12-15,"ABCTRI",4678.957833
"858",2020-12-15,"CL1.Comdty",47.62
"859",2020-12-16,"BCOM.TR",162.2834
"860",2020-12-16,"GSCI.TR",1931.842
"861",2020-12-16,"XAUUSD.Curncy",1864.8
"862",2020-12-16,"S.P500.TR",7641.82
"863",2020-12-16,"ABCTRI",4695.900505
"864",2020-12-16,"CL1.Comdty",47.82
"865",2020-12-17,"BCOM.TR",164.0736
"866",2020-12-17,"GSCI.TR",1953.004
"867",2020-12-17,"XAUUSD.Curncy",1885.42
"868",2020-12-17,"S.P500.TR",7686.18
"869",2020-12-17,"ABCTRI",4750.912245
"870",2020-12-17,"CL1.Comdty",48.36
"871",2020-12-18,"BCOM.TR",165.0604
"872",2020-12-18,"GSCI.TR",1969.936
"873",2020-12-18,"XAUUSD.Curncy",1881.35
"874",2020-12-18,"S.P500.TR",7659.75
"875",2020-12-18,"ABCTRI",4769.285877
"876",2020-12-18,"CL1.Comdty",49.1
"877",2020-12-21,"BCOM.TR",164.3014
"878",2020-12-21,"GSCI.TR",1941.753
"879",2020-12-21,"XAUUSD.Curncy",1876.89
"880",2020-12-21,"S.P500.TR",7630.07
"881",2020-12-21,"ABCTRI",4731.966189
"882",2020-12-21,"CL1.Comdty",47.74
"883",2020-12-22,"BCOM.TR",163.4217
"884",2020-12-22,"GSCI.TR",1924.899
"885",2020-12-22,"XAUUSD.Curncy",1860.84
"886",2020-12-22,"S.P500.TR",7614.83
"887",2020-12-22,"ABCTRI",4706.093226
"888",2020-12-22,"CL1.Comdty",47.02
"889",2020-12-23,"BCOM.TR",164.4411
"890",2020-12-23,"GSCI.TR",1953.168
"891",2020-12-23,"XAUUSD.Curncy",1872.89
"892",2020-12-23,"S.P500.TR",7620.63
"893",2020-12-23,"ABCTRI",4754.797726
"894",2020-12-23,"CL1.Comdty",48.12
"895",2020-12-24,"BCOM.TR",164.4347
"896",2020-12-24,"GSCI.TR",1953.801
"897",2020-12-24,"XAUUSD.Curncy",1883.46
"898",2020-12-24,"S.P500.TR",7648.39
"899",2020-12-24,"ABCTRI",4759.198318
"900",2020-12-24,"CL1.Comdty",48.23
"901",2020-12-25,"BCOM.TR",164.4347
"902",2020-12-25,"GSCI.TR",1953.801
"903",2020-12-25,"XAUUSD.Curncy",1883.46
"904",2020-12-25,"S.P500.TR",7648.39
"905",2020-12-25,"ABCTRI",4759.260905
"906",2020-12-25,"CL1.Comdty",48.23
"907",2020-12-28,"BCOM.TR",163.3212
"908",2020-12-28,"GSCI.TR",1940.113
"909",2020-12-28,"XAUUSD.Curncy",1873.69
"910",2020-12-28,"S.P500.TR",7715.1
"911",2020-12-28,"ABCTRI",4756.94923
"912",2020-12-28,"CL1.Comdty",47.62
"913",2020-12-29,"BCOM.TR",164.6127
"914",2020-12-29,"GSCI.TR",1953.887
"915",2020-12-29,"XAUUSD.Curncy",1878.18
"916",2020-12-29,"S.P500.TR",7697.93
"917",2020-12-29,"ABCTRI",4783.665417
"918",2020-12-29,"CL1.Comdty",48
"919",2020-12-30,"BCOM.TR",165.644
"920",2020-12-30,"GSCI.TR",1969.079
"921",2020-12-30,"XAUUSD.Curncy",1894.39
"922",2020-12-30,"S.P500.TR",7709.1
"923",2020-12-30,"ABCTRI",4817.339719
"924",2020-12-30,"CL1.Comdty",48.4
"925",2020-12-31,"BCOM.TR",166.631
"926",2020-12-31,"GSCI.TR",1976.955
"927",2020-12-31,"XAUUSD.Curncy",1898.36
"928",2020-12-31,"S.P500.TR",7759.35
"929",2020-12-31,"ABCTRI",4822.880934
"930",2020-12-31,"CL1.Comdty",48.52
"931",2021-01-01,"BCOM.TR",166.631
"932",2021-01-01,"GSCI.TR",1976.955
"933",2021-01-01,"XAUUSD.Curncy",1898.67
"934",2021-01-01,"S.P500.TR",7759.35
"935",2021-01-01,"ABCTRI",4822.944358
"936",2021-01-01,"CL1.Comdty",48.52
"937",2021-01-04,"BCOM.TR",167.8783
"938",2021-01-04,"GSCI.TR",1970.193
"939",2021-01-04,"XAUUSD.Curncy",1942.9
"940",2021-01-04,"S.P500.TR",7645.27
"941",2021-01-04,"ABCTRI",4840.735234
"942",2021-01-04,"CL1.Comdty",47.62
"943",2021-01-05,"BCOM.TR",171.4972
"944",2021-01-05,"GSCI.TR",2030.938
"945",2021-01-05,"XAUUSD.Curncy",1950.01
"946",2021-01-05,"S.P500.TR",7700.34
"947",2021-01-05,"ABCTRI",4929.058905
"948",2021-01-05,"CL1.Comdty",49.93
"949",2021-01-06,"BCOM.TR",171.3736
"950",2021-01-06,"GSCI.TR",2040.941
"951",2021-01-06,"XAUUSD.Curncy",1918.61
"952",2021-01-06,"S.P500.TR",7744.43
"953",2021-01-06,"ABCTRI",4941.226199
"954",2021-01-06,"CL1.Comdty",50.63
"955",2021-01-07,"BCOM.TR",171.4563
"956",2021-01-07,"GSCI.TR",2044.079
"957",2021-01-07,"XAUUSD.Curncy",1913.95
"958",2021-01-07,"S.P500.TR",7861.1
"959",2021-01-07,"ABCTRI",4939.123787
"960",2021-01-07,"CL1.Comdty",50.83
"961",2021-01-08,"BCOM.TR",170.0592
"962",2021-01-08,"GSCI.TR",2063.398
"963",2021-01-08,"XAUUSD.Curncy",1849.01
"964",2021-01-08,"S.P500.TR",7905.28
"965",2021-01-08,"ABCTRI",4947.663135
"966",2021-01-08,"CL1.Comdty",52.24
"967",2021-01-11,"BCOM.TR",169.6976
"968",2021-01-11,"GSCI.TR",2054.822
"969",2021-01-11,"XAUUSD.Curncy",1843.89
"970",2021-01-11,"S.P500.TR",7853.45
"971",2021-01-11,"ABCTRI",4931.329853
"972",2021-01-11,"CL1.Comdty",52.25
"973",2021-01-12,"BCOM.TR",172.1255
"974",2021-01-12,"GSCI.TR",2090.937
"975",2021-01-12,"XAUUSD.Curncy",1854.77
"976",2021-01-12,"S.P500.TR",7856.72
"977",2021-01-12,"ABCTRI",5012.576297
"978",2021-01-12,"CL1.Comdty",53.21
"979",2021-01-13,"BCOM.TR",172.1013
"980",2021-01-13,"GSCI.TR",2087.32
"981",2021-01-13,"XAUUSD.Curncy",1845.51
"982",2021-01-13,"S.P500.TR",7874.75
"983",2021-01-13,"ABCTRI",5006.498566
"984",2021-01-13,"CL1.Comdty",52.91
"985",2021-01-14,"BCOM.TR",173.3869
"986",2021-01-14,"GSCI.TR",2103.246
"987",2021-01-14,"XAUUSD.Curncy",1846.53
"988",2021-01-14,"S.P500.TR",7846.1
"989",2021-01-14,"ABCTRI",5061.312979
"990",2021-01-14,"CL1.Comdty",53.57
"991",2021-01-15,"BCOM.TR",171.7682
"992",2021-01-15,"GSCI.TR",2078.225
"993",2021-01-15,"XAUUSD.Curncy",1828.45
"994",2021-01-15,"S.P500.TR",7789.79
"995",2021-01-15,"ABCTRI",5031.189601
"996",2021-01-15,"CL1.Comdty",52.36
"997",2021-01-18,"BCOM.TR",171.7682
"998",2021-01-18,"GSCI.TR",2078.225
"999",2021-01-18,"XAUUSD.Curncy",1841.26
"1000",2021-01-18,"S.P500.TR",7789.79
"1001",2021-01-18,"ABCTRI",5031.373621
"1002",2021-01-18,"CL1.Comdty",52.36
"1003",2021-01-19,"BCOM.TR",170.8998
"1004",2021-01-19,"GSCI.TR",2081.069
"1005",2021-01-19,"XAUUSD.Curncy",1840.28
"1006",2021-01-19,"S.P500.TR",7853.47
"1007",2021-01-19,"ABCTRI",5028.816609
"1008",2021-01-19,"CL1.Comdty",52.98
"1009",2021-01-20,"BCOM.TR",171.4377
"1010",2021-01-20,"GSCI.TR",2087.47
"1011",2021-01-20,"XAUUSD.Curncy",1871.84
"1012",2021-01-20,"S.P500.TR",7962.92
"1013",2021-01-20,"ABCTRI",5023.808587
"1014",2021-01-20,"CL1.Comdty",53.24
"1015",2021-01-21,"BCOM.TR",171.4123
"1016",2021-01-21,"GSCI.TR",2086.053
"1017",2021-01-21,"XAUUSD.Curncy",1870.02
"1018",2021-01-21,"S.P500.TR",7966.11
"1019",2021-01-21,"ABCTRI",5030.957694
"1020",2021-01-21,"CL1.Comdty",53.13
"1021",2021-01-22,"BCOM.TR",168.8999
"1022",2021-01-22,"GSCI.TR",2057.398
"1023",2021-01-22,"XAUUSD.Curncy",1855.61
"1024",2021-01-22,"S.P500.TR",7942.2
"1025",2021-01-22,"ABCTRI",4938.651619
"1026",2021-01-22,"CL1.Comdty",52.27
"1027",2021-01-25,"BCOM.TR",170.745
"1028",2021-01-25,"GSCI.TR",2077.074
"1029",2021-01-25,"XAUUSD.Curncy",1855.93
"1030",2021-01-25,"S.P500.TR",7970.92
"1031",2021-01-25,"ABCTRI",4975.25958
"1032",2021-01-25,"CL1.Comdty",52.77
"1033",2021-01-26,"BCOM.TR",171.8201
"1034",2021-01-26,"GSCI.TR",2088.362
"1035",2021-01-26,"XAUUSD.Curncy",1850.92
"1036",2021-01-26,"S.P500.TR",7959.1
"1037",2021-01-26,"ABCTRI",4996.731974
"1038",2021-01-26,"CL1.Comdty",52.61
"1039",2021-01-27,"BCOM.TR",171.7606
"1040",2021-01-27,"GSCI.TR",2085.833
"1041",2021-01-27,"XAUUSD.Curncy",1843.98
"1042",2021-01-27,"S.P500.TR",7754.74
"1043",2021-01-27,"ABCTRI",4976.177184
"1044",2021-01-27,"CL1.Comdty",52.85
"1045",2021-01-28,"BCOM.TR",170.7791
"1046",2021-01-28,"GSCI.TR",2072.533
"1047",2021-01-28,"XAUUSD.Curncy",1843.17
"1048",2021-01-28,"S.P500.TR",7831.22
"1049",2021-01-28,"ABCTRI",4946.729574
"1050",2021-01-28,"CL1.Comdty",52.34
"1051",2021-01-29,"BCOM.TR",171.0062
"1052",2021-01-29,"GSCI.TR",2074.698
"1053",2021-01-29,"XAUUSD.Curncy",1847.65
"1054",2021-01-29,"S.P500.TR",7681.01
"1055",2021-01-29,"ABCTRI",4973.485147
"1056",2021-01-29,"CL1.Comdty",52.2
"1057",2021-02-01,"BCOM.TR",174.2056
"1058",2021-02-01,"GSCI.TR",2104.989
"1059",2021-02-01,"XAUUSD.Curncy",1860.78
"1060",2021-02-01,"S.P500.TR",7804.31
"1061",2021-02-01,"ABCTRI",5012.774728
"1062",2021-02-01,"CL1.Comdty",53.55
"1063",2021-02-02,"BCOM.TR",173.4993
"1064",2021-02-02,"GSCI.TR",2122.886
"1065",2021-02-02,"XAUUSD.Curncy",1838.03
"1066",2021-02-02,"S.P500.TR",7912.87
"1067",2021-02-02,"ABCTRI",5010.396582
"1068",2021-02-02,"CL1.Comdty",54.76
"1069",2021-02-03,"BCOM.TR",174.6601
"1070",2021-02-03,"GSCI.TR",2145.116
"1071",2021-02-03,"XAUUSD.Curncy",1834.04
"1072",2021-02-03,"S.P500.TR",7920.85
"1073",2021-02-03,"ABCTRI",5042.495315
"1074",2021-02-03,"CL1.Comdty",55.69
"1075",2021-02-04,"BCOM.TR",175.0213
"1076",2021-02-04,"GSCI.TR",2152.949
"1077",2021-02-04,"XAUUSD.Curncy",1794.03
"1078",2021-02-04,"S.P500.TR",8007.62
"1079",2021-02-04,"ABCTRI",5074.180135
"1080",2021-02-04,"CL1.Comdty",56.23
"1081",2021-02-05,"BCOM.TR",176.0748
"1082",2021-02-05,"GSCI.TR",2168.828
"1083",2021-02-05,"XAUUSD.Curncy",1814.11
"1084",2021-02-05,"S.P500.TR",8039.67
"1085",2021-02-05,"ABCTRI",5094.587934
"1086",2021-02-05,"CL1.Comdty",56.85
"1087",2021-02-08,"BCOM.TR",178.3623
"1088",2021-02-08,"GSCI.TR",2202.801
"1089",2021-02-08,"XAUUSD.Curncy",1830.81
"1090",2021-02-08,"S.P500.TR",8099.33
"1091",2021-02-08,"ABCTRI",5161.596021
"1092",2021-02-08,"CL1.Comdty",57.97
"1093",2021-02-09,"BCOM.TR",178.8569
"1094",2021-02-09,"GSCI.TR",2211.686
"1095",2021-02-09,"XAUUSD.Curncy",1838.32
"1096",2021-02-09,"S.P500.TR",8091.7
"1097",2021-02-09,"ABCTRI",5201.736034
"1098",2021-02-09,"CL1.Comdty",58.36
"1099",2021-02-10,"BCOM.TR",178.3399
"1100",2021-02-10,"GSCI.TR",2210.573
"1101",2021-02-10,"XAUUSD.Curncy",1842.89
"1102",2021-02-10,"S.P500.TR",8089.11
"1103",2021-02-10,"ABCTRI",5164.164035
"1104",2021-02-10,"CL1.Comdty",58.68
"1105",2021-02-11,"BCOM.TR",178.2186
"1106",2021-02-11,"GSCI.TR",2206.468
"1107",2021-02-11,"XAUUSD.Curncy",1825.51
"1108",2021-02-11,"S.P500.TR",8104.19
"1109",2021-02-11,"ABCTRI",5177.539603
"1110",2021-02-11,"CL1.Comdty",58.24
"1111",2021-02-12,"BCOM.TR",179.4733
"1112",2021-02-12,"GSCI.TR",2231.514
"1113",2021-02-12,"XAUUSD.Curncy",1824.23
"1114",2021-02-12,"S.P500.TR",8142.79
"1115",2021-02-12,"ABCTRI",5192.954265
"1116",2021-02-12,"CL1.Comdty",59.47
"1117",2021-02-15,"BCOM.TR",179.4733
"1118",2021-02-15,"GSCI.TR",2231.514
"1119",2021-02-15,"XAUUSD.Curncy",1818.86
"1120",2021-02-15,"S.P500.TR",8142.79
"1121",2021-02-15,"ABCTRI",5193.141
"1122",2021-02-15,"CL1.Comdty",59.47
"1123",2021-02-16,"BCOM.TR",181.5823
"1124",2021-02-16,"GSCI.TR",2261.934
"1125",2021-02-16,"XAUUSD.Curncy",1794.47
"1126",2021-02-16,"S.P500.TR",8139.16
"1127",2021-02-16,"ABCTRI",5260.888101
"1128",2021-02-16,"CL1.Comdty",60.05
"1129",2021-02-17,"BCOM.TR",181.9042
"1130",2021-02-17,"GSCI.TR",2275.781
"1131",2021-02-17,"XAUUSD.Curncy",1776.13
"1132",2021-02-17,"S.P500.TR",8137.88
"1133",2021-02-17,"ABCTRI",5271.458702
"1134",2021-02-17,"CL1.Comdty",61.14
"1135",2021-02-18,"BCOM.TR",181.9882
"1136",2021-02-18,"GSCI.TR",2273.989
"1137",2021-02-18,"XAUUSD.Curncy",1775.67
"1138",2021-02-18,"S.P500.TR",8102.24
"1139",2021-02-18,"ABCTRI",5292.125129
"1140",2021-02-18,"CL1.Comdty",60.52
"1141",2021-02-19,"BCOM.TR",182.118
"1142",2021-02-19,"GSCI.TR",2261.053
"1143",2021-02-19,"XAUUSD.Curncy",1784.25
"1144",2021-02-19,"S.P500.TR",8087.68
"1145",2021-02-19,"ABCTRI",5320.488577
"1146",2021-02-19,"CL1.Comdty",59.24
"1147",2021-02-22,"BCOM.TR",185.107
"1148",2021-02-22,"GSCI.TR",2313.067
"1149",2021-02-22,"XAUUSD.Curncy",1809.67
"1150",2021-02-22,"S.P500.TR",8025.81
"1151",2021-02-22,"ABCTRI",5409.372609
"1152",2021-02-22,"CL1.Comdty",61.49
"1153",2021-02-23,"BCOM.TR",184.9332
"1154",2021-02-23,"GSCI.TR",2314.319
"1155",2021-02-23,"XAUUSD.Curncy",1805.73
"1156",2021-02-23,"S.P500.TR",8036.06
"1157",2021-02-23,"ABCTRI",5417.012196
"1158",2021-02-23,"CL1.Comdty",61.67
"1159",2021-02-24,"BCOM.TR",186.9921
"1160",2021-02-24,"GSCI.TR",2353.483
"1161",2021-02-24,"XAUUSD.Curncy",1805.06
"1162",2021-02-24,"S.P500.TR",8127.38
"1163",2021-02-24,"ABCTRI",5494.410116
"1164",2021-02-24,"CL1.Comdty",63.22
"1165",2021-02-25,"BCOM.TR",185.9999
"1166",2021-02-25,"GSCI.TR",2350.445
"1167",2021-02-25,"XAUUSD.Curncy",1770.56
"1168",2021-02-25,"S.P500.TR",7929.56
"1169",2021-02-25,"ABCTRI",5448.44801
"1170",2021-02-25,"CL1.Comdty",63.53
"1171",2021-02-26,"BCOM.TR",182.0712
"1172",2021-02-26,"GSCI.TR",2294.251
"1173",2021-02-26,"XAUUSD.Curncy",1734.04
"1174",2021-02-26,"S.P500.TR",7892.81
"1175",2021-02-26,"ABCTRI",5355.264609
"1176",2021-02-26,"CL1.Comdty",61.5
"1177",2021-03-01,"BCOM.TR",181.0135
"1178",2021-03-01,"GSCI.TR",2273.273
"1179",2021-03-01,"XAUUSD.Curncy",1725.04
"1180",2021-03-01,"S.P500.TR",8080.78
"1181",2021-03-01,"ABCTRI",5359.024438
"1182",2021-03-01,"CL1.Comdty",60.64
"1183",2021-03-02,"BCOM.TR",182.0206
"1184",2021-03-02,"GSCI.TR",2270.099
"1185",2021-03-02,"XAUUSD.Curncy",1738.36
"1186",2021-03-02,"S.P500.TR",8015.54
"1187",2021-03-02,"ABCTRI",5385.897048
"1188",2021-03-02,"CL1.Comdty",59.75
"1189",2021-03-03,"BCOM.TR",181.2026
"1190",2021-03-03,"GSCI.TR",2282.829
"1191",2021-03-03,"XAUUSD.Curncy",1711.23
"1192",2021-03-03,"S.P500.TR",7911.21
"1193",2021-03-03,"ABCTRI",5368.48268
"1194",2021-03-03,"CL1.Comdty",61.28
"1195",2021-03-04,"BCOM.TR",181.0135
"1196",2021-03-04,"GSCI.TR",2315.249
"1197",2021-03-04,"XAUUSD.Curncy",1697.52
"1198",2021-03-04,"S.P500.TR",7806.45
"1199",2021-03-04,"ABCTRI",5371.530015
"1200",2021-03-04,"CL1.Comdty",63.83
"1201",2021-03-05,"BCOM.TR",183.3139
"1202",2021-03-05,"GSCI.TR",2363.471
"1203",2021-03-05,"XAUUSD.Curncy",1700.64
"1204",2021-03-05,"S.P500.TR",7958.98
"1205",2021-03-05,"ABCTRI",5443.133491
"1206",2021-03-05,"CL1.Comdty",66.09
"1207",2021-03-08,"BCOM.TR",182.2674
"1208",2021-03-08,"GSCI.TR",2344.465
"1209",2021-03-08,"XAUUSD.Curncy",1683.54
"1210",2021-03-08,"S.P500.TR",7916.41
"1211",2021-03-08,"ABCTRI",5437.592404
"1212",2021-03-08,"CL1.Comdty",65.05
"1213",2021-03-09,"BCOM.TR",182.3785
"1214",2021-03-09,"GSCI.TR",2330.279
"1215",2021-03-09,"XAUUSD.Curncy",1716.1
"1216",2021-03-09,"S.P500.TR",8029.2
"1217",2021-03-09,"ABCTRI",5394.433368
"1218",2021-03-09,"CL1.Comdty",64.01
"1219",2021-03-10,"BCOM.TR",182.2099
"1220",2021-03-10,"GSCI.TR",2332.184
"1221",2021-03-10,"XAUUSD.Curncy",1726.71
"1222",2021-03-10,"S.P500.TR",8078.05
"1223",2021-03-10,"ABCTRI",5400.135076
"1224",2021-03-10,"CL1.Comdty",64.44
"1225",2021-03-11,"BCOM.TR",184.2026
"1226",2021-03-11,"GSCI.TR",2369.657
"1227",2021-03-11,"XAUUSD.Curncy",1722.6
"1228",2021-03-11,"S.P500.TR",8162.58
"1229",2021-03-11,"ABCTRI",5467.181496
"1230",2021-03-11,"CL1.Comdty",66.02
"1231",2021-03-12,"BCOM.TR",183.5272
"1232",2021-03-12,"GSCI.TR",2363.915
"1233",2021-03-12,"XAUUSD.Curncy",1727.11
"1234",2021-03-12,"S.P500.TR",8172.9
"1235",2021-03-12,"ABCTRI",5452.960878
"1236",2021-03-12,"CL1.Comdty",65.61
"1237",2021-03-15,"BCOM.TR",183.5368
"1238",2021-03-15,"GSCI.TR",2362.431
"1239",2021-03-15,"XAUUSD.Curncy",1731.67
"1240",2021-03-15,"S.P500.TR",8226.32
"1241",2021-03-15,"ABCTRI",5446.360054
"1242",2021-03-15,"CL1.Comdty",65.39
"1243",2021-03-16,"BCOM.TR",183.5297
"1244",2021-03-16,"GSCI.TR",2354.15
"1245",2021-03-16,"XAUUSD.Curncy",1731.4
"1246",2021-03-16,"S.P500.TR",8213.63
"1247",2021-03-16,"ABCTRI",5432.747012
"1248",2021-03-16,"CL1.Comdty",64.8
"1249",2021-03-17,"BCOM.TR",182.9603
"1250",2021-03-17,"GSCI.TR",2346.589
"1251",2021-03-17,"XAUUSD.Curncy",1745.33
"1252",2021-03-17,"S.P500.TR",8237.35
"1253",2021-03-17,"ABCTRI",5418.346464
"1254",2021-03-17,"CL1.Comdty",64.6
"1255",2021-03-18,"BCOM.TR",178.6208
"1256",2021-03-18,"GSCI.TR",2253.797
"1257",2021-03-18,"XAUUSD.Curncy",1736.42
"1258",2021-03-18,"S.P500.TR",8116.17
"1259",2021-03-18,"ABCTRI",5314.74334
"1260",2021-03-18,"CL1.Comdty",60
"1261",2021-03-19,"BCOM.TR",180.4579
"1262",2021-03-19,"GSCI.TR",2281.736
"1263",2021-03-19,"XAUUSD.Curncy",1745.23
"1264",2021-03-19,"S.P500.TR",8112.13
"1265",2021-03-19,"ABCTRI",5336.273031
"1266",2021-03-19,"CL1.Comdty",61.42
"1267",2021-03-22,"BCOM.TR",180.7753
"1268",2021-03-22,"GSCI.TR",2284.29
"1269",2021-03-22,"XAUUSD.Curncy",1739.03
"1270",2021-03-22,"S.P500.TR",8169.14
"1271",2021-03-22,"ABCTRI",5332.184341
"1272",2021-03-22,"CL1.Comdty",61.55
"1273",2021-03-23,"BCOM.TR",177.5976
"1274",2021-03-23,"GSCI.TR",2215.893
"1275",2021-03-23,"XAUUSD.Curncy",1727.07
"1276",2021-03-23,"S.P500.TR",8106.83
"1277",2021-03-23,"ABCTRI",5274.657819
"1278",2021-03-23,"CL1.Comdty",57.76
"1279",2021-03-24,"BCOM.TR",180.0849
"1280",2021-03-24,"GSCI.TR",2277.534
"1281",2021-03-24,"XAUUSD.Curncy",1734.69
"1282",2021-03-24,"S.P500.TR",8063
"1283",2021-03-24,"ABCTRI",5320.181761
"1284",2021-03-24,"CL1.Comdty",61.18
"1285",2021-03-25,"BCOM.TR",177.1982
"1286",2021-03-25,"GSCI.TR",2220.253
"1287",2021-03-25,"XAUUSD.Curncy",1726.93
"1288",2021-03-25,"S.P500.TR",8105.51
"1289",2021-03-25,"ABCTRI",5216.379149
"1290",2021-03-25,"CL1.Comdty",58.56
"1291",2021-03-26,"BCOM.TR",179.6295
"1292",2021-03-26,"GSCI.TR",2276.526
"1293",2021-03-26,"XAUUSD.Curncy",1732.52
"1294",2021-03-26,"S.P500.TR",8240.38
"1295",2021-03-26,"ABCTRI",5278.44627
"1296",2021-03-26,"CL1.Comdty",60.97
"1297",2021-03-29,"BCOM.TR",179.2047
"1298",2021-03-29,"GSCI.TR",2279.227
"1299",2021-03-29,"XAUUSD.Curncy",1712.2
"1300",2021-03-29,"S.P500.TR",8233.24
"1301",2021-03-29,"ABCTRI",5270.777706
"1302",2021-03-29,"CL1.Comdty",61.56
"1303",2021-03-30,"BCOM.TR",176.6847
"1304",2021-03-30,"GSCI.TR",2252.278
"1305",2021-03-30,"XAUUSD.Curncy",1685.2
"1306",2021-03-30,"S.P500.TR",8208.1
"1307",2021-03-30,"ABCTRI",5229.189473
"1308",2021-03-30,"CL1.Comdty",60.55
"1309",2021-03-31,"BCOM.TR",178.1622
"1310",2021-03-31,"GSCI.TR",2244.832
"1311",2021-03-31,"XAUUSD.Curncy",1707.71
"1312",2021-03-31,"S.P500.TR",8238.48
"1313",2021-03-31,"ABCTRI",5280.38338
"1314",2021-03-31,"CL1.Comdty",59.16
"1315",2021-04-01,"BCOM.TR",178.9938
"1316",2021-04-01,"GSCI.TR",2276.577
"1317",2021-04-01,"XAUUSD.Curncy",1729.31
"1318",2021-04-01,"S.P500.TR",8335.91
"1319",2021-04-01,"ABCTRI",5316.661577
"1320",2021-04-01,"CL1.Comdty",61.45
"1321",2021-04-02,"BCOM.TR",178.9938
"1322",2021-04-02,"GSCI.TR",2276.577
"1323",2021-04-02,"XAUUSD.Curncy",1728.87
"1324",2021-04-02,"S.P500.TR",8335.91
"1325",2021-04-02,"ABCTRI",5316.72494
"1326",2021-04-02,"CL1.Comdty",61.45
"1327",2021-04-05,"BCOM.TR",177.2326
"1328",2021-04-05,"GSCI.TR",2230.037
"1329",2021-04-05,"XAUUSD.Curncy",1728.27
"1330",2021-04-05,"S.P500.TR",8457.4
"1331",2021-04-05,"ABCTRI",5296.04469
"1332",2021-04-05,"CL1.Comdty",58.65
"1333",2021-04-06,"BCOM.TR",178.506
"1334",2021-04-06,"GSCI.TR",2250.411
"1335",2021-04-06,"XAUUSD.Curncy",1743.27
"1336",2021-04-06,"S.P500.TR",8449.54
"1337",2021-04-06,"ABCTRI",5322.088551
"1338",2021-04-06,"CL1.Comdty",59.33
"1339",2021-04-07,"BCOM.TR",178.847
"1340",2021-04-07,"GSCI.TR",2257.025
"1341",2021-04-07,"XAUUSD.Curncy",1737.72
"1342",2021-04-07,"S.P500.TR",8462.18
"1343",2021-04-07,"ABCTRI",5329.205582
"1344",2021-04-07,"CL1.Comdty",59.77
"1345",2021-04-08,"BCOM.TR",180.1964
"1346",2021-04-08,"GSCI.TR",2270.415
"1347",2021-04-08,"XAUUSD.Curncy",1755.84
"1348",2021-04-08,"S.P500.TR",8499.85
"1349",2021-04-08,"ABCTRI",5360.475129
"1350",2021-04-08,"CL1.Comdty",59.6
"1351",2021-04-09,"BCOM.TR",179.4088
"1352",2021-04-09,"GSCI.TR",2263.286
"1353",2021-04-09,"XAUUSD.Curncy",1743.88
"1354",2021-04-09,"S.P500.TR",8565.57
"1355",2021-04-09,"ABCTRI",5363.981358
"1356",2021-04-09,"CL1.Comdty",59.32
"1357",2021-04-12,"BCOM.TR",178.4569
"1358",2021-04-12,"GSCI.TR",2259.425
"1359",2021-04-12,"XAUUSD.Curncy",1732.76
"1360",2021-04-12,"S.P500.TR",8564.03
"1361",2021-04-12,"ABCTRI",5346.56177
"1362",2021-04-12,"CL1.Comdty",59.7
"1363",2021-04-13,"BCOM.TR",180.0258
"1364",2021-04-13,"GSCI.TR",2275.118
"1365",2021-04-13,"XAUUSD.Curncy",1745.51
"1366",2021-04-13,"S.P500.TR",8592.25
"1367",2021-04-13,"ABCTRI",5375.66541
"1368",2021-04-13,"CL1.Comdty",60.18
"1369",2021-04-14,"BCOM.TR",183.3646
"1370",2021-04-14,"GSCI.TR",2341.502
"1371",2021-04-14,"XAUUSD.Curncy",1736.43
"1372",2021-04-14,"S.P500.TR",8558.16
"1373",2021-04-14,"ABCTRI",5468.291983
"1374",2021-04-14,"CL1.Comdty",63.15
"1375",2021-04-15,"BCOM.TR",184.8182
"1376",2021-04-15,"GSCI.TR",2354.162
"1377",2021-04-15,"XAUUSD.Curncy",1763.95
"1378",2021-04-15,"S.P500.TR",8653.29
"1379",2021-04-15,"ABCTRI",5496.814605
"1380",2021-04-15,"CL1.Comdty",63.46
"1381",2021-04-16,"BCOM.TR",184.7451
"1382",2021-04-16,"GSCI.TR",2347.299
"1383",2021-04-16,"XAUUSD.Curncy",1776.51
"1384",2021-04-16,"S.P500.TR",8684.51
"1385",2021-04-16,"ABCTRI",5490.855548
"1386",2021-04-16,"CL1.Comdty",63.13
"1387",2021-04-19,"BCOM.TR",185.2963
"1388",2021-04-19,"GSCI.TR",2356.217
"1389",2021-04-19,"XAUUSD.Curncy",1771.43
"1390",2021-04-19,"S.P500.TR",8638.42
"1391",2021-04-19,"ABCTRI",5503.584617
"1392",2021-04-19,"CL1.Comdty",63.38
"1393",2021-04-20,"BCOM.TR",185.7093
"1394",2021-04-20,"GSCI.TR",2350.183
"1395",2021-04-20,"XAUUSD.Curncy",1778.75
"1396",2021-04-20,"S.P500.TR",8579.95
"1397",2021-04-20,"ABCTRI",5518.868464
"1398",2021-04-20,"CL1.Comdty",62.44
"1399",2021-04-21,"BCOM.TR",186.3254
"1400",2021-04-21,"GSCI.TR",2339.915
"1401",2021-04-21,"XAUUSD.Curncy",1793.79
"1402",2021-04-21,"S.P500.TR",8659.8
"1403",2021-04-21,"ABCTRI",5540.46937
"1404",2021-04-21,"CL1.Comdty",61.35
"1405",2021-04-22,"BCOM.TR",187.829
"1406",2021-04-22,"GSCI.TR",2354.683
"1407",2021-04-22,"XAUUSD.Curncy",1783.94
"1408",2021-04-22,"S.P500.TR",8580.73
"1409",2021-04-22,"ABCTRI",5586.329997
"1410",2021-04-22,"CL1.Comdty",61.43
"1411",2021-04-23,"BCOM.TR",188.7507
"1412",2021-04-23,"GSCI.TR",2373.131
"1413",2021-04-23,"XAUUSD.Curncy",1777.2
"1414",2021-04-23,"S.P500.TR",8674.8
"1415",2021-04-23,"ABCTRI",5611.933192
"1416",2021-04-23,"CL1.Comdty",62.14
"1417",2021-04-26,"BCOM.TR",191.145
"1418",2021-04-26,"GSCI.TR",2390.973
"1419",2021-04-26,"XAUUSD.Curncy",1781.38
"1420",2021-04-26,"S.P500.TR",8690.26
"1421",2021-04-26,"ABCTRI",5665.260882
"1422",2021-04-26,"CL1.Comdty",61.91
"1423",2021-04-27,"BCOM.TR",192.3259
"1424",2021-04-27,"GSCI.TR",2410.89
"1425",2021-04-27,"XAUUSD.Curncy",1776.6
"1426",2021-04-27,"S.P500.TR",8688.45
"1427",2021-04-27,"ABCTRI",5691.210529
"1428",2021-04-27,"CL1.Comdty",62.94
"1429",2021-04-28,"BCOM.TR",192.5651
"1430",2021-04-28,"GSCI.TR",2425.086
"1431",2021-04-28,"XAUUSD.Curncy",1781.68
"1432",2021-04-28,"S.P500.TR",8681.17
"1433",2021-04-28,"ABCTRI",5663.384629
"1434",2021-04-28,"CL1.Comdty",63.86
"1435",2021-04-29,"BCOM.TR",192.518
"1436",2021-04-29,"GSCI.TR",2443.039
"1437",2021-04-29,"XAUUSD.Curncy",1772.18
"1438",2021-04-29,"S.P500.TR",8740.35
"1439",2021-04-29,"ABCTRI",5657.828055
"1440",2021-04-29,"CL1.Comdty",65.01
"1441",2021-04-30,"BCOM.TR",192.933
"1442",2021-04-30,"GSCI.TR",2429.595
"1443",2021-04-30,"XAUUSD.Curncy",1769.13
"1444",2021-04-30,"S.P500.TR",8678.16
"1445",2021-04-30,"ABCTRI",5665.204573
"1446",2021-04-30,"CL1.Comdty",63.58
"1447",2021-05-03,"BCOM.TR",194.2232
"1448",2021-05-03,"GSCI.TR",2447.71
"1449",2021-05-03,"XAUUSD.Curncy",1792.88
"1450",2021-05-03,"S.P500.TR",8702.02
"1451",2021-05-03,"ABCTRI",5689.3037
"1452",2021-05-03,"CL1.Comdty",64.49
"1453",2021-05-04,"BCOM.TR",195.6928
"1454",2021-05-04,"GSCI.TR",2480.836
"1455",2021-05-04,"XAUUSD.Curncy",1779.06
"1456",2021-05-04,"S.P500.TR",8643.91
"1457",2021-05-04,"ABCTRI",5744.234696
"1458",2021-05-04,"CL1.Comdty",65.69
"1459",2021-05-05,"BCOM.TR",196.9134
"1460",2021-05-05,"GSCI.TR",2493.725
"1461",2021-05-05,"XAUUSD.Curncy",1786.87
"1462",2021-05-05,"S.P500.TR",8650.04
"1463",2021-05-05,"ABCTRI",5794.446228
"1464",2021-05-05,"CL1.Comdty",65.63
"1465",2021-05-06,"BCOM.TR",198.2924
"1466",2021-05-06,"GSCI.TR",2492.064
"1467",2021-05-06,"XAUUSD.Curncy",1815.22
"1468",2021-05-06,"S.P500.TR",8722.04
"1469",2021-05-06,"ABCTRI",5844.151349
"1470",2021-05-06,"CL1.Comdty",64.71
"1471",2021-05-07,"BCOM.TR",200.1375
"1472",2021-05-07,"GSCI.TR",2511.608
"1473",2021-05-07,"XAUUSD.Curncy",1831.24
"1474",2021-05-07,"S.P500.TR",8787.82
"1475",2021-05-07,"ABCTRI",5894.662351
"1476",2021-05-07,"CL1.Comdty",64.9
"1477",2021-05-10,"BCOM.TR",198.9002
"1478",2021-05-10,"GSCI.TR",2500.641
"1479",2021-05-10,"XAUUSD.Curncy",1836.07
"1480",2021-05-10,"S.P500.TR",8696.29
"1481",2021-05-10,"ABCTRI",5843.603074
"1482",2021-05-10,"CL1.Comdty",64.92
"1483",2021-05-11,"BCOM.TR",200.4157
"1484",2021-05-11,"GSCI.TR",2517.145
"1485",2021-05-11,"XAUUSD.Curncy",1837.47
"1486",2021-05-11,"S.P500.TR",8620.98
"1487",2021-05-11,"ABCTRI",5877.326053
"1488",2021-05-11,"CL1.Comdty",65.28
"1489",2021-05-12,"BCOM.TR",200.4417
"1490",2021-05-12,"GSCI.TR",2527.267
"1491",2021-05-12,"XAUUSD.Curncy",1815.69
"1492",2021-05-12,"S.P500.TR",8437.24
"1493",2021-05-12,"ABCTRI",5867.217694
"1494",2021-05-12,"CL1.Comdty",66.08
"1495",2021-05-13,"BCOM.TR",195.7951
"1496",2021-05-13,"GSCI.TR",2453.892
"1497",2021-05-13,"XAUUSD.Curncy",1826.72
"1498",2021-05-13,"S.P500.TR",8541.39
"1499",2021-05-13,"ABCTRI",5735.055272
"1500",2021-05-13,"CL1.Comdty",63.82
"1501",2021-05-14,"BCOM.TR",196.3963
"1502",2021-05-14,"GSCI.TR",2470.549
"1503",2021-05-14,"XAUUSD.Curncy",1843.43
"1504",2021-05-14,"S.P500.TR",8669.49
"1505",2021-05-14,"ABCTRI",5731.221021
"1506",2021-05-14,"CL1.Comdty",65.37
"1507",2021-05-17,"BCOM.TR",199.1039
"1508",2021-05-17,"GSCI.TR",2498.985
"1509",2021-05-17,"XAUUSD.Curncy",1866.9
"1510",2021-05-17,"S.P500.TR",8647.57
"1511",2021-05-17,"ABCTRI",5752.35011
"1512",2021-05-17,"CL1.Comdty",66.27
"1513",2021-05-18,"BCOM.TR",198.8929
"1514",2021-05-18,"GSCI.TR",2491.796
"1515",2021-05-18,"XAUUSD.Curncy",1869.44
"1516",2021-05-18,"S.P500.TR",8574.98
"1517",2021-05-18,"ABCTRI",5769.385065
"1518",2021-05-18,"CL1.Comdty",65.49
"1519",2021-05-19,"BCOM.TR",195.2414
"1520",2021-05-19,"GSCI.TR",2434.328
"1521",2021-05-19,"XAUUSD.Curncy",1869.62
"1522",2021-05-19,"S.P500.TR",8550.95
"1523",2021-05-19,"ABCTRI",5682.366415
"1524",2021-05-19,"CL1.Comdty",63.36
"1525",2021-05-20,"BCOM.TR",194.0613
"1526",2021-05-20,"GSCI.TR",2410.267
"1527",2021-05-20,"XAUUSD.Curncy",1877.21
"1528",2021-05-20,"S.P500.TR",8641.98
"1529",2021-05-20,"ABCTRI",5662.838463
"1530",2021-05-20,"CL1.Comdty",62.05
"1531",2021-05-21,"BCOM.TR",194.0743
"1532",2021-05-21,"GSCI.TR",2429.319
"1533",2021-05-21,"XAUUSD.Curncy",1881.25
"1534",2021-05-21,"S.P500.TR",8635.55
"1535",2021-05-21,"ABCTRI",5660.33172
"1536",2021-05-21,"CL1.Comdty",63.58
"1537",2021-05-24,"BCOM.TR",195.543
"1538",2021-05-24,"GSCI.TR",2466.978
"1539",2021-05-24,"XAUUSD.Curncy",1881.02
"1540",2021-05-24,"S.P500.TR",8722
"1541",2021-05-24,"ABCTRI",5693.526812
"1542",2021-05-24,"CL1.Comdty",66.05
"1543",2021-05-25,"BCOM.TR",195.1312
"1544",2021-05-25,"GSCI.TR",2458.652
"1545",2021-05-25,"XAUUSD.Curncy",1899.25
"1546",2021-05-25,"S.P500.TR",8703.59
"1547",2021-05-25,"ABCTRI",5670.759186
"1548",2021-05-25,"CL1.Comdty",66.07
"1549",2021-05-26,"BCOM.TR",195.59
"1550",2021-05-26,"GSCI.TR",2465.285
"1551",2021-05-26,"XAUUSD.Curncy",1896.67
"1552",2021-05-26,"S.P500.TR",8720.04
"1553",2021-05-26,"ABCTRI",5674.17353
"1554",2021-05-26,"CL1.Comdty",66.21
"1555",2021-05-27,"BCOM.TR",198.1493
"1556",2021-05-27,"GSCI.TR",2499.917
"1557",2021-05-27,"XAUUSD.Curncy",1896.54
"1558",2021-05-27,"S.P500.TR",8730.97
"1559",2021-05-27,"ABCTRI",5753.076757
"1560",2021-05-27,"CL1.Comdty",66.85
"1561",2021-05-28,"BCOM.TR",198.197
"1562",2021-05-28,"GSCI.TR",2490.862
"1563",2021-05-28,"XAUUSD.Curncy",1903.77
"1564",2021-05-28,"S.P500.TR",8738.77
"1565",2021-05-28,"ABCTRI",5730.988018
"1566",2021-05-28,"CL1.Comdty",66.32
"1567",2021-05-31,"BCOM.TR",198.197
"1568",2021-05-31,"GSCI.TR",2490.862
"1569",2021-05-31,"XAUUSD.Curncy",1906.87
"1570",2021-05-31,"S.P500.TR",8738.77
"1571",2021-05-31,"ABCTRI",5731.192923
"1572",2021-05-31,"CL1.Comdty",66.32
"1573",2021-06-01,"BCOM.TR",201.0025
"1574",2021-06-01,"GSCI.TR",2533.345
"1575",2021-06-01,"XAUUSD.Curncy",1900.44
"1576",2021-06-01,"S.P500.TR",8734.74
"1577",2021-06-01,"ABCTRI",5816.501701
"1578",2021-06-01,"CL1.Comdty",67.72
"1579",2021-06-02,"BCOM.TR",201.6582
"1580",2021-06-02,"GSCI.TR",2548.443
"1581",2021-06-02,"XAUUSD.Curncy",1908.38
"1582",2021-06-02,"S.P500.TR",8748.3
"1583",2021-06-02,"ABCTRI",5829.625614
"1584",2021-06-02,"CL1.Comdty",68.83
"1585",2021-06-03,"BCOM.TR",199.132
"1586",2021-06-03,"GSCI.TR",2528.329
"1587",2021-06-03,"XAUUSD.Curncy",1870.76
"1588",2021-06-03,"S.P500.TR",8717.97
"1589",2021-06-03,"ABCTRI",5792.040981
"1590",2021-06-03,"CL1.Comdty",68.81
"1591",2021-06-04,"BCOM.TR",202.1676
"1592",2021-06-04,"GSCI.TR",2560.488
"1593",2021-06-04,"XAUUSD.Curncy",1891.59
"1594",2021-06-04,"S.P500.TR",8795.08
"1595",2021-06-04,"ABCTRI",5858.215162
"1596",2021-06-04,"CL1.Comdty",69.62
"1597",2021-06-07,"BCOM.TR",201.0467
"1598",2021-06-07,"GSCI.TR",2546.315
"1599",2021-06-07,"XAUUSD.Curncy",1899.21
"1600",2021-06-07,"S.P500.TR",8788.28
"1601",2021-06-07,"ABCTRI",5852.945284
"1602",2021-06-07,"CL1.Comdty",69.23
"1603",2021-06-08,"BCOM.TR",202.3583
"1604",2021-06-08,"GSCI.TR",2566.406
"1605",2021-06-08,"XAUUSD.Curncy",1892.89
"1606",2021-06-08,"S.P500.TR",8790
"1607",2021-06-08,"ABCTRI",5892.830762
"1608",2021-06-08,"CL1.Comdty",70.05
"1609",2021-06-09,"BCOM.TR",202.4219
"1610",2021-06-09,"GSCI.TR",2567.923
"1611",2021-06-09,"XAUUSD.Curncy",1888.57
"1612",2021-06-09,"S.P500.TR",8774.31
"1613",2021-06-09,"ABCTRI",5891.569701
"1614",2021-06-09,"CL1.Comdty",69.96
"1615",2021-06-10,"BCOM.TR",202.9024
"1616",2021-06-10,"GSCI.TR",2576.521
"1617",2021-06-10,"XAUUSD.Curncy",1898.51
"1618",2021-06-10,"S.P500.TR",8815.56
"1619",2021-06-10,"ABCTRI",5907.340124
"1620",2021-06-10,"CL1.Comdty",70.29
"1621",2021-06-11,"BCOM.TR",202.8213
"1622",2021-06-11,"GSCI.TR",2578.6
"1623",2021-06-11,"XAUUSD.Curncy",1877.53
"1624",2021-06-11,"S.P500.TR",8832.94
"1625",2021-06-11,"ABCTRI",5887.842661
"1626",2021-06-11,"CL1.Comdty",70.91
"1627",2021-06-14,"BCOM.TR",201.3778
"1628",2021-06-14,"GSCI.TR",2566.492
"1629",2021-06-14,"XAUUSD.Curncy",1866.18
"1630",2021-06-14,"S.P500.TR",8851.17
"1631",2021-06-14,"ABCTRI",5826.36754
"1632",2021-06-14,"CL1.Comdty",70.88
"1633",2021-06-15,"BCOM.TR",199.7299
"1634",2021-06-15,"GSCI.TR",2567.245
"1635",2021-06-15,"XAUUSD.Curncy",1859.02
"1636",2021-06-15,"S.P500.TR",8833.68
"1637",2021-06-15,"ABCTRI",5782.636206
"1638",2021-06-15,"CL1.Comdty",72.12
"1639",2021-06-16,"BCOM.TR",199.4573
"1640",2021-06-16,"GSCI.TR",2568.702
"1641",2021-06-16,"XAUUSD.Curncy",1811.47
"1642",2021-06-16,"S.P500.TR",8786.18
"1643",2021-06-16,"ABCTRI",5773.13008
"1644",2021-06-16,"CL1.Comdty",72.15
"1645",2021-06-17,"BCOM.TR",192.3843
"1646",2021-06-17,"GSCI.TR",2498.543
"1647",2021-06-17,"XAUUSD.Curncy",1773.5
"1648",2021-06-17,"S.P500.TR",8782.58
"1649",2021-06-17,"ABCTRI",5628.118096
"1650",2021-06-17,"CL1.Comdty",71.04
"1651",2021-06-18,"BCOM.TR",194.1591
"1652",2021-06-18,"GSCI.TR",2520.482
"1653",2021-06-18,"XAUUSD.Curncy",1764.16
"1654",2021-06-18,"S.P500.TR",8667.76
"1655",2021-06-18,"ABCTRI",5699.719345
"1656",2021-06-18,"CL1.Comdty",71.64
"1657",2021-06-21,"BCOM.TR",195.4972
"1658",2021-06-21,"GSCI.TR",2547.102
"1659",2021-06-21,"XAUUSD.Curncy",1783.27
"1660",2021-06-21,"S.P500.TR",8789.52
"1661",2021-06-21,"ABCTRI",5724.473088
"1662",2021-06-21,"CL1.Comdty",73.66
"1663",2021-06-22,"BCOM.TR",195.4234
"1664",2021-06-22,"GSCI.TR",2546.249
"1665",2021-06-22,"XAUUSD.Curncy",1778.74
"1666",2021-06-22,"S.P500.TR",8834.56
"1667",2021-06-22,"ABCTRI",5715.291657
"1668",2021-06-22,"CL1.Comdty",73.06
"1669",2021-06-23,"BCOM.TR",196.975
"1670",2021-06-23,"GSCI.TR",2560.79
"1671",2021-06-23,"XAUUSD.Curncy",1778.68
"1672",2021-06-23,"S.P500.TR",8825.01
"1673",2021-06-23,"ABCTRI",5757.822757
"1674",2021-06-23,"CL1.Comdty",73.08
"1675",2021-06-24,"BCOM.TR",197.1988
"1676",2021-06-24,"GSCI.TR",2562.193
"1677",2021-06-24,"XAUUSD.Curncy",1775.17
"1678",2021-06-24,"S.P500.TR",8877.06
"1679",2021-06-24,"ABCTRI",5757.7431
"1680",2021-06-24,"CL1.Comdty",73.3
"1681",2021-06-25,"BCOM.TR",197.3719
"1682",2021-06-25,"GSCI.TR",2568.646
"1683",2021-06-25,"XAUUSD.Curncy",1781.44
"1684",2021-06-25,"S.P500.TR",8906.79
"1685",2021-06-25,"ABCTRI",5738.238932
"1686",2021-06-25,"CL1.Comdty",74.05
"1687",2021-06-28,"BCOM.TR",198.7168
"1688",2021-06-28,"GSCI.TR",2563.318
"1689",2021-06-28,"XAUUSD.Curncy",1778.48
"1690",2021-06-28,"S.P500.TR",8927.4
"1691",2021-06-28,"ABCTRI",5772.870128
"1692",2021-06-28,"CL1.Comdty",72.91
"1693",2021-06-29,"BCOM.TR",198.9993
"1694",2021-06-29,"GSCI.TR",2568.97
"1695",2021-06-29,"XAUUSD.Curncy",1761.24
"1696",2021-06-29,"S.P500.TR",8930.67
"1697",2021-06-29,"ABCTRI",5771.598952
"1698",2021-06-29,"CL1.Comdty",72.98
"1699",2021-06-30,"BCOM.TR",201.8662
"1700",2021-06-30,"GSCI.TR",2597.793
"1701",2021-06-30,"XAUUSD.Curncy",1770.11
"1702",2021-06-30,"S.P500.TR",8942.78
"1703",2021-06-30,"ABCTRI",5842.154939
"1704",2021-06-30,"CL1.Comdty",73.47
"1705",2021-07-01,"BCOM.TR",202.1823
"1706",2021-07-01,"GSCI.TR",2619.852
"1707",2021-07-01,"XAUUSD.Curncy",1776.84
"1708",2021-07-01,"S.P500.TR",8990.08
"1709",2021-07-01,"ABCTRI",5844.026959
"1710",2021-07-01,"CL1.Comdty",75.23
"1711",2021-07-02,"BCOM.TR",202.7936
"1712",2021-07-02,"GSCI.TR",2624.366
"1713",2021-07-02,"XAUUSD.Curncy",1787.3
"1714",2021-07-02,"S.P500.TR",9058.66
"1715",2021-07-02,"ABCTRI",5867.837023
"1716",2021-07-02,"CL1.Comdty",75.16
"1717",2021-07-05,"BCOM.TR",202.7936
"1718",2021-07-05,"GSCI.TR",2624.366
"1719",2021-07-05,"XAUUSD.Curncy",1791.77
"1720",2021-07-05,"S.P500.TR",9058.66
"1721",2021-07-05,"ABCTRI",5868.048629
"1722",2021-07-05,"CL1.Comdty",75.16
"1723",2021-07-06,"BCOM.TR",198.1437
"1724",2021-07-06,"GSCI.TR",2563.191
"1725",2021-07-06,"XAUUSD.Curncy",1797.08
"1726",2021-07-06,"S.P500.TR",9040.76
"1727",2021-07-06,"ABCTRI",5751.505619
"1728",2021-07-06,"CL1.Comdty",73.37
"1729",2021-07-07,"BCOM.TR",197.4553
"1730",2021-07-07,"GSCI.TR",2538.991
"1731",2021-07-07,"XAUUSD.Curncy",1803.63
"1732",2021-07-07,"S.P500.TR",9071.14
"1733",2021-07-07,"ABCTRI",5745.161204
"1734",2021-07-07,"CL1.Comdty",72.2
"1735",2021-07-08,"BCOM.TR",197.6729
"1736",2021-07-08,"GSCI.TR",2547.741
"1737",2021-07-08,"XAUUSD.Curncy",1802.83
"1738",2021-07-08,"S.P500.TR",8995.26
"1739",2021-07-08,"ABCTRI",5735.549624
"1740",2021-07-08,"CL1.Comdty",72.94
"1741",2021-07-09,"BCOM.TR",199.6381
"1742",2021-07-09,"GSCI.TR",2583.979
"1743",2021-07-09,"XAUUSD.Curncy",1808.32
"1744",2021-07-09,"S.P500.TR",9096.84
"1745",2021-07-09,"ABCTRI",5770.466213
"1746",2021-07-09,"CL1.Comdty",74.56
"1747",2021-07-12,"BCOM.TR",200.641
"1748",2021-07-12,"GSCI.TR",2587.051
"1749",2021-07-12,"XAUUSD.Curncy",1806.28
"1750",2021-07-12,"S.P500.TR",9128.22
"1751",2021-07-12,"ABCTRI",5797.009607
"1752",2021-07-12,"CL1.Comdty",74.1
"1753",2021-07-13,"BCOM.TR",201.7395
"1754",2021-07-13,"GSCI.TR",2614.229
"1755",2021-07-13,"XAUUSD.Curncy",1807.76
"1756",2021-07-13,"S.P500.TR",9096.15
"1757",2021-07-13,"ABCTRI",5820.857854
"1758",2021-07-13,"CL1.Comdty",75.25
"1759",2021-07-14,"BCOM.TR",201.5873
"1760",2021-07-14,"GSCI.TR",2591.344
"1761",2021-07-14,"XAUUSD.Curncy",1827.53
"1762",2021-07-14,"S.P500.TR",9107.85
"1763",2021-07-14,"ABCTRI",5831.496326
"1764",2021-07-14,"CL1.Comdty",73.13
"1765",2021-07-15,"BCOM.TR",200.9895
"1766",2021-07-15,"GSCI.TR",2571.394
"1767",2021-07-15,"XAUUSD.Curncy",1829.47
"1768",2021-07-15,"S.P500.TR",9078.33
"1769",2021-07-15,"ABCTRI",5830.374017
"1770",2021-07-15,"CL1.Comdty",71.65
"1771",2021-07-16,"BCOM.TR",201.6343
"1772",2021-07-16,"GSCI.TR",2575.469
"1773",2021-07-16,"XAUUSD.Curncy",1812.05
"1774",2021-07-16,"S.P500.TR",9009.89
"1775",2021-07-16,"ABCTRI",5859.165101
"1776",2021-07-16,"CL1.Comdty",71.81
"1777",2021-07-19,"BCOM.TR",196.6379
"1778",2021-07-19,"GSCI.TR",2469.834
"1779",2021-07-19,"XAUUSD.Curncy",1812.64
"1780",2021-07-19,"S.P500.TR",8867.07
"1781",2021-07-19,"ABCTRI",5729.76059
"1782",2021-07-19,"CL1.Comdty",66.42
"1783",2021-07-20,"BCOM.TR",199.2469
"1784",2021-07-20,"GSCI.TR",2499.682
"1785",2021-07-20,"XAUUSD.Curncy",1810.36
"1786",2021-07-20,"S.P500.TR",9001.77
"1787",2021-07-20,"ABCTRI",5787.4851
"1788",2021-07-20,"CL1.Comdty",67.42
"1789",2021-07-21,"BCOM.TR",202.2113
"1790",2021-07-21,"GSCI.TR",2562.164
"1791",2021-07-21,"XAUUSD.Curncy",1803.66
"1792",2021-07-21,"S.P500.TR",9075.97
"1793",2021-07-21,"ABCTRI",5855.713813
"1794",2021-07-21,"CL1.Comdty",70.3
"1795",2021-07-22,"BCOM.TR",203.932
"1796",2021-07-22,"GSCI.TR",2592.612
"1797",2021-07-22,"XAUUSD.Curncy",1806.92
"1798",2021-07-22,"S.P500.TR",9094.95
"1799",2021-07-22,"ABCTRI",5871.978988
"1800",2021-07-22,"CL1.Comdty",71.91
"1801",2021-07-23,"BCOM.TR",204.3231
"1802",2021-07-23,"GSCI.TR",2596.505
"1803",2021-07-23,"XAUUSD.Curncy",1802.15
"1804",2021-07-23,"S.P500.TR",9187.64
"1805",2021-07-23,"ABCTRI",5874.883419
"1806",2021-07-23,"CL1.Comdty",72.07
"1807",2021-07-26,"BCOM.TR",206.3586
"1808",2021-07-26,"GSCI.TR",2610.387
"1809",2021-07-26,"XAUUSD.Curncy",1797.63
"1810",2021-07-26,"S.P500.TR",9209.63
"1811",2021-07-26,"ABCTRI",5908.178501
"1812",2021-07-26,"CL1.Comdty",71.91
"1813",2021-07-27,"BCOM.TR",204.6344
"1814",2021-07-27,"GSCI.TR",2598.662
"1815",2021-07-27,"XAUUSD.Curncy",1799.09
"1816",2021-07-27,"S.P500.TR",9166.27
"1817",2021-07-27,"ABCTRI",5895.833187
"1818",2021-07-27,"CL1.Comdty",71.65
"1819",2021-07-28,"BCOM.TR",205.3746
"1820",2021-07-28,"GSCI.TR",2611.614
"1821",2021-07-28,"XAUUSD.Curncy",1807.11
"1822",2021-07-28,"S.P500.TR",9164.62
"1823",2021-07-28,"ABCTRI",5919.320825
"1824",2021-07-28,"CL1.Comdty",72.39
"1825",2021-07-29,"BCOM.TR",208.2043
"1826",2021-07-29,"GSCI.TR",2649.454
"1827",2021-07-29,"XAUUSD.Curncy",1828.17
"1828",2021-07-29,"S.P500.TR",9204.25
"1829",2021-07-29,"ABCTRI",5969.284751
"1830",2021-07-29,"CL1.Comdty",73.62
"1831",2021-07-30,"BCOM.TR",205.5776
"1832",2021-07-30,"GSCI.TR",2638.689
"1833",2021-07-30,"XAUUSD.Curncy",1814.19
"1834",2021-07-30,"S.P500.TR",9155.21
"1835",2021-07-30,"ABCTRI",5934.797771
"1836",2021-07-30,"CL1.Comdty",73.95
"1837",2021-08-02,"BCOM.TR",204.4508
"1838",2021-08-02,"GSCI.TR",2601.279
"1839",2021-08-02,"XAUUSD.Curncy",1813.47
"1840",2021-08-02,"S.P500.TR",9138.36
"1841",2021-08-02,"ABCTRI",5928.707704
"1842",2021-08-02,"CL1.Comdty",71.26
"1843",2021-08-03,"BCOM.TR",203.5977
"1844",2021-08-03,"GSCI.TR",2585.17
"1845",2021-08-03,"XAUUSD.Curncy",1810.44
"1846",2021-08-03,"S.P500.TR",9213.35
"1847",2021-08-03,"ABCTRI",5907.87865
"1848",2021-08-03,"CL1.Comdty",70.56
"1849",2021-08-04,"BCOM.TR",202.5423
"1850",2021-08-04,"GSCI.TR",2544.964
"1851",2021-08-04,"XAUUSD.Curncy",1811.74
"1852",2021-08-04,"S.P500.TR",9170.76
"1853",2021-08-04,"ABCTRI",5878.957423
"1854",2021-08-04,"CL1.Comdty",68.15
"1855",2021-08-05,"BCOM.TR",203.5006
"1856",2021-08-05,"GSCI.TR",2565.155
"1857",2021-08-05,"XAUUSD.Curncy",1804.41
"1858",2021-08-05,"S.P500.TR",9226.49
"1859",2021-08-05,"ABCTRI",5916.734095
"1860",2021-08-05,"CL1.Comdty",69.09
"1861",2021-08-06,"BCOM.TR",202.1843
"1862",2021-08-06,"GSCI.TR",2548.298
"1863",2021-08-06,"XAUUSD.Curncy",1763.03
"1864",2021-08-06,"S.P500.TR",9243.03
"1865",2021-08-06,"ABCTRI",5919.840737
"1866",2021-08-06,"CL1.Comdty",68.28
"1867",2021-08-09,"BCOM.TR",198.851
"1868",2021-08-09,"GSCI.TR",2501.675
"1869",2021-08-09,"XAUUSD.Curncy",1729.94
"1870",2021-08-09,"S.P500.TR",9235.05
"1871",2021-08-09,"ABCTRI",5861.229457
"1872",2021-08-09,"CL1.Comdty",66.48
"1873",2021-08-10,"BCOM.TR",201.537
"1874",2021-08-10,"GSCI.TR",2545.934
"1875",2021-08-10,"XAUUSD.Curncy",1728.93
"1876",2021-08-10,"S.P500.TR",9244.22
"1877",2021-08-10,"ABCTRI",5934.411245
"1878",2021-08-10,"CL1.Comdty",68.29
"1879",2021-08-11,"BCOM.TR",202.7755
"1880",2021-08-11,"GSCI.TR",2565.597
"1881",2021-08-11,"XAUUSD.Curncy",1751.7
"1882",2021-08-11,"S.P500.TR",9267.4
"1883",2021-08-11,"ABCTRI",5953.191881
"1884",2021-08-11,"CL1.Comdty",69.25
"1885",2021-08-12,"BCOM.TR",202.8138
"1886",2021-08-12,"GSCI.TR",2570.54
"1887",2021-08-12,"XAUUSD.Curncy",1752.9
"1888",2021-08-12,"S.P500.TR",9297.2
"1889",2021-08-12,"ABCTRI",5987.935816
"1890",2021-08-12,"CL1.Comdty",69.09
"1891",2021-08-13,"BCOM.TR",203.2211
"1892",2021-08-13,"GSCI.TR",2565.054
"1893",2021-08-13,"XAUUSD.Curncy",1779.74
"1894",2021-08-13,"S.P500.TR",9312.51
"1895",2021-08-13,"ABCTRI",6001.397947
"1896",2021-08-13,"CL1.Comdty",68.44
"1897",2021-08-16,"BCOM.TR",202.9123
"1898",2021-08-16,"GSCI.TR",2544.429
"1899",2021-08-16,"XAUUSD.Curncy",1787.45
"1900",2021-08-16,"S.P500.TR",9337.18
"1901",2021-08-16,"ABCTRI",5977.726021
"1902",2021-08-16,"CL1.Comdty",67.29
"1903",2021-08-17,"BCOM.TR",200.7086
"1904",2021-08-17,"GSCI.TR",2519.541
"1905",2021-08-17,"XAUUSD.Curncy",1786.19
"1906",2021-08-17,"S.P500.TR",9271.83
"1907",2021-08-17,"ABCTRI",5934.375615
"1908",2021-08-17,"CL1.Comdty",66.59
"1909",2021-08-18,"BCOM.TR",199.6405
"1910",2021-08-18,"GSCI.TR",2499.32
"1911",2021-08-18,"XAUUSD.Curncy",1787.82
"1912",2021-08-18,"S.P500.TR",9173.93
"1913",2021-08-18,"ABCTRI",5916.543676
"1914",2021-08-18,"CL1.Comdty",65.46
"1915",2021-08-19,"BCOM.TR",196.2726
"1916",2021-08-19,"GSCI.TR",2446.075
"1917",2021-08-19,"XAUUSD.Curncy",1780.38
"1918",2021-08-19,"S.P500.TR",9186.07
"1919",2021-08-19,"ABCTRI",5828.873218
"1920",2021-08-19,"CL1.Comdty",63.69
"1921",2021-08-20,"BCOM.TR",194.6618
"1922",2021-08-20,"GSCI.TR",2416.896
"1923",2021-08-20,"XAUUSD.Curncy",1781.11
"1924",2021-08-20,"S.P500.TR",9261.31
"1925",2021-08-20,"ABCTRI",5777.921424
"1926",2021-08-20,"CL1.Comdty",62.32
"1927",2021-08-23,"BCOM.TR",198.8823
"1928",2021-08-23,"GSCI.TR",2496.2
"1929",2021-08-23,"XAUUSD.Curncy",1805.43
"1930",2021-08-23,"S.P500.TR",9341.09
"1931",2021-08-23,"ABCTRI",5856.750133
"1932",2021-08-23,"CL1.Comdty",65.64
"1933",2021-08-24,"BCOM.TR",201.5394
"1934",2021-08-24,"GSCI.TR",2542.423
"1935",2021-08-24,"XAUUSD.Curncy",1802.9
"1936",2021-08-24,"S.P500.TR",9355.11
"1937",2021-08-24,"ABCTRI",5922.115131
"1938",2021-08-24,"CL1.Comdty",67.54
"1939",2021-08-25,"BCOM.TR",202.3549
"1940",2021-08-25,"GSCI.TR",2563.058
"1941",2021-08-25,"XAUUSD.Curncy",1791
"1942",2021-08-25,"S.P500.TR",9376
"1943",2021-08-25,"ABCTRI",5954.30713
"1944",2021-08-25,"CL1.Comdty",68.36
"1945",2021-08-26,"BCOM.TR",202.7586
"1946",2021-08-26,"GSCI.TR",2549.678
"1947",2021-08-26,"XAUUSD.Curncy",1792.43
"1948",2021-08-26,"S.P500.TR",9321.74
"1949",2021-08-26,"ABCTRI",5935.529138
"1950",2021-08-26,"CL1.Comdty",67.42
"1951",2021-08-27,"BCOM.TR",205.7474
"1952",2021-08-27,"GSCI.TR",2586.401
"1953",2021-08-27,"XAUUSD.Curncy",1817.57
"1954",2021-08-27,"S.P500.TR",9404.15
"1955",2021-08-27,"ABCTRI",5981.409512
"1956",2021-08-27,"CL1.Comdty",68.74
"1957",2021-08-30,"BCOM.TR",205.3819
"1958",2021-08-30,"GSCI.TR",2589.346
"1959",2021-08-30,"XAUUSD.Curncy",1810.34
"1960",2021-08-30,"S.P500.TR",9445.24
"1961",2021-08-30,"ABCTRI",5978.413125
"1962",2021-08-30,"CL1.Comdty",69.21
"1963",2021-08-31,"BCOM.TR",204.9696
"1964",2021-08-31,"GSCI.TR",2577.953
"1965",2021-08-31,"XAUUSD.Curncy",1813.62
"1966",2021-08-31,"S.P500.TR",9433.58
"1967",2021-08-31,"ABCTRI",5959.470597
"1968",2021-08-31,"CL1.Comdty",68.5
"1969",2021-09-01,"BCOM.TR",205.141
"1970",2021-09-01,"GSCI.TR",2571.697
"1971",2021-09-01,"XAUUSD.Curncy",1813.9
"1972",2021-09-01,"S.P500.TR",9437.15
"1973",2021-09-01,"ABCTRI",5937.440605
"1974",2021-09-01,"CL1.Comdty",68.59
"1975",2021-09-02,"BCOM.TR",206.5252
"1976",2021-09-02,"GSCI.TR",2603.753
"1977",2021-09-02,"XAUUSD.Curncy",1809.66
"1978",2021-09-02,"S.P500.TR",9465.47
"1979",2021-09-02,"ABCTRI",5979.538417
"1980",2021-09-02,"CL1.Comdty",69.99
"1981",2021-09-03,"BCOM.TR",207.3849
"1982",2021-09-03,"GSCI.TR",2599.987
"1983",2021-09-03,"XAUUSD.Curncy",1827.73
"1984",2021-09-03,"S.P500.TR",9462.54
"1985",2021-09-03,"ABCTRI",5982.451077
"1986",2021-09-03,"CL1.Comdty",69.29
"1987",2021-09-06,"BCOM.TR",207.3849
"1988",2021-09-06,"GSCI.TR",2599.987
"1989",2021-09-06,"XAUUSD.Curncy",1823.29
"1990",2021-09-06,"S.P500.TR",9462.54
"1991",2021-09-06,"ABCTRI",5982.672348
"1992",2021-09-06,"CL1.Comdty",69.29
"1993",2021-09-07,"BCOM.TR",204.5582
"1994",2021-09-07,"GSCI.TR",2566.873
"1995",2021-09-07,"XAUUSD.Curncy",1794.36
"1996",2021-09-07,"S.P500.TR",9430.68
"1997",2021-09-07,"ABCTRI",5938.755937
"1998",2021-09-07,"CL1.Comdty",68.35
"1999",2021-09-08,"BCOM.TR",206.4726
"2000",2021-09-08,"GSCI.TR",2586.594
"2001",2021-09-08,"XAUUSD.Curncy",1789.26
"2002",2021-09-08,"S.P500.TR",9418.57
"2003",2021-09-08,"ABCTRI",5950.882165
"2004",2021-09-08,"CL1.Comdty",69.3
"2005",2021-09-09,"BCOM.TR",206.2111
"2006",2021-09-09,"GSCI.TR",2569.494
"2007",2021-09-09,"XAUUSD.Curncy",1794.58
"2008",2021-09-09,"S.P500.TR",9375.99
"2009",2021-09-09,"ABCTRI",5928.549381
"2010",2021-09-09,"CL1.Comdty",68.14
"2011",2021-09-10,"BCOM.TR",207.3624
"2012",2021-09-10,"GSCI.TR",2601.889
"2013",2021-09-10,"XAUUSD.Curncy",1787.58
"2014",2021-09-10,"S.P500.TR",9304.03
"2015",2021-09-10,"ABCTRI",5977.803499
"2016",2021-09-10,"CL1.Comdty",69.72
"2017",2021-09-13,"BCOM.TR",208.577
"2018",2021-09-13,"GSCI.TR",2612.904
"2019",2021-09-13,"XAUUSD.Curncy",1793.75
"2020",2021-09-13,"S.P500.TR",9325.29
"2021",2021-09-13,"ABCTRI",5982.356756
"2022",2021-09-13,"CL1.Comdty",70.45
"2023",2021-09-14,"BCOM.TR",208.9716
"2024",2021-09-14,"GSCI.TR",2616.86
"2025",2021-09-14,"XAUUSD.Curncy",1804.51
"2026",2021-09-14,"S.P500.TR",9273.99
"2027",2021-09-14,"ABCTRI",5986.63659
"2028",2021-09-14,"CL1.Comdty",70.46
"2029",2021-09-15,"BCOM.TR",212.6556
"2030",2021-09-15,"GSCI.TR",2671.236
"2031",2021-09-15,"XAUUSD.Curncy",1794.06
"2032",2021-09-15,"S.P500.TR",9352.83
"2033",2021-09-15,"ABCTRI",6030.424022
"2034",2021-09-15,"CL1.Comdty",72.61
"2035",2021-09-16,"BCOM.TR",210.5346
"2036",2021-09-16,"GSCI.TR",2659.297
"2037",2021-09-16,"XAUUSD.Curncy",1753.77
"2038",2021-09-16,"S.P500.TR",9338.61
"2039",2021-09-16,"ABCTRI",5999.420537
"2040",2021-09-16,"CL1.Comdty",72.61
"2041",2021-09-17,"BCOM.TR",208.3064
"2042",2021-09-17,"GSCI.TR",2641.048
"2043",2021-09-17,"XAUUSD.Curncy",1754.34
"2044",2021-09-17,"S.P500.TR",9253.57
"2045",2021-09-17,"ABCTRI",5964.588075
"2046",2021-09-17,"CL1.Comdty",71.97
"2047",2021-09-20,"BCOM.TR",205.1153
"2048",2021-09-20,"GSCI.TR",2595.485
"2049",2021-09-20,"XAUUSD.Curncy",1764.16
"2050",2021-09-20,"S.P500.TR",9096.52
"2051",2021-09-20,"ABCTRI",5883.896998
"2052",2021-09-20,"CL1.Comdty",70.29
"2053",2021-09-21,"BCOM.TR",204.5057
"2054",2021-09-21,"GSCI.TR",2593.274
"2055",2021-09-21,"XAUUSD.Curncy",1774.51
"2056",2021-09-21,"S.P500.TR",9089.55
"2057",2021-09-21,"ABCTRI",5902.927578
"2058",2021-09-21,"CL1.Comdty",70.56
"2059",2021-09-22,"BCOM.TR",207.4537
"2060",2021-09-22,"GSCI.TR",2643.305
"2061",2021-09-22,"XAUUSD.Curncy",1768.16
"2062",2021-09-22,"S.P500.TR",9176.08
"2063",2021-09-22,"ABCTRI",5958.828186
"2064",2021-09-22,"CL1.Comdty",72.23
"2065",2021-09-23,"BCOM.TR",209.7785
"2066",2021-09-23,"GSCI.TR",2676.163
"2067",2021-09-23,"XAUUSD.Curncy",1742.76
"2068",2021-09-23,"S.P500.TR",9287.8
"2069",2021-09-23,"ABCTRI",6005.606655
"2070",2021-09-23,"CL1.Comdty",73.3
"2071",2021-09-24,"BCOM.TR",211.3636
"2072",2021-09-24,"GSCI.TR",2694.349
"2073",2021-09-24,"XAUUSD.Curncy",1750.42
"2074",2021-09-24,"S.P500.TR",9301.49
"2075",2021-09-24,"ABCTRI",6040.985583
"2076",2021-09-24,"CL1.Comdty",73.98
"2077",2021-09-27,"BCOM.TR",215.3098
"2078",2021-09-27,"GSCI.TR",2738.284
"2079",2021-09-27,"XAUUSD.Curncy",1750.16
"2080",2021-09-27,"S.P500.TR",9275.87
"2081",2021-09-27,"ABCTRI",6087.847088
"2082",2021-09-27,"CL1.Comdty",75.45
"2083",2021-09-28,"BCOM.TR",215.5045
"2084",2021-09-28,"GSCI.TR",2732.997
"2085",2021-09-28,"XAUUSD.Curncy",1734.01
"2086",2021-09-28,"S.P500.TR",9087.47
"2087",2021-09-28,"ABCTRI",6070.423092
"2088",2021-09-28,"CL1.Comdty",75.29
"2089",2021-09-29,"BCOM.TR",212.6889
"2090",2021-09-29,"GSCI.TR",2717.848
"2091",2021-09-29,"XAUUSD.Curncy",1726.37
"2092",2021-09-29,"S.P500.TR",9102.62
"2093",2021-09-29,"ABCTRI",6082.337108
"2094",2021-09-29,"CL1.Comdty",74.83
"2095",2021-09-30,"BCOM.TR",215.1673
"2096",2021-09-30,"GSCI.TR",2733.489
"2097",2021-09-30,"XAUUSD.Curncy",1756.95
"2098",2021-09-30,"S.P500.TR",8994.83
"2099",2021-09-30,"ABCTRI",6118.543725
"2100",2021-09-30,"CL1.Comdty",75.03
"2101",2021-10-01,"BCOM.TR",215.5283
"2102",2021-10-01,"GSCI.TR",2754.096
"2103",2021-10-01,"XAUUSD.Curncy",1760.98
"2104",2021-10-01,"S.P500.TR",9098.25
"2105",2021-10-01,"ABCTRI",6149.924346
"2106",2021-10-01,"CL1.Comdty",75.88
"2107",2021-10-04,"BCOM.TR",217.934
"2108",2021-10-04,"GSCI.TR",2799.453
"2109",2021-10-04,"XAUUSD.Curncy",1769.57
"2110",2021-10-04,"S.P500.TR",8980.64
"2111",2021-10-04,"ABCTRI",6189.99242
"2112",2021-10-04,"CL1.Comdty",77.62
"2113",2021-10-05,"BCOM.TR",221.7785
"2114",2021-10-05,"GSCI.TR",2839.255
"2115",2021-10-05,"XAUUSD.Curncy",1760.18
"2116",2021-10-05,"S.P500.TR",9076.19
"2117",2021-10-05,"ABCTRI",6250.465695
"2118",2021-10-05,"CL1.Comdty",78.93
"2119",2021-10-06,"BCOM.TR",216.9507
"2120",2021-10-06,"GSCI.TR",2789.63
"2121",2021-10-06,"XAUUSD.Curncy",1762.74
"2122",2021-10-06,"S.P500.TR",9113.45
"2123",2021-10-06,"ABCTRI",6220.885259
"2124",2021-10-06,"CL1.Comdty",77.43
"2125",2021-10-07,"BCOM.TR",218.5504
"2126",2021-10-07,"GSCI.TR",2814
"2127",2021-10-07,"XAUUSD.Curncy",1755.78
"2128",2021-10-07,"S.P500.TR",9191.19
"2129",2021-10-07,"ABCTRI",6248.309531
"2130",2021-10-07,"CL1.Comdty",78.3
"2131",2021-10-08,"BCOM.TR",219.1463
"2132",2021-10-08,"GSCI.TR",2830.677
"2133",2021-10-08,"XAUUSD.Curncy",1757.13
"2134",2021-10-08,"S.P500.TR",9173.74
"2135",2021-10-08,"ABCTRI",6261.471469
"2136",2021-10-08,"CL1.Comdty",79.35
"2137",2021-10-11,"BCOM.TR",219.3448
"2138",2021-10-11,"GSCI.TR",2853.847
"2139",2021-10-11,"XAUUSD.Curncy",1754.15
"2140",2021-10-11,"S.P500.TR",9110.76
"2141",2021-10-11,"ABCTRI",6278.809991
"2142",2021-10-11,"CL1.Comdty",80.52
"2143",2021-10-12,"BCOM.TR",219.3784
"2144",2021-10-12,"GSCI.TR",2847.234
"2145",2021-10-12,"XAUUSD.Curncy",1760.18
"2146",2021-10-12,"S.P500.TR",9088.73
"2147",2021-10-12,"ABCTRI",6263.41744
"2148",2021-10-12,"CL1.Comdty",80.64
"2149",2021-10-13,"BCOM.TR",220.5488
"2150",2021-10-13,"GSCI.TR",2847.581
"2151",2021-10-13,"XAUUSD.Curncy",1792.97
"2152",2021-10-13,"S.P500.TR",9116.39
"2153",2021-10-13,"ABCTRI",6269.683391
"2154",2021-10-13,"CL1.Comdty",80.44
"2155",2021-10-14,"BCOM.TR",222.971
"2156",2021-10-14,"GSCI.TR",2880.615
"2157",2021-10-14,"XAUUSD.Curncy",1795.87
"2158",2021-10-14,"S.P500.TR",9272.97
"2159",2021-10-14,"ABCTRI",6318.303415
"2160",2021-10-14,"CL1.Comdty",81.31
"2161",2021-10-15,"BCOM.TR",223.651
"2162",2021-10-15,"GSCI.TR",2909.18
"2163",2021-10-15,"XAUUSD.Curncy",1767.62
"2164",2021-10-15,"S.P500.TR",9342.15
"2165",2021-10-15,"ABCTRI",6352.832132
"2166",2021-10-15,"CL1.Comdty",82.28
"2167",2021-10-18,"BCOM.TR",221.2786
"2168",2021-10-18,"GSCI.TR",2892.866
"2169",2021-10-18,"XAUUSD.Curncy",1764.86
"2170",2021-10-18,"S.P500.TR",9373.68
"2171",2021-10-18,"ABCTRI",6337.071192
"2172",2021-10-18,"CL1.Comdty",82.44
"2173",2021-10-19,"BCOM.TR",221.8958
"2174",2021-10-19,"GSCI.TR",2900.143
"2175",2021-10-19,"XAUUSD.Curncy",1769.29
"2176",2021-10-19,"S.P500.TR",9443.12
"2177",2021-10-19,"ABCTRI",6334.914431
"2178",2021-10-19,"CL1.Comdty",82.96
"2179",2021-10-20,"BCOM.TR",224.5405
"2180",2021-10-20,"GSCI.TR",2929.115
"2181",2021-10-20,"XAUUSD.Curncy",1782.08
"2182",2021-10-20,"S.P500.TR",9477.82
"2183",2021-10-20,"ABCTRI",6376.426711
"2184",2021-10-20,"CL1.Comdty",83.87
"2185",2021-10-21,"BCOM.TR",220.3663
"2186",2021-10-21,"GSCI.TR",2880.202
"2187",2021-10-21,"XAUUSD.Curncy",1782.9
"2188",2021-10-21,"S.P500.TR",9506.91
"2189",2021-10-21,"ABCTRI",6304.434596
"2190",2021-10-21,"CL1.Comdty",82.5
"2191",2021-10-22,"BCOM.TR",221.5713
"2192",2021-10-22,"GSCI.TR",2901.006
"2193",2021-10-22,"XAUUSD.Curncy",1792.65
"2194",2021-10-22,"S.P500.TR",9496.86
"2195",2021-10-22,"ABCTRI",6311.231858
"2196",2021-10-22,"CL1.Comdty",83.76
"2197",2021-10-25,"BCOM.TR",226.0264
"2198",2021-10-25,"GSCI.TR",2932.774
"2199",2021-10-25,"XAUUSD.Curncy",1807.73
"2200",2021-10-25,"S.P500.TR",9541.99
"2201",2021-10-25,"ABCTRI",6346.350503
"2202",2021-10-25,"CL1.Comdty",83.76
"2203",2021-10-26,"BCOM.TR",225.6806
"2204",2021-10-26,"GSCI.TR",2940.413
"2205",2021-10-26,"XAUUSD.Curncy",1792.91
"2206",2021-10-26,"S.P500.TR",9559.39
"2207",2021-10-26,"ABCTRI",6349.778469
"2208",2021-10-26,"CL1.Comdty",84.65
"2209",2021-10-27,"BCOM.TR",224.3992
"2210",2021-10-27,"GSCI.TR",2900.758
"2211",2021-10-27,"XAUUSD.Curncy",1796.81
"2212",2021-10-27,"S.P500.TR",9511.27
"2213",2021-10-27,"ABCTRI",6328.043517
"2214",2021-10-27,"CL1.Comdty",82.66
"2215",2021-10-28,"BCOM.TR",222.7357
"2216",2021-10-28,"GSCI.TR",2896.802
"2217",2021-10-28,"XAUUSD.Curncy",1798.91
"2218",2021-10-28,"S.P500.TR",9605.23
"2219",2021-10-28,"ABCTRI",6343.294533
"2220",2021-10-28,"CL1.Comdty",82.81
"2221",2021-10-29,"BCOM.TR",220.7274
"2222",2021-10-29,"GSCI.TR",2891.951
"2223",2021-10-29,"XAUUSD.Curncy",1783.38
"2224",2021-10-29,"S.P500.TR",9625.02
"2225",2021-10-29,"ABCTRI",6328.974124
"2226",2021-10-29,"CL1.Comdty",83.57
"2227",2021-11-01,"BCOM.TR",221.3366
"2228",2021-11-01,"GSCI.TR",2912.465
"2229",2021-11-01,"XAUUSD.Curncy",1793.28
"2230",2021-11-01,"S.P500.TR",9642.44
"2231",2021-11-01,"ABCTRI",6385.116073
"2232",2021-11-01,"CL1.Comdty",84.05
"2233",2021-11-02,"BCOM.TR",222.5651
"2234",2021-11-02,"GSCI.TR",2915.295
"2235",2021-11-02,"XAUUSD.Curncy",1787.76
"2236",2021-11-02,"S.P500.TR",9677.95
"2237",2021-11-02,"ABCTRI",6387.91012
"2238",2021-11-02,"CL1.Comdty",83.91
"2239",2021-11-03,"BCOM.TR",220.2465
"2240",2021-11-03,"GSCI.TR",2855.152
"2241",2021-11-03,"XAUUSD.Curncy",1769.84
"2242",2021-11-03,"S.P500.TR",9740.47
"2243",2021-11-03,"ABCTRI",6339.207767
"2244",2021-11-03,"CL1.Comdty",80.86
"2245",2021-11-04,"BCOM.TR",219.0558
"2246",2021-11-04,"GSCI.TR",2820.23
"2247",2021-11-04,"XAUUSD.Curncy",1792.04
"2248",2021-11-04,"S.P500.TR",9782.48
"2249",2021-11-04,"ABCTRI",6311.358118
"2250",2021-11-04,"CL1.Comdty",78.81
"2251",2021-11-05,"BCOM.TR",219.4015
"2252",2021-11-05,"GSCI.TR",2854.84
"2253",2021-11-05,"XAUUSD.Curncy",1818.36
"2254",2021-11-05,"S.P500.TR",9819.98
"2255",2021-11-05,"ABCTRI",6344.710594
"2256",2021-11-05,"CL1.Comdty",81.27
"2257",2021-11-08,"BCOM.TR",219.497
"2258",2021-11-08,"GSCI.TR",2868.298
"2259",2021-11-08,"XAUUSD.Curncy",1824.18
"2260",2021-11-08,"S.P500.TR",9828.81
"2261",2021-11-08,"ABCTRI",6355.052194
"2262",2021-11-08,"CL1.Comdty",81.93
"2263",2021-11-09,"BCOM.TR",218.8373
"2264",2021-11-09,"GSCI.TR",2891.038
"2265",2021-11-09,"XAUUSD.Curncy",1831.92
"2266",2021-11-09,"S.P500.TR",9795.12
"2267",2021-11-09,"ABCTRI",6388.963794
"2268",2021-11-09,"CL1.Comdty",84.15
"2269",2021-11-10,"BCOM.TR",217.8672
"2270",2021-11-10,"GSCI.TR",2857.044
"2271",2021-11-10,"XAUUSD.Curncy",1849.6
"2272",2021-11-10,"S.P500.TR",9716.72
"2273",2021-11-10,"ABCTRI",6353.305222
"2274",2021-11-10,"CL1.Comdty",81.34
"2275",2021-11-11,"BCOM.TR",220.6737
"2276",2021-11-11,"GSCI.TR",2875.645
"2277",2021-11-11,"XAUUSD.Curncy",1862.11
"2278",2021-11-11,"S.P500.TR",9722.08
"2279",2021-11-11,"ABCTRI",6388.489116
"2280",2021-11-11,"CL1.Comdty",81.59
"2281",2021-11-12,"BCOM.TR",219.5337
"2282",2021-11-12,"GSCI.TR",2861.129
"2283",2021-11-12,"XAUUSD.Curncy",1864.9
"2284",2021-11-12,"S.P500.TR",9793.22
"2285",2021-11-12,"ABCTRI",6383.39691
"2286",2021-11-12,"CL1.Comdty",80.79
"2287",2021-11-15,"BCOM.TR",220.3023
"2288",2021-11-15,"GSCI.TR",2862.72
"2289",2021-11-15,"XAUUSD.Curncy",1862.84
"2290",2021-11-15,"S.P500.TR",9793.53
"2291",2021-11-15,"ABCTRI",6376.832218
"2292",2021-11-15,"CL1.Comdty",80.88
"2293",2021-11-16,"BCOM.TR",220.6909
"2294",2021-11-16,"GSCI.TR",2864.776
"2295",2021-11-16,"XAUUSD.Curncy",1850.63
"2296",2021-11-16,"S.P500.TR",9831.91
"2297",2021-11-16,"ABCTRI",6372.609974
"2298",2021-11-16,"CL1.Comdty",80.76
"2299",2021-11-17,"BCOM.TR",218.7047
"2300",2021-11-17,"GSCI.TR",2824.878
"2301",2021-11-17,"XAUUSD.Curncy",1867.48
"2302",2021-11-17,"S.P500.TR",9808.27
"2303",2021-11-17,"ABCTRI",6359.698075
"2304",2021-11-17,"CL1.Comdty",78.36
"2305",2021-11-18,"BCOM.TR",219.0061
"2306",2021-11-18,"GSCI.TR",2838.476
"2307",2021-11-18,"XAUUSD.Curncy",1858.94
"2308",2021-11-18,"S.P500.TR",9842.35
"2309",2021-11-18,"ABCTRI",6364.495454
"2310",2021-11-18,"CL1.Comdty",79.01
"2311",2021-11-19,"BCOM.TR",218.4979
"2312",2021-11-19,"GSCI.TR",2799.492
"2313",2021-11-19,"XAUUSD.Curncy",1845.73
"2314",2021-11-19,"S.P500.TR",9828.8
"2315",2021-11-19,"ABCTRI",6332.698599
"2316",2021-11-19,"CL1.Comdty",76.1
"2317",2021-11-22,"BCOM.TR",218.0332
"2318",2021-11-22,"GSCI.TR",2820.315
"2319",2021-11-22,"XAUUSD.Curncy",1804.65
"2320",2021-11-22,"S.P500.TR",9798.29
"2321",2021-11-22,"ABCTRI",6328.503711
"2322",2021-11-22,"CL1.Comdty",76.75
"2323",2021-11-23,"BCOM.TR",220.4872
"2324",2021-11-23,"GSCI.TR",2865.331
"2325",2021-11-23,"XAUUSD.Curncy",1789.16
"2326",2021-11-23,"S.P500.TR",9814.65
"2327",2021-11-23,"ABCTRI",6367.617807
"2328",2021-11-23,"CL1.Comdty",78.5
"2329",2021-11-24,"BCOM.TR",221.2268
"2330",2021-11-24,"GSCI.TR",2868.01
"2331",2021-11-24,"XAUUSD.Curncy",1788.61
"2332",2021-11-24,"S.P500.TR",9837.6
"2333",2021-11-24,"ABCTRI",6360.545448
"2334",2021-11-24,"CL1.Comdty",78.39
"2335",2021-11-25,"BCOM.TR",221.2268
"2336",2021-11-25,"GSCI.TR",2868.01
"2337",2021-11-25,"XAUUSD.Curncy",1788.85
"2338",2021-11-25,"S.P500.TR",9837.6
"2339",2021-11-25,"ABCTRI",6360.630401
"2340",2021-11-25,"CL1.Comdty",78.39
"2341",2021-11-26,"BCOM.TR",213.7845
"2342",2021-11-26,"GSCI.TR",2665.228
"2343",2021-11-26,"XAUUSD.Curncy",1802.59
"2344",2021-11-26,"S.P500.TR",9614.25
"2345",2021-11-26,"ABCTRI",6149.971987
"2346",2021-11-26,"CL1.Comdty",68.15
"2347",2021-11-29,"BCOM.TR",210.8309
"2348",2021-11-29,"GSCI.TR",2677.822
"2349",2021-11-29,"XAUUSD.Curncy",1784.6
"2350",2021-11-29,"S.P500.TR",9741.78
"2351",2021-11-29,"ABCTRI",6164.008269
"2352",2021-11-29,"CL1.Comdty",69.95
"2353",2021-11-30,"BCOM.TR",204.591
"2354",2021-11-30,"GSCI.TR",2578.938
"2355",2021-11-30,"XAUUSD.Curncy",1774.52
"2356",2021-11-30,"S.P500.TR",9558.33
"2357",2021-11-30,"ABCTRI",6040.065167
"2358",2021-11-30,"CL1.Comdty",66.18
"2359",2021-12-01,"BCOM.TR",203.3212
"2360",2021-12-01,"GSCI.TR",2573.235
"2361",2021-12-01,"XAUUSD.Curncy",1781.73
"2362",2021-12-01,"S.P500.TR",9446.21
"2363",2021-12-01,"ABCTRI",6030.97978
"2364",2021-12-01,"CL1.Comdty",65.57
"2365",2021-12-02,"BCOM.TR",203.1402
"2366",2021-12-02,"GSCI.TR",2587.565
"2367",2021-12-02,"XAUUSD.Curncy",1768.74
"2368",2021-12-02,"S.P500.TR",9581.79
"2369",2021-12-02,"ABCTRI",6032.026249
"2370",2021-12-02,"CL1.Comdty",66.5
"2371",2021-12-03,"BCOM.TR",204.5839
"2372",2021-12-03,"GSCI.TR",2592.321
"2373",2021-12-03,"XAUUSD.Curncy",1783.29
"2374",2021-12-03,"S.P500.TR",9501.28
"2375",2021-12-03,"ABCTRI",6044.410128
"2376",2021-12-03,"CL1.Comdty",66.26
"2377",2021-12-06,"BCOM.TR",204.376
"2378",2021-12-06,"GSCI.TR",2637.53
"2379",2021-12-06,"XAUUSD.Curncy",1778.67
"2380",2021-12-06,"S.P500.TR",9613.02
"2381",2021-12-06,"ABCTRI",6106.976642
"2382",2021-12-06,"CL1.Comdty",69.49
"2383",2021-12-07,"BCOM.TR",206.5046
"2384",2021-12-07,"GSCI.TR",2689.43
"2385",2021-12-07,"XAUUSD.Curncy",1784.13
"2386",2021-12-07,"S.P500.TR",9812.2
"2387",2021-12-07,"ABCTRI",6156.176635
"2388",2021-12-07,"CL1.Comdty",72.05
"2389",2021-12-08,"BCOM.TR",207.7014
"2390",2021-12-08,"GSCI.TR",2703.47
"2391",2021-12-08,"XAUUSD.Curncy",1782.99
"2392",2021-12-08,"S.P500.TR",9842.68
"2393",2021-12-08,"ABCTRI",6185.89691
"2394",2021-12-08,"CL1.Comdty",72.36
"2395",2021-12-09,"BCOM.TR",206.2033
"2396",2021-12-09,"GSCI.TR",2676.28
"2397",2021-12-09,"XAUUSD.Curncy",1775.33
"2398",2021-12-09,"S.P500.TR",9773.19
"2399",2021-12-09,"ABCTRI",6147.442198
"2400",2021-12-09,"CL1.Comdty",70.94
"2401",2021-12-10,"BCOM.TR",206.9409
"2402",2021-12-10,"GSCI.TR",2690.555
"2403",2021-12-10,"XAUUSD.Curncy",1782.84
"2404",2021-12-10,"S.P500.TR",9866.62
"2405",2021-12-10,"ABCTRI",6159.93017
"2406",2021-12-10,"CL1.Comdty",71.67
"2407",2021-12-13,"BCOM.TR",206.0934
"2408",2021-12-13,"GSCI.TR",2678.888
"2409",2021-12-13,"XAUUSD.Curncy",1786.67
"2410",2021-12-13,"S.P500.TR",9776.69
"2411",2021-12-13,"ABCTRI",6156.364718
"2412",2021-12-13,"CL1.Comdty",71.29
"2413",2021-12-14,"BCOM.TR",204.9924
"2414",2021-12-14,"GSCI.TR",2664.254
"2415",2021-12-14,"XAUUSD.Curncy",1770.85
"2416",2021-12-14,"S.P500.TR",9705.06
"2417",2021-12-14,"ABCTRI",6134.793862
"2418",2021-12-14,"CL1.Comdty",70.73
"2419",2021-12-15,"BCOM.TR",203.9981
"2420",2021-12-15,"GSCI.TR",2651.588
"2421",2021-12-15,"XAUUSD.Curncy",1776.92
"2422",2021-12-15,"S.P500.TR",9863.92
"2423",2021-12-15,"ABCTRI",6101.503532
"2424",2021-12-15,"CL1.Comdty",70.87
"2425",2021-12-16,"BCOM.TR",207.2389
"2426",2021-12-16,"GSCI.TR",2699.951
"2427",2021-12-16,"XAUUSD.Curncy",1799.35
"2428",2021-12-16,"S.P500.TR",9778.09
"2429",2021-12-16,"ABCTRI",6181.364705
"2430",2021-12-16,"CL1.Comdty",72.38
"2431",2021-12-17,"BCOM.TR",205.9289
"2432",2021-12-17,"GSCI.TR",2671.342
"2433",2021-12-17,"XAUUSD.Curncy",1798.11
"2434",2021-12-17,"S.P500.TR",9678.03
"2435",2021-12-17,"ABCTRI",6142.968605
"2436",2021-12-17,"CL1.Comdty",70.86
"2437",2021-12-20,"BCOM.TR",203.7065
"2438",2021-12-20,"GSCI.TR",2623.87
"2439",2021-12-20,"XAUUSD.Curncy",1790.93
"2440",2021-12-20,"S.P500.TR",9567.91
"2441",2021-12-20,"ABCTRI",6100.6725
"2442",2021-12-20,"CL1.Comdty",68.23
"2443",2021-12-21,"BCOM.TR",207.475
"2444",2021-12-21,"GSCI.TR",2692.887
"2445",2021-12-21,"XAUUSD.Curncy",1789.27
"2446",2021-12-21,"S.P500.TR",9738.73
"2447",2021-12-21,"ABCTRI",6156.032952
"2448",2021-12-21,"CL1.Comdty",71.12
"2449",2021-12-22,"BCOM.TR",210.8496
"2450",2021-12-22,"GSCI.TR",2738.495
"2451",2021-12-22,"XAUUSD.Curncy",1803.67
"2452",2021-12-22,"S.P500.TR",9838.9
"2453",2021-12-22,"ABCTRI",6208.413491
"2454",2021-12-22,"CL1.Comdty",72.76
"2455",2021-12-23,"BCOM.TR",211.2218
"2456",2021-12-23,"GSCI.TR",2760.662
"2457",2021-12-23,"XAUUSD.Curncy",1808.81
"2458",2021-12-23,"S.P500.TR",9900.3
"2459",2021-12-23,"ABCTRI",6234.090208
"2460",2021-12-23,"CL1.Comdty",73.79
"2461",2021-12-24,"BCOM.TR",211.2218
"2462",2021-12-24,"GSCI.TR",2760.662
"2463",2021-12-24,"XAUUSD.Curncy",1810.26
"2464",2021-12-24,"S.P500.TR",9900.3
"2465",2021-12-24,"ABCTRI",6234.176887
"2466",2021-12-24,"CL1.Comdty",73.79
"2467",2021-12-27,"BCOM.TR",214.3779
"2468",2021-12-27,"GSCI.TR",2801.153
"2469",2021-12-27,"XAUUSD.Curncy",1812.13
"2470",2021-12-27,"S.P500.TR",10037.67
"2471",2021-12-27,"ABCTRI",6272.620116
"2472",2021-12-27,"CL1.Comdty",75.57
"2473",2021-12-28,"BCOM.TR",213.6978
"2474",2021-12-28,"GSCI.TR",2799.403
"2475",2021-12-28,"XAUUSD.Curncy",1806.18
"2476",2021-12-28,"S.P500.TR",10027.53
"2477",2021-12-28,"ABCTRI",6240.838057
"2478",2021-12-28,"CL1.Comdty",75.98
"2479",2021-12-29,"BCOM.TR",213.974
"2480",2021-12-29,"GSCI.TR",2812.378
"2481",2021-12-29,"XAUUSD.Curncy",1804.71
"2482",2021-12-29,"S.P500.TR",10041.61
"2483",2021-12-29,"ABCTRI",6266.105647
"2484",2021-12-29,"CL1.Comdty",76.56
"2485",2021-12-30,"BCOM.TR",212.3561
"2486",2021-12-30,"GSCI.TR",2808.291
"2487",2021-12-30,"XAUUSD.Curncy",1814.67
"2488",2021-12-30,"S.P500.TR",10012.51
"2489",2021-12-30,"ABCTRI",6259.521774
"2490",2021-12-30,"CL1.Comdty",76.99
"2491",2021-12-31,"BCOM.TR",211.8033
"2492",2021-12-31,"GSCI.TR",2774.726
"2493",2021-12-31,"XAUUSD.Curncy",1829.2
"2494",2021-12-31,"S.P500.TR",9986.7
"2495",2021-12-31,"ABCTRI",6239.90372
"2496",2021-12-31,"CL1.Comdty",75.21
"2497",2022-01-03,"BCOM.TR",212.4339
"2498",2022-01-03,"GSCI.TR",2791.076
"2499",2022-01-03,"XAUUSD.Curncy",1801.45
"2500",2022-01-03,"S.P500.TR",10050.41
"2501",2022-01-03,"ABCTRI",6231.061823
"2502",2022-01-03,"CL1.Comdty",76.08
"2503",2022-01-04,"BCOM.TR",214.8169
"2504",2022-01-04,"GSCI.TR",2823.22
"2505",2022-01-04,"XAUUSD.Curncy",1814.6
"2506",2022-01-04,"S.P500.TR",10044.75
"2507",2022-01-04,"ABCTRI",6292.822516
"2508",2022-01-04,"CL1.Comdty",76.99
"2509",2022-01-05,"BCOM.TR",216.0515
"2510",2022-01-05,"GSCI.TR",2843.812
"2511",2022-01-05,"XAUUSD.Curncy",1810.44
"2512",2022-01-05,"S.P500.TR",9850.7
"2513",2022-01-05,"ABCTRI",6288.133026
"2514",2022-01-05,"CL1.Comdty",77.85
"2515",2022-01-06,"BCOM.TR",215.256
"2516",2022-01-06,"GSCI.TR",2858.134
"2517",2022-01-06,"XAUUSD.Curncy",1791.16
"2518",2022-01-06,"S.P500.TR",9841.92
"2519",2022-01-06,"ABCTRI",6248.541129
"2520",2022-01-06,"CL1.Comdty",79.46
"2521",2022-01-07,"BCOM.TR",216.3284
"2522",2022-01-07,"GSCI.TR",2859.877
"2523",2022-01-07,"XAUUSD.Curncy",1796.55
"2524",2022-01-07,"S.P500.TR",9803.85
"2525",2022-01-07,"ABCTRI",6278.868843
"2526",2022-01-07,"CL1.Comdty",78.9
"2527",2022-01-10,"BCOM.TR",215.4161
"2528",2022-01-10,"GSCI.TR",2843.564
"2529",2022-01-10,"XAUUSD.Curncy",1801.68
"2530",2022-01-10,"S.P500.TR",9789.72
"2531",2022-01-10,"ABCTRI",6252.871782
"2532",2022-01-10,"CL1.Comdty",78.23
"2533",2022-01-11,"BCOM.TR",219.489
"2534",2022-01-11,"GSCI.TR",2913.263
"2535",2022-01-11,"XAUUSD.Curncy",1821.6
"2536",2022-01-11,"S.P500.TR",9879.39
"2537",2022-01-11,"ABCTRI",6318.650966
"2538",2022-01-11,"CL1.Comdty",81.22
"2539",2022-01-12,"BCOM.TR",223.0197
"2540",2022-01-12,"GSCI.TR",2954.651
"2541",2022-01-12,"XAUUSD.Curncy",1826.15
"2542",2022-01-12,"S.P500.TR",9907.38
"2543",2022-01-12,"ABCTRI",6358.399568
"2544",2022-01-12,"CL1.Comdty",82.64
"2545",2022-01-13,"BCOM.TR",220.0946
"2546",2022-01-13,"GSCI.TR",2929.896
"2547",2022-01-13,"XAUUSD.Curncy",1822.54
"2548",2022-01-13,"S.P500.TR",9767.35
"2549",2022-01-13,"ABCTRI",6333.007962
"2550",2022-01-13,"CL1.Comdty",82.12
"2551",2022-01-14,"BCOM.TR",221.1529
"2552",2022-01-14,"GSCI.TR",2963.094
"2553",2022-01-14,"XAUUSD.Curncy",1817.94
"2554",2022-01-14,"S.P500.TR",9775.53
"2555",2022-01-14,"ABCTRI",6333.077653
"2556",2022-01-14,"CL1.Comdty",83.82
"2557",2022-01-17,"BCOM.TR",221.1529
"2558",2022-01-17,"GSCI.TR",2963.094
"2559",2022-01-17,"XAUUSD.Curncy",1819.23
"2560",2022-01-17,"S.P500.TR",9775.53
"2561",2022-01-17,"ABCTRI",6333.379563
"2562",2022-01-17,"CL1.Comdty",83.82
"2563",2022-01-18,"BCOM.TR",222.3965
"2564",2022-01-18,"GSCI.TR",2997.685
"2565",2022-01-18,"XAUUSD.Curncy",1813.74
"2566",2022-01-18,"S.P500.TR",9595.93
"2567",2022-01-18,"ABCTRI",6351.210646
"2568",2022-01-18,"CL1.Comdty",85.43
"2569",2022-01-19,"BCOM.TR",225.2129
"2570",2022-01-19,"GSCI.TR",3033.775
"2571",2022-01-19,"XAUUSD.Curncy",1840.54
"2572",2022-01-19,"S.P500.TR",9503.14
"2573",2022-01-19,"ABCTRI",6440.505467
"2574",2022-01-19,"CL1.Comdty",86.96
"2575",2022-01-20,"BCOM.TR",225.8312
"2576",2022-01-20,"GSCI.TR",3035.978
"2577",2022-01-20,"XAUUSD.Curncy",1839.29
"2578",2022-01-20,"S.P500.TR",9398.96
"2579",2022-01-20,"ABCTRI",6454.443291
"2580",2022-01-20,"CL1.Comdty",86.9
"2581",2022-01-21,"BCOM.TR",225.0369
"2582",2022-01-21,"GSCI.TR",3023.373
"2583",2022-01-21,"XAUUSD.Curncy",1835.38
"2584",2022-01-21,"S.P500.TR",9221.28
"2585",2022-01-21,"ABCTRI",6422.619558
"2586",2022-01-21,"CL1.Comdty",85.14
"2587",2022-01-24,"BCOM.TR",223.4527
"2588",2022-01-24,"GSCI.TR",2987.147
"2589",2022-01-24,"XAUUSD.Curncy",1843.06
"2590",2022-01-24,"S.P500.TR",9246.84
"2591",2022-01-24,"ABCTRI",6405.325356
"2592",2022-01-24,"CL1.Comdty",83.31
"2593",2022-01-25,"BCOM.TR",225.5912
"2594",2022-01-25,"GSCI.TR",3034.137
"2595",2022-01-25,"XAUUSD.Curncy",1848.02
"2596",2022-01-25,"S.P500.TR",9134.33
"2597",2022-01-25,"ABCTRI",6460.335502
"2598",2022-01-25,"CL1.Comdty",85.6
"2599",2022-01-26,"BCOM.TR",227.753
"2600",2022-01-26,"GSCI.TR",3076.413
"2601",2022-01-26,"XAUUSD.Curncy",1819.59
"2602",2022-01-26,"S.P500.TR",9120.75
"2603",2022-01-26,"ABCTRI",6480.583041
"2604",2022-01-26,"CL1.Comdty",87.35
"2605",2022-01-27,"BCOM.TR",226.8174
"2606",2022-01-27,"GSCI.TR",3062.499
"2607",2022-01-27,"XAUUSD.Curncy",1797.43
"2608",2022-01-27,"S.P500.TR",9072.24
"2609",2022-01-27,"ABCTRI",6423.271546
"2610",2022-01-27,"CL1.Comdty",86.61
"2611",2022-01-28,"BCOM.TR",228.8661
"2612",2022-01-28,"GSCI.TR",3080.42
"2613",2022-01-28,"XAUUSD.Curncy",1791.53
"2614",2022-01-28,"S.P500.TR",9294.21
"2615",2022-01-28,"ABCTRI",6432.466096
"2616",2022-01-28,"CL1.Comdty",86.82
"2617",2022-01-31,"BCOM.TR",230.397
"2618",2022-01-31,"GSCI.TR",3097.529
"2619",2022-01-31,"XAUUSD.Curncy",1797.17
"2620",2022-01-31,"S.P500.TR",9469.92
"2621",2022-01-31,"ABCTRI",6464.976609
"2622",2022-01-31,"CL1.Comdty",88.15
"2623",2022-02-01,"BCOM.TR",231.9168
"2624",2022-02-01,"GSCI.TR",3111.999
"2625",2022-02-01,"XAUUSD.Curncy",1801.19
"2626",2022-02-01,"S.P500.TR",9534.95
"2627",2022-02-01,"ABCTRI",6501.338054
"2628",2022-02-01,"CL1.Comdty",88.2
"2629",2022-02-02,"BCOM.TR",235.5391
"2630",2022-02-02,"GSCI.TR",3132.84
"2631",2022-02-02,"XAUUSD.Curncy",1806.8
"2632",2022-02-02,"S.P500.TR",9624.89
"2633",2022-02-02,"ABCTRI",6508.587574
"2634",2022-02-02,"CL1.Comdty",88.26
"2635",2022-02-03,"BCOM.TR",233.5573
"2636",2022-02-03,"GSCI.TR",3153.45
"2637",2022-02-03,"XAUUSD.Curncy",1804.85
"2638",2022-02-03,"S.P500.TR",9390.57
"2639",2022-02-03,"ABCTRI",6516.37764
"2640",2022-02-03,"CL1.Comdty",90.27
"2641",2022-02-04,"BCOM.TR",234.058
"2642",2022-02-04,"GSCI.TR",3193.099
"2643",2022-02-04,"XAUUSD.Curncy",1808.28
"2644",2022-02-04,"S.P500.TR",9440.58
"2645",2022-02-04,"ABCTRI",6549.8066
"2646",2022-02-04,"CL1.Comdty",92.31
"2647",2022-02-07,"BCOM.TR",233.6842
"2648",2022-02-07,"GSCI.TR",3183.159
"2649",2022-02-07,"XAUUSD.Curncy",1820.47
"2650",2022-02-07,"S.P500.TR",9405.84
"2651",2022-02-07,"ABCTRI",6581.191747
"2652",2022-02-07,"CL1.Comdty",91.32
"2653",2022-02-08,"BCOM.TR",232.6531
"2654",2022-02-08,"GSCI.TR",3147.008
"2655",2022-02-08,"XAUUSD.Curncy",1825.92
"2656",2022-02-08,"S.P500.TR",9484.95
"2657",2022-02-08,"ABCTRI",6574.103996
"2658",2022-02-08,"CL1.Comdty",89.36
"2659",2022-02-09,"BCOM.TR",234.428
"2660",2022-02-09,"GSCI.TR",3177.708
"2661",2022-02-09,"XAUUSD.Curncy",1833.36
"2662",2022-02-09,"S.P500.TR",9623.84
"2663",2022-02-09,"ABCTRI",6637.315225
"2664",2022-02-09,"CL1.Comdty",89.66
"2665",2022-02-10,"BCOM.TR",233.8932
"2666",2022-02-10,"GSCI.TR",3174.8
"2667",2022-02-10,"XAUUSD.Curncy",1826.85
"2668",2022-02-10,"S.P500.TR",9450.72
"2669",2022-02-10,"ABCTRI",6625.285842
"2670",2022-02-10,"CL1.Comdty",89.88
"2671",2022-02-11,"BCOM.TR",234.7617
"2672",2022-02-11,"GSCI.TR",3218.686
"2673",2022-02-11,"XAUUSD.Curncy",1858.76
"2674",2022-02-11,"S.P500.TR",9271.8
"2675",2022-02-11,"ABCTRI",6673.545927
"2676",2022-02-11,"CL1.Comdty",93.1
"2677",2022-02-14,"BCOM.TR",237.3438
"2678",2022-02-14,"GSCI.TR",3265.29
"2679",2022-02-14,"XAUUSD.Curncy",1871.18
"2680",2022-02-14,"S.P500.TR",9236.86
"2681",2022-02-14,"ABCTRI",6706.182945
"2682",2022-02-14,"CL1.Comdty",95.46
"2683",2022-02-15,"BCOM.TR",234.7536
"2684",2022-02-15,"GSCI.TR",3196.611
"2685",2022-02-15,"XAUUSD.Curncy",1853.61
"2686",2022-02-15,"S.P500.TR",9383.57
"2687",2022-02-15,"ABCTRI",6633.134198
"2688",2022-02-15,"CL1.Comdty",92.07
"2689",2022-02-16,"BCOM.TR",238.5683
"2690",2022-02-16,"GSCI.TR",3243.343
"2691",2022-02-16,"XAUUSD.Curncy",1869.8
"2692",2022-02-16,"S.P500.TR",9393.09
"2693",2022-02-16,"ABCTRI",6669.823502
"2694",2022-02-16,"CL1.Comdty",93.66
"2695",2022-02-17,"BCOM.TR",238.2768
"2696",2022-02-17,"GSCI.TR",3213.097
"2697",2022-02-17,"XAUUSD.Curncy",1898.43
"2698",2022-02-17,"S.P500.TR",9195.35
"2699",2022-02-17,"ABCTRI",6690.292391
"2700",2022-02-17,"CL1.Comdty",91.76
"2701",2022-02-18,"BCOM.TR",238.4807
"2702",2022-02-18,"GSCI.TR",3221.505
"2703",2022-02-18,"XAUUSD.Curncy",1898.43
"2704",2022-02-18,"S.P500.TR",9130.81
"2705",2022-02-18,"ABCTRI",6704.465294
"2706",2022-02-18,"CL1.Comdty",91.07
"2707",2022-02-21,"BCOM.TR",238.4807
"2708",2022-02-21,"GSCI.TR",3221.505
"2709",2022-02-21,"XAUUSD.Curncy",1906.29
"2710",2022-02-21,"S.P500.TR",9130.81
"2711",2022-02-21,"ABCTRI",6704.952987
"2712",2022-02-21,"CL1.Comdty",91.07
"2713",2022-02-22,"BCOM.TR",242.5735
"2714",2022-02-22,"GSCI.TR",3284.847
"2715",2022-02-22,"XAUUSD.Curncy",1898.64
"2716",2022-02-22,"S.P500.TR",9038.32
"2717",2022-02-22,"ABCTRI",6766.293553
"2718",2022-02-22,"CL1.Comdty",92.35
"2719",2022-02-23,"BCOM.TR",244.282
"2720",2022-02-23,"GSCI.TR",3298.06
"2721",2022-02-23,"XAUUSD.Curncy",1909.01
"2722",2022-02-23,"S.P500.TR",8871.95
"2723",2022-02-23,"ABCTRI",6810.055664
"2724",2022-02-23,"CL1.Comdty",92.1
"2725",2022-02-24,"BCOM.TR",246.267
"2726",2022-02-24,"GSCI.TR",3341.861
"2727",2022-02-24,"XAUUSD.Curncy",1903.89
"2728",2022-02-24,"S.P500.TR",9005.37
"2729",2022-02-24,"ABCTRI",6817.745387
"2730",2022-02-24,"CL1.Comdty",92.81
"2731",2022-02-25,"BCOM.TR",240.1389
"2732",2022-02-25,"GSCI.TR",3266.911
"2733",2022-02-25,"XAUUSD.Curncy",1889.34
"2734",2022-02-25,"S.P500.TR",9207.85
"2735",2022-02-25,"ABCTRI",6680.507547
"2736",2022-02-25,"CL1.Comdty",91.59
"2737",2022-02-28,"BCOM.TR",244.7501
"2738",2022-02-28,"GSCI.TR",3369.301
"2739",2022-02-28,"XAUUSD.Curncy",1908.99
"2740",2022-02-28,"S.P500.TR",9186.37
"2741",2022-02-28,"ABCTRI",6805.089674
"2742",2022-02-28,"CL1.Comdty",95.72
"2743",2022-03-01,"BCOM.TR",254.8871
"2744",2022-03-01,"GSCI.TR",3558.34
"2745",2022-03-01,"XAUUSD.Curncy",1945.28
"2746",2022-03-01,"S.P500.TR",9044.47
"2747",2022-03-01,"ABCTRI",7011.652898
"2748",2022-03-01,"CL1.Comdty",103.41
"2749",2022-03-02,"BCOM.TR",260.8818
"2750",2022-03-02,"GSCI.TR",3734.894
"2751",2022-03-02,"XAUUSD.Curncy",1928.72
"2752",2022-03-02,"S.P500.TR",9213.39
"2753",2022-03-02,"ABCTRI",7079.185535
"2754",2022-03-02,"CL1.Comdty",110.6
"2755",2022-03-03,"BCOM.TR",262.6514
"2756",2022-03-03,"GSCI.TR",3733.847
"2757",2022-03-03,"XAUUSD.Curncy",1935.95
"2758",2022-03-03,"S.P500.TR",9166.13
"2759",2022-03-03,"ABCTRI",7151.109299
"2760",2022-03-03,"CL1.Comdty",107.67
"2761",2022-03-04,"BCOM.TR",271.4194
"2762",2022-03-04,"GSCI.TR",3921.458
"2763",2022-03-04,"XAUUSD.Curncy",1970.7
"2764",2022-03-04,"S.P500.TR",9094.04
"2765",2022-03-04,"ABCTRI",7356.731337
"2766",2022-03-04,"CL1.Comdty",115.68
"2767",2022-03-07,"BCOM.TR",279.6246
"2768",2022-03-07,"GSCI.TR",4040.192
"2769",2022-03-07,"XAUUSD.Curncy",1998.11
"2770",2022-03-07,"S.P500.TR",8825.72
"2771",2022-03-07,"ABCTRI",7460.706908
"2772",2022-03-07,"CL1.Comdty",119.4
"2773",2022-03-08,"BCOM.TR",283.4054
"2774",2022-03-08,"GSCI.TR",4152.16
"2775",2022-03-08,"XAUUSD.Curncy",2050.76
"2776",2022-03-08,"S.P500.TR",8762.11
"2777",2022-03-08,"ABCTRI",7572.250025
"2778",2022-03-08,"CL1.Comdty",123.7
"2779",2022-03-09,"BCOM.TR",268.8902
"2780",2022-03-09,"GSCI.TR",3780.442
"2781",2022-03-09,"XAUUSD.Curncy",1991.83
"2782",2022-03-09,"S.P500.TR",8988.65
"2783",2022-03-09,"ABCTRI",7215.942787
"2784",2022-03-09,"CL1.Comdty",108.7
"2785",2022-03-10,"BCOM.TR",267.3671
"2786",2022-03-10,"GSCI.TR",3698.862
"2787",2022-03-10,"XAUUSD.Curncy",1996.98
"2788",2022-03-10,"S.P500.TR",8950.9
"2789",2022-03-10,"ABCTRI",7205.43421
"2790",2022-03-10,"CL1.Comdty",106.02
"2791",2022-03-11,"BCOM.TR",270.0767
"2792",2022-03-11,"GSCI.TR",3777.805
"2793",2022-03-11,"XAUUSD.Curncy",1988.46
"2794",2022-03-11,"S.P500.TR",8835.4
"2795",2022-03-11,"ABCTRI",7273.635373
"2796",2022-03-11,"CL1.Comdty",109.33
"2797",2022-03-14,"BCOM.TR",264.5446
"2798",2022-03-14,"GSCI.TR",3651.788
"2799",2022-03-14,"XAUUSD.Curncy",1950.88
"2800",2022-03-14,"S.P500.TR",8771.75
"2801",2022-03-14,"ABCTRI",7173.202351
"2802",2022-03-14,"CL1.Comdty",103.01
"2803",2022-03-15,"BCOM.TR",260.4877
"2804",2022-03-15,"GSCI.TR",3534.095
"2805",2022-03-15,"XAUUSD.Curncy",1917.94
"2806",2022-03-15,"S.P500.TR",8959.74
"2807",2022-03-15,"ABCTRI",7144.116593
"2808",2022-03-15,"CL1.Comdty",96.44
"2809",2022-03-16,"BCOM.TR",257.8663
"2810",2022-03-16,"GSCI.TR",3490.324
"2811",2022-03-16,"XAUUSD.Curncy",1927.29
"2812",2022-03-16,"S.P500.TR",9160.51
"2813",2022-03-16,"ABCTRI",7082.741326
"2814",2022-03-16,"CL1.Comdty",95.04
"2815",2022-03-17,"BCOM.TR",265.7291
"2816",2022-03-17,"GSCI.TR",3687.875
"2817",2022-03-17,"XAUUSD.Curncy",1942.89
"2818",2022-03-17,"S.P500.TR",9274.17
"2819",2022-03-17,"ABCTRI",7215.40483
"2820",2022-03-17,"CL1.Comdty",102.98
"2821",2022-03-18,"BCOM.TR",263.6217
"2822",2022-03-18,"GSCI.TR",3700.45
"2823",2022-03-18,"XAUUSD.Curncy",1921.62
"2824",2022-03-18,"S.P500.TR",9382.43
"2825",2022-03-18,"ABCTRI",7209.574329
"2826",2022-03-18,"CL1.Comdty",104.7
"2827",2022-03-21,"BCOM.TR",268.5637
"2828",2022-03-21,"GSCI.TR",3855.364
"2829",2022-03-21,"XAUUSD.Curncy",1935.91
"2830",2022-03-21,"S.P500.TR",9378.84
"2831",2022-03-21,"ABCTRI",7290.354143
"2832",2022-03-21,"CL1.Comdty",112.12
"2833",2022-03-22,"BCOM.TR",268.3123
"2834",2022-03-22,"GSCI.TR",3850.54
"2835",2022-03-22,"XAUUSD.Curncy",1921.69
"2836",2022-03-22,"S.P500.TR",9484.86
"2837",2022-03-22,"ABCTRI",7286.591105
"2838",2022-03-22,"CL1.Comdty",111.76
"2839",2022-03-23,"BCOM.TR",275.3577
"2840",2022-03-23,"GSCI.TR",3992.658
"2841",2022-03-23,"XAUUSD.Curncy",1943.86
"2842",2022-03-23,"S.P500.TR",9368.98
"2843",2022-03-23,"ABCTRI",7343.130189
"2844",2022-03-23,"CL1.Comdty",114.93
"2845",2022-03-24,"BCOM.TR",276.0297
"2846",2022-03-24,"GSCI.TR",3951.414
"2847",2022-03-24,"XAUUSD.Curncy",1957.69
"2848",2022-03-24,"S.P500.TR",9504.19
"2849",2022-03-24,"ABCTRI",7341.23961
"2850",2022-03-24,"CL1.Comdty",112.34
"2851",2022-03-25,"BCOM.TR",277.5093
"2852",2022-03-25,"GSCI.TR",3986.328
"2853",2022-03-25,"XAUUSD.Curncy",1958.29
"2854",2022-03-25,"S.P500.TR",9552.4
"2855",2022-03-25,"ABCTRI",7353.249374
"2856",2022-03-25,"CL1.Comdty",113.9
"2857",2022-03-28,"BCOM.TR",269.737
"2858",2022-03-28,"GSCI.TR",3808.178
"2859",2022-03-28,"XAUUSD.Curncy",1922.8
"2860",2022-03-28,"S.P500.TR",9620.66
"2861",2022-03-28,"ABCTRI",7267.854495
"2862",2022-03-28,"CL1.Comdty",105.96
"2863",2022-03-29,"BCOM.TR",264.2235
"2864",2022-03-29,"GSCI.TR",3732.617
"2865",2022-03-29,"XAUUSD.Curncy",1919.43
"2866",2022-03-29,"S.P500.TR",9738.6
"2867",2022-03-29,"ABCTRI",7214.763266
"2868",2022-03-29,"CL1.Comdty",104.24
"2869",2022-03-30,"BCOM.TR",270.2754
"2870",2022-03-30,"GSCI.TR",3830.184
"2871",2022-03-30,"XAUUSD.Curncy",1932.87
"2872",2022-03-30,"S.P500.TR",9678.3
"2873",2022-03-30,"ABCTRI",7277.213706
"2874",2022-03-30,"CL1.Comdty",107.82
"2875",2022-03-31,"BCOM.TR",265.9137
"2876",2022-03-31,"GSCI.TR",3693.877
"2877",2022-03-31,"XAUUSD.Curncy",1937.44
"2878",2022-03-31,"S.P500.TR",9527.46
"2879",2022-03-31,"ABCTRI",7246.573145
"2880",2022-03-31,"CL1.Comdty",100.28
"2881",2022-04-01,"BCOM.TR",264.7779
"2882",2022-04-01,"GSCI.TR",3678.741
"2883",2022-04-01,"XAUUSD.Curncy",1925.68
"2884",2022-04-01,"S.P500.TR",9559.95
"2885",2022-04-01,"ABCTRI",7218.086557
"2886",2022-04-01,"CL1.Comdty",99.27
"2887",2022-04-04,"BCOM.TR",268.3985
"2888",2022-04-04,"GSCI.TR",3762.87
"2889",2022-04-04,"XAUUSD.Curncy",1932.73
"2890",2022-04-04,"S.P500.TR",9637.37
"2891",2022-04-04,"ABCTRI",7295.427789
"2892",2022-04-04,"CL1.Comdty",103.28
"2893",2022-04-05,"BCOM.TR",269.773
"2894",2022-04-05,"GSCI.TR",3748.478
"2895",2022-04-05,"XAUUSD.Curncy",1923.6
"2896",2022-04-05,"S.P500.TR",9517.94
"2897",2022-04-05,"ABCTRI",7319.444768
"2898",2022-04-05,"CL1.Comdty",101.96
"2899",2022-04-06,"BCOM.TR",266.1579
"2900",2022-04-06,"GSCI.TR",3640.302
"2901",2022-04-06,"XAUUSD.Curncy",1925.35
"2902",2022-04-06,"S.P500.TR",9425.49
"2903",2022-04-06,"ABCTRI",7279.976755
"2904",2022-04-06,"CL1.Comdty",96.23
"2905",2022-04-07,"BCOM.TR",267.0472
"2906",2022-04-07,"GSCI.TR",3621.453
"2907",2022-04-07,"XAUUSD.Curncy",1931.86
"2908",2022-04-07,"S.P500.TR",9466.76
"2909",2022-04-07,"ABCTRI",7308.504731
"2910",2022-04-07,"CL1.Comdty",96.03
"2911",2022-04-08,"BCOM.TR",270.2348
"2912",2022-04-08,"GSCI.TR",3683.371
"2913",2022-04-08,"XAUUSD.Curncy",1947.54
"2914",2022-04-08,"S.P500.TR",9441.84
"2915",2022-04-08,"ABCTRI",7364.805187
"2916",2022-04-08,"CL1.Comdty",98.26
"2917",2022-04-11,"BCOM.TR",269.2364
"2918",2022-04-11,"GSCI.TR",3617.53
"2919",2022-04-11,"XAUUSD.Curncy",1953.52
"2920",2022-04-11,"S.P500.TR",9282.48
"2921",2022-04-11,"ABCTRI",7364.534823
"2922",2022-04-11,"CL1.Comdty",94.29
"2923",2022-04-12,"BCOM.TR",275.3668
"2924",2022-04-12,"GSCI.TR",3760.309
"2925",2022-04-12,"XAUUSD.Curncy",1966.76
"2926",2022-04-12,"S.P500.TR",9251.07
"2927",2022-04-12,"ABCTRI",7468.726952
"2928",2022-04-12,"CL1.Comdty",100.6
"2929",2022-04-13,"BCOM.TR",280.0912
"2930",2022-04-13,"GSCI.TR",3852.811
"2931",2022-04-13,"XAUUSD.Curncy",1977.8
"2932",2022-04-13,"S.P500.TR",9356.21
"2933",2022-04-13,"ABCTRI",7522.533396
"2934",2022-04-13,"CL1.Comdty",104.25
"2935",2022-04-14,"BCOM.TR",283.1331
"2936",2022-04-14,"GSCI.TR",3923.402
"2937",2022-04-14,"XAUUSD.Curncy",1973.71
"2938",2022-04-14,"S.P500.TR",9242.58
"2939",2022-04-14,"ABCTRI",7529.900162
"2940",2022-04-14,"CL1.Comdty",106.95
"2941",2022-04-15,"BCOM.TR",283.1331
"2942",2022-04-15,"GSCI.TR",3923.402
"2943",2022-04-15,"XAUUSD.Curncy",1978.24
"2944",2022-04-15,"S.P500.TR",9242.58
"2945",2022-04-15,"ABCTRI",7530.21322
"2946",2022-04-15,"CL1.Comdty",106.95
"2947",2022-04-18,"BCOM.TR",288.6331
"2948",2022-04-18,"GSCI.TR",3982.135
"2949",2022-04-18,"XAUUSD.Curncy",1978.91
"2950",2022-04-18,"S.P500.TR",9240.69
"2951",2022-04-18,"ABCTRI",7597.785161
"2952",2022-04-18,"CL1.Comdty",108.21
"2953",2022-04-19,"BCOM.TR",280.7956
"2954",2022-04-19,"GSCI.TR",3846.807
"2955",2022-04-19,"XAUUSD.Curncy",1950.09
"2956",2022-04-19,"S.P500.TR",9389.21
"2957",2022-04-19,"ABCTRI",7489.780023
"2958",2022-04-19,"CL1.Comdty",102.56
"2959",2022-04-20,"BCOM.TR",280.1704
"2960",2022-04-20,"GSCI.TR",3852.901
"2961",2022-04-20,"XAUUSD.Curncy",1957.77
"2962",2022-04-20,"S.P500.TR",9383.54
"2963",2022-04-20,"ABCTRI",7469.642548
"2964",2022-04-20,"CL1.Comdty",102.75
"2965",2022-04-21,"BCOM.TR",280.755
"2966",2022-04-21,"GSCI.TR",3873.083
"2967",2022-04-21,"XAUUSD.Curncy",1951.62
"2968",2022-04-21,"S.P500.TR",9245.86
"2969",2022-04-21,"ABCTRI",7446.665815
"2970",2022-04-21,"CL1.Comdty",103.79
"2971",2022-04-22,"BCOM.TR",275.9103
"2972",2022-04-22,"GSCI.TR",3822.046
"2973",2022-04-22,"XAUUSD.Curncy",1931.6
"2974",2022-04-22,"S.P500.TR",8989.51
"2975",2022-04-22,"ABCTRI",7346.970865
"2976",2022-04-22,"CL1.Comdty",102.07
"2977",2022-04-25,"BCOM.TR",271.2336
"2978",2022-04-25,"GSCI.TR",3729.64
"2979",2022-04-25,"XAUUSD.Curncy",1897.83
"2980",2022-04-25,"S.P500.TR",9040.86
"2981",2022-04-25,"ABCTRI",7283.463917
"2982",2022-04-25,"CL1.Comdty",98.54
"2983",2022-04-26,"BCOM.TR",274.3652
"2984",2022-04-26,"GSCI.TR",3807.184
"2985",2022-04-26,"XAUUSD.Curncy",1905.51
"2986",2022-04-26,"S.P500.TR",8786.47
"2987",2022-04-26,"ABCTRI",7330.313063
"2988",2022-04-26,"CL1.Comdty",101.7
"2989",2022-04-27,"BCOM.TR",277.2801
"2990",2022-04-27,"GSCI.TR",3844.82
"2991",2022-04-27,"XAUUSD.Curncy",1886.1
"2992",2022-04-27,"S.P500.TR",8805
"2993",2022-04-27,"ABCTRI",7365.723067
"2994",2022-04-27,"CL1.Comdty",102.02
"2995",2022-04-28,"BCOM.TR",276.2525
"2996",2022-04-28,"GSCI.TR",3884.427
"2997",2022-04-28,"XAUUSD.Curncy",1894.45
"2998",2022-04-28,"S.P500.TR",9023.42
"2999",2022-04-28,"ABCTRI",7380.092191
"3000",2022-04-28,"CL1.Comdty",105.36
"3001",2022-04-29,"BCOM.TR",276.9244
"3002",2022-04-29,"GSCI.TR",3882.991
"3003",2022-04-29,"XAUUSD.Curncy",1896.93
"3004",2022-04-29,"S.P500.TR",8696.65
"3005",2022-04-29,"ABCTRI",7371.072927
"3006",2022-04-29,"CL1.Comdty",104.69
"3007",2022-05-02,"BCOM.TR",275.8506
"3008",2022-05-02,"GSCI.TR",3903.085
"3009",2022-05-02,"XAUUSD.Curncy",1863.02
"3010",2022-05-02,"S.P500.TR",8746.05
"3011",2022-05-02,"ABCTRI",7355.578456
"3012",2022-05-02,"CL1.Comdty",105.17
"3013",2022-05-03,"BCOM.TR",275.1066
"3014",2022-05-03,"GSCI.TR",3837.059
"3015",2022-05-03,"XAUUSD.Curncy",1868.12
"3016",2022-05-03,"S.P500.TR",8788.36
"3017",2022-05-03,"ABCTRI",7339.493373
"3018",2022-05-03,"CL1.Comdty",102.41
"3019",2022-05-04,"BCOM.TR",281.1523
"3020",2022-05-04,"GSCI.TR",3958.503
"3021",2022-05-04,"XAUUSD.Curncy",1881.22
"3022",2022-05-04,"S.P500.TR",9050.9
"3023",2022-05-04,"ABCTRI",7407.225849
"3024",2022-05-04,"CL1.Comdty",107.81
"3025",2022-05-05,"BCOM.TR",283.2163
"3026",2022-05-05,"GSCI.TR",3974.441
"3027",2022-05-05,"XAUUSD.Curncy",1877.18
"3028",2022-05-05,"S.P500.TR",8729.21
"3029",2022-05-05,"ABCTRI",7406.554205
"3030",2022-05-05,"CL1.Comdty",108.26
"3031",2022-05-06,"BCOM.TR",278.8146
"3032",2022-05-06,"GSCI.TR",3955.303
"3033",2022-05-06,"XAUUSD.Curncy",1883.81
"3034",2022-05-06,"S.P500.TR",8680.97
"3035",2022-05-06,"ABCTRI",7375.165918
"3036",2022-05-06,"CL1.Comdty",109.77
"3037",2022-05-09,"BCOM.TR",266.8905
"3038",2022-05-09,"GSCI.TR",3779.158
"3039",2022-05-09,"XAUUSD.Curncy",1854.17
"3040",2022-05-09,"S.P500.TR",8403.5
"3041",2022-05-09,"ABCTRI",7256.484616
"3042",2022-05-09,"CL1.Comdty",103.09
"3043",2022-05-10,"BCOM.TR",266.5973
"3044",2022-05-10,"GSCI.TR",3733.113
"3045",2022-05-10,"XAUUSD.Curncy",1838.27
"3046",2022-05-10,"S.P500.TR",8424.2
"3047",2022-05-10,"ABCTRI",7243.118488
"3048",2022-05-10,"CL1.Comdty",99.76
"3049",2022-05-11,"BCOM.TR",272.5785
"3050",2022-05-11,"GSCI.TR",3857.544
"3051",2022-05-11,"XAUUSD.Curncy",1852.4
"3052",2022-05-11,"S.P500.TR",8285.82
"3053",2022-05-11,"ABCTRI",7306.865822
"3054",2022-05-11,"CL1.Comdty",105.71
"3055",2022-05-12,"BCOM.TR",272.0226
"3056",2022-05-12,"GSCI.TR",3860.275
"3057",2022-05-12,"XAUUSD.Curncy",1821.82
"3058",2022-05-12,"S.P500.TR",8278.04
"3059",2022-05-12,"ABCTRI",7337.825865
"3060",2022-05-12,"CL1.Comdty",106.13
"3061",2022-05-13,"BCOM.TR",274.5183
"3062",2022-05-13,"GSCI.TR",3938.942
"3063",2022-05-13,"XAUUSD.Curncy",1811.79
"3064",2022-05-13,"S.P500.TR",8476.57
"3065",2022-05-13,"ABCTRI",7367.029592
"3066",2022-05-13,"CL1.Comdty",110.49
"3067",2022-05-16,"BCOM.TR",279.9468
"3068",2022-05-16,"GSCI.TR",4025.907
"3069",2022-05-16,"XAUUSD.Curncy",1824.14
"3070",2022-05-16,"S.P500.TR",8443.55
"3071",2022-05-16,"ABCTRI",7454.697561
"3072",2022-05-16,"CL1.Comdty",114.2
"3073",2022-05-17,"BCOM.TR",281.6431
"3074",2022-05-17,"GSCI.TR",4005.183
"3075",2022-05-17,"XAUUSD.Curncy",1815.16
"3076",2022-05-17,"S.P500.TR",8614.31
"3077",2022-05-17,"ABCTRI",7464.363284
"3078",2022-05-17,"CL1.Comdty",112.4
"3079",2022-05-18,"BCOM.TR",277.3817
"3080",2022-05-18,"GSCI.TR",3913.762
"3081",2022-05-18,"XAUUSD.Curncy",1816.6
"3082",2022-05-18,"S.P500.TR",8268.32
"3083",2022-05-18,"ABCTRI",7388.679559
"3084",2022-05-18,"CL1.Comdty",109.59
"3085",2022-05-19,"BCOM.TR",280.5499
"3086",2022-05-19,"GSCI.TR",3974.637
"3087",2022-05-19,"XAUUSD.Curncy",1841.85
"3088",2022-05-19,"S.P500.TR",8220.97
"3089",2022-05-19,"ABCTRI",7393.773463
"3090",2022-05-19,"CL1.Comdty",112.21
"3091",2022-05-20,"BCOM.TR",279.3501
"3092",2022-05-20,"GSCI.TR",3971.231
"3093",2022-05-20,"XAUUSD.Curncy",1846.5
"3094",2022-05-20,"S.P500.TR",8222.31
"3095",2022-05-20,"ABCTRI",7375.653648
"3096",2022-05-20,"CL1.Comdty",113.23
"3097",2022-05-23,"BCOM.TR",283.2343
"3098",2022-05-23,"GSCI.TR",4004.786
"3099",2022-05-23,"XAUUSD.Curncy",1853.59
"3100",2022-05-23,"S.P500.TR",8375.87
"3101",2022-05-23,"ABCTRI",7397.617029
"3102",2022-05-23,"CL1.Comdty",110.29
"3103",2022-05-24,"BCOM.TR",282.3443
"3104",2022-05-24,"GSCI.TR",3988.577
"3105",2022-05-24,"XAUUSD.Curncy",1866.45
"3106",2022-05-24,"S.P500.TR",8307.97
"3107",2022-05-24,"ABCTRI",7373.312271
"3108",2022-05-24,"CL1.Comdty",109.77
"3109",2022-05-25,"BCOM.TR",282.7279
"3110",2022-05-25,"GSCI.TR",4003.628
"3111",2022-05-25,"XAUUSD.Curncy",1853.46
"3112",2022-05-25,"S.P500.TR",8386.62
"3113",2022-05-25,"ABCTRI",7383.766506
"3114",2022-05-25,"CL1.Comdty",110.33
"3115",2022-05-26,"BCOM.TR",285.2108
"3116",2022-05-26,"GSCI.TR",4075.892
"3117",2022-05-26,"XAUUSD.Curncy",1850.63
"3118",2022-05-26,"S.P500.TR",8553.68
"3119",2022-05-26,"ABCTRI",7406.14767
"3120",2022-05-26,"CL1.Comdty",114.09
"3121",2022-05-27,"BCOM.TR",286.5252
"3122",2022-05-27,"GSCI.TR",4112.006
"3123",2022-05-27,"XAUUSD.Curncy",1853.72
"3124",2022-05-27,"S.P500.TR",8766.83
"3125",2022-05-27,"ABCTRI",7428.03233
"3126",2022-05-27,"CL1.Comdty",115.07
"3127",2022-05-30,"BCOM.TR",286.5252
"3128",2022-05-30,"GSCI.TR",4112.006
"3129",2022-05-30,"XAUUSD.Curncy",1855.23
"3130",2022-05-30,"S.P500.TR",8766.83
"3131",2022-05-30,"ABCTRI",7429.316029
"3132",2022-05-30,"CL1.Comdty",115.07
"3133",2022-05-31,"BCOM.TR",281.1473
"3134",2022-05-31,"GSCI.TR",4079.848
"3135",2022-05-31,"XAUUSD.Curncy",1837.35
"3136",2022-05-31,"S.P500.TR",8712.6
"3137",2022-05-31,"ABCTRI",7370.016604
"3138",2022-05-31,"CL1.Comdty",114.67
"3139",2022-06-01,"BCOM.TR",284.2805
"3140",2022-06-01,"GSCI.TR",4116.403
"3141",2022-06-01,"XAUUSD.Curncy",1846.6
"3142",2022-06-01,"S.P500.TR",8648.28
"3143",2022-06-01,"ABCTRI",7363.91843
"3144",2022-06-01,"CL1.Comdty",115.26
"3145",2022-06-02,"BCOM.TR",286.4908
"3146",2022-06-02,"GSCI.TR",4152.133
"3147",2022-06-02,"XAUUSD.Curncy",1868.58
"3148",2022-06-02,"S.P500.TR",8809.18
"3149",2022-06-02,"ABCTRI",7401.890873
"3150",2022-06-02,"CL1.Comdty",116.87
"3151",2022-06-03,"BCOM.TR",286.4713
"3152",2022-06-03,"GSCI.TR",4193.538
"3153",2022-06-03,"XAUUSD.Curncy",1851.19
"3154",2022-06-03,"S.P500.TR",8665.8
"3155",2022-06-03,"ABCTRI",7396.558784
"3156",2022-06-03,"CL1.Comdty",118.87
"3157",2022-06-06,"BCOM.TR",291.839
"3158",2022-06-06,"GSCI.TR",4236.18
"3159",2022-06-06,"XAUUSD.Curncy",1841.43
"3160",2022-06-06,"S.P500.TR",8693.06
"3161",2022-06-06,"ABCTRI",7456.637898
"3162",2022-06-06,"CL1.Comdty",118.5
"3163",2022-06-07,"BCOM.TR",292.0548
"3164",2022-06-07,"GSCI.TR",4242.936
"3165",2022-06-07,"XAUUSD.Curncy",1852.37
"3166",2022-06-07,"S.P500.TR",8776.09
"3167",2022-06-07,"ABCTRI",7457.285967
"3168",2022-06-07,"CL1.Comdty",119.41
"3169",2022-06-08,"BCOM.TR",291.2716
"3170",2022-06-08,"GSCI.TR",4284.167
"3171",2022-06-08,"XAUUSD.Curncy",1853.36
"3172",2022-06-08,"S.P500.TR",8681.68
"3173",2022-06-08,"ABCTRI",7489.116458
"3174",2022-06-08,"CL1.Comdty",122.11
"3175",2022-06-09,"BCOM.TR",292.5047
"3176",2022-06-09,"GSCI.TR",4294.659
"3177",2022-06-09,"XAUUSD.Curncy",1847.95
"3178",2022-06-09,"S.P500.TR",8475.91
"3179",2022-06-09,"ABCTRI",7526.268108
"3180",2022-06-09,"CL1.Comdty",121.51
"3181",2022-06-10,"BCOM.TR",289.9981
"3182",2022-06-10,"GSCI.TR",4251.62
"3183",2022-06-10,"XAUUSD.Curncy",1871.6
"3184",2022-06-10,"S.P500.TR",8229.43
"3185",2022-06-10,"ABCTRI",7489.737689
"3186",2022-06-10,"CL1.Comdty",120.67
"3187",2022-06-13,"BCOM.TR",285.3394
"3188",2022-06-13,"GSCI.TR",4215.402
"3189",2022-06-13,"XAUUSD.Curncy",1819.26
"3190",2022-06-13,"S.P500.TR",7910.43
"3191",2022-06-13,"ABCTRI",7460.992758
"3192",2022-06-13,"CL1.Comdty",120.93
"3193",2022-06-14,"BCOM.TR",276.3995
"3194",2022-06-14,"GSCI.TR",4147.112
"3195",2022-06-14,"XAUUSD.Curncy",1808.49
"3196",2022-06-14,"S.P500.TR",7883.34
"3197",2022-06-14,"ABCTRI",7423.807121
"3198",2022-06-14,"CL1.Comdty",118.93
"3199",2022-06-15,"BCOM.TR",277.2277
"3200",2022-06-15,"GSCI.TR",4122.352
"3201",2022-06-15,"XAUUSD.Curncy",1833.82
"3202",2022-06-15,"S.P500.TR",7998.62
"3203",2022-06-15,"ABCTRI",7404.507976
"3204",2022-06-15,"CL1.Comdty",115.31
"3205",2022-06-16,"BCOM.TR",279.1219
"3206",2022-06-16,"GSCI.TR",4157.582
"3207",2022-06-16,"XAUUSD.Curncy",1857.33
"3208",2022-06-16,"S.P500.TR",7739.39
"3209",2022-06-16,"ABCTRI",7438.768073
"3210",2022-06-16,"CL1.Comdty",117.59
"3211",2022-06-17,"BCOM.TR",271.5359
"3212",2022-06-17,"GSCI.TR",4001.36
"3213",2022-06-17,"XAUUSD.Curncy",1839.39
"3214",2022-06-17,"S.P500.TR",7756.59
"3215",2022-06-17,"ABCTRI",7358.574393
"3216",2022-06-17,"CL1.Comdty",109.56
"3217",2022-06-20,"BCOM.TR",271.5359
"3218",2022-06-20,"GSCI.TR",4001.36
"3219",2022-06-20,"XAUUSD.Curncy",1838.74
"3220",2022-06-20,"S.P500.TR",7756.59
"3221",2022-06-20,"ABCTRI",7360.05175
"3222",2022-06-20,"CL1.Comdty",109.56
"3223",2022-06-21,"BCOM.TR",270.6293
"3224",2022-06-21,"GSCI.TR",4011.817
"3225",2022-06-21,"XAUUSD.Curncy",1832.98
"3226",2022-06-21,"S.P500.TR",7946.89
"3227",2022-06-21,"ABCTRI",7297.388419
"3228",2022-06-21,"CL1.Comdty",110.65
"3229",2022-06-22,"BCOM.TR",267.2196
"3230",2022-06-22,"GSCI.TR",3940.651
"3231",2022-06-22,"XAUUSD.Curncy",1837.72
"3232",2022-06-22,"S.P500.TR",7936.67
"3233",2022-06-22,"ABCTRI",7246.972502
"3234",2022-06-22,"CL1.Comdty",106.19
"3235",2022-06-23,"BCOM.TR",259.0467
"3236",2022-06-23,"GSCI.TR",3848.566
"3237",2022-06-23,"XAUUSD.Curncy",1822.77
"3238",2022-06-23,"S.P500.TR",8012.68
"3239",2022-06-23,"ABCTRI",7131.546039
"3240",2022-06-23,"CL1.Comdty",104.27
"3241",2022-06-24,"BCOM.TR",259.9202
"3242",2022-06-24,"GSCI.TR",3903.959
"3243",2022-06-24,"XAUUSD.Curncy",1826.88
"3244",2022-06-24,"S.P500.TR",8257.72
"3245",2022-06-24,"ABCTRI",7136.031378
"3246",2022-06-24,"CL1.Comdty",107.62
"3247",2022-06-27,"BCOM.TR",261.0944
"3248",2022-06-27,"GSCI.TR",3915.802
"3249",2022-06-27,"XAUUSD.Curncy",1822.85
"3250",2022-06-27,"S.P500.TR",8233.42
"3251",2022-06-27,"ABCTRI",7101.095681
"3252",2022-06-27,"CL1.Comdty",109.57
"3253",2022-06-28,"BCOM.TR",262.9382
"3254",2022-06-28,"GSCI.TR",3957.207
"3255",2022-06-28,"XAUUSD.Curncy",1820.01
"3256",2022-06-28,"S.P500.TR",8067.56
"3257",2022-06-28,"ABCTRI",7136.357953
"3258",2022-06-28,"CL1.Comdty",111.76
"3259",2022-06-29,"BCOM.TR",262.051
"3260",2022-06-29,"GSCI.TR",3916.191
"3261",2022-06-29,"XAUUSD.Curncy",1817.73
"3262",2022-06-29,"S.P500.TR",8062.72
"3263",2022-06-29,"ABCTRI",7129.305188
"3264",2022-06-29,"CL1.Comdty",109.78
"3265",2022-06-30,"BCOM.TR",250.8549
"3266",2022-06-30,"GSCI.TR",3768.017
"3267",2022-06-30,"XAUUSD.Curncy",1807.27
"3268",2022-06-30,"S.P500.TR",7993.43
"3269",2022-06-30,"ABCTRI",7045.644663
"3270",2022-06-30,"CL1.Comdty",105.76
"3271",2022-07-01,"BCOM.TR",251.0391
"3272",2022-07-01,"GSCI.TR",3823.672
"3273",2022-07-01,"XAUUSD.Curncy",1811.43
"3274",2022-07-01,"S.P500.TR",8077.89
"3275",2022-07-01,"ABCTRI",7009.608342
"3276",2022-07-01,"CL1.Comdty",108.43
"3277",2022-07-04,"BCOM.TR",251.0391
"3278",2022-07-04,"GSCI.TR",3823.672
"3279",2022-07-04,"XAUUSD.Curncy",1808.15
"3280",2022-07-04,"S.P500.TR",8077.89
"3281",2022-07-04,"ABCTRI",7011.195706
"3282",2022-07-04,"CL1.Comdty",108.43
"3283",2022-07-05,"BCOM.TR",239.8189
"3284",2022-07-05,"GSCI.TR",3585.404
"3285",2022-07-05,"XAUUSD.Curncy",1764.76
"3286",2022-07-05,"S.P500.TR",8092.15
"3287",2022-07-05,"ABCTRI",6860.453772
"3288",2022-07-05,"CL1.Comdty",99.5
"3289",2022-07-06,"BCOM.TR",237.4346
"3290",2022-07-06,"GSCI.TR",3529.565
"3291",2022-07-06,"XAUUSD.Curncy",1738.86
"3292",2022-07-06,"S.P500.TR",8121.21
"3293",2022-07-06,"ABCTRI",6845.179626
"3294",2022-07-06,"CL1.Comdty",98.53
"3295",2022-07-07,"BCOM.TR",246.8495
"3296",2022-07-07,"GSCI.TR",3673.521
"3297",2022-07-07,"XAUUSD.Curncy",1740.16
"3298",2022-07-07,"S.P500.TR",8243.69
"3299",2022-07-07,"ABCTRI",6926.57432
"3300",2022-07-07,"CL1.Comdty",102.73
"3301",2022-07-08,"BCOM.TR",248.523
"3302",2022-07-08,"GSCI.TR",3723.763
"3303",2022-07-08,"XAUUSD.Curncy",1742.48
"3304",2022-07-08,"S.P500.TR",8237.5
"3305",2022-07-08,"ABCTRI",6967.218392
"3306",2022-07-08,"CL1.Comdty",104.79
"3307",2022-07-11,"BCOM.TR",249.5716
"3308",2022-07-11,"GSCI.TR",3732.403
"3309",2022-07-11,"XAUUSD.Curncy",1733.96
"3310",2022-07-11,"S.P500.TR",8142.68
"3311",2022-07-11,"ABCTRI",6982.890384
"3312",2022-07-11,"CL1.Comdty",104.09
"3313",2022-07-12,"BCOM.TR",240.1036
"3314",2022-07-12,"GSCI.TR",3540.996
"3315",2022-07-12,"XAUUSD.Curncy",1726
"3316",2022-07-12,"S.P500.TR",8067.56
"3317",2022-07-12,"ABCTRI",6903.010049
"3318",2022-07-12,"CL1.Comdty",95.84
"3319",2022-07-13,"BCOM.TR",243.7699
"3320",2022-07-13,"GSCI.TR",3566.66
"3321",2022-07-13,"XAUUSD.Curncy",1735.51
"3322",2022-07-13,"S.P500.TR",8031.76
"3323",2022-07-13,"ABCTRI",6926.572343
"3324",2022-07-13,"CL1.Comdty",96.3
"3325",2022-07-14,"BCOM.TR",239.611
"3326",2022-07-14,"GSCI.TR",3520.66
"3327",2022-07-14,"XAUUSD.Curncy",1709.94
"3328",2022-07-14,"S.P500.TR",8008.71
"3329",2022-07-14,"ABCTRI",6914.186653
"3330",2022-07-14,"CL1.Comdty",95.78
"3331",2022-07-15,"BCOM.TR",243.3765
"3332",2022-07-15,"GSCI.TR",3577.252
"3333",2022-07-15,"XAUUSD.Curncy",1708.17
"3334",2022-07-15,"S.P500.TR",8162.5
"3335",2022-07-15,"ABCTRI",6941.582019
"3336",2022-07-15,"CL1.Comdty",97.59
"3337",2022-07-18,"BCOM.TR",251.2938
"3338",2022-07-18,"GSCI.TR",3702.39
"3339",2022-07-18,"XAUUSD.Curncy",1709.22
"3340",2022-07-18,"S.P500.TR",8094.23
"3341",2022-07-18,"ABCTRI",6968.504524
"3342",2022-07-18,"CL1.Comdty",102.6
"3343",2022-07-19,"BCOM.TR",248.9658
"3344",2022-07-19,"GSCI.TR",3694.82
"3345",2022-07-19,"XAUUSD.Curncy",1711.67
"3346",2022-07-19,"S.P500.TR",8318.2
"3347",2022-07-19,"ABCTRI",6945.638764
"3348",2022-07-19,"CL1.Comdty",104.22
"3349",2022-07-20,"BCOM.TR",252.218
"3350",2022-07-20,"GSCI.TR",3705.696
"3351",2022-07-20,"XAUUSD.Curncy",1696.58
"3352",2022-07-20,"S.P500.TR",8367.37
"3353",2022-07-20,"ABCTRI",6940.371265
"3354",2022-07-20,"CL1.Comdty",102.26
"3355",2022-07-21,"BCOM.TR",248.5906
"3356",2022-07-21,"GSCI.TR",3617.691
"3357",2022-07-21,"XAUUSD.Curncy",1718.81
"3358",2022-07-21,"S.P500.TR",8450.64
"3359",2022-07-21,"ABCTRI",6900.031734
"3360",2022-07-21,"CL1.Comdty",96.35
"3361",2022-07-22,"BCOM.TR",250.0411
"3362",2022-07-22,"GSCI.TR",3605.949
"3363",2022-07-22,"XAUUSD.Curncy",1727.64
"3364",2022-07-22,"S.P500.TR",8371.87
"3365",2022-07-22,"ABCTRI",6870.589535
"3366",2022-07-22,"CL1.Comdty",94.7
"3367",2022-07-25,"BCOM.TR",253.4153
"3368",2022-07-25,"GSCI.TR",3657.545
"3369",2022-07-25,"XAUUSD.Curncy",1719.78
"3370",2022-07-25,"S.P500.TR",8382.88
"3371",2022-07-25,"ABCTRI",6881.555137
"3372",2022-07-25,"CL1.Comdty",96.7
"3373",2022-07-26,"BCOM.TR",256.1514
"3374",2022-07-26,"GSCI.TR",3666.348
"3375",2022-07-26,"XAUUSD.Curncy",1717.32
"3376",2022-07-26,"S.P500.TR",8286.19
"3377",2022-07-26,"ABCTRI",6878.031096
"3378",2022-07-26,"CL1.Comdty",94.98
"3379",2022-07-27,"BCOM.TR",257.4535
"3380",2022-07-27,"GSCI.TR",3718.866
"3381",2022-07-27,"XAUUSD.Curncy",1734.19
"3382",2022-07-27,"S.P500.TR",8503.02
"3383",2022-07-27,"ABCTRI",6897.677362
"3384",2022-07-27,"CL1.Comdty",97.26
"3385",2022-07-28,"BCOM.TR",258.2257
"3386",2022-07-28,"GSCI.TR",3718.785
"3387",2022-07-28,"XAUUSD.Curncy",1755.84
"3388",2022-07-28,"S.P500.TR",8607.24
"3389",2022-07-28,"ABCTRI",6888.204017
"3390",2022-07-28,"CL1.Comdty",96.42
"3391",2022-07-29,"BCOM.TR",261.5476
"3392",2022-07-29,"GSCI.TR",3766.424
"3393",2022-07-29,"XAUUSD.Curncy",1765.94
"3394",2022-07-29,"S.P500.TR",8730.46
"3395",2022-07-29,"ABCTRI",6890.509919
"3396",2022-07-29,"CL1.Comdty",98.62
"3397",2022-08-01,"BCOM.TR",257.2579
"3398",2022-08-01,"GSCI.TR",3653.27
"3399",2022-08-01,"XAUUSD.Curncy",1772.17
"3400",2022-08-01,"S.P500.TR",8705.87
"3401",2022-08-01,"ABCTRI",6866.155094
"3402",2022-08-01,"CL1.Comdty",93.89
"3403",2022-08-02,"BCOM.TR",252.9389
"3404",2022-08-02,"GSCI.TR",3627.928
"3405",2022-08-02,"XAUUSD.Curncy",1760.39
"3406",2022-08-02,"S.P500.TR",8647.91
"3407",2022-08-02,"ABCTRI",6863.29831
"3408",2022-08-02,"CL1.Comdty",94.42
"3409",2022-08-03,"BCOM.TR",253.1391
"3410",2022-08-03,"GSCI.TR",3573.011
"3411",2022-08-03,"XAUUSD.Curncy",1765.29
"3412",2022-08-03,"S.P500.TR",8783.28
"3413",2022-08-03,"ABCTRI",6855.102833
"3414",2022-08-03,"CL1.Comdty",90.66
"3415",2022-08-04,"BCOM.TR",253.5348
"3416",2022-08-04,"GSCI.TR",3533.181
"3417",2022-08-04,"XAUUSD.Curncy",1791.28
"3418",2022-08-04,"S.P500.TR",8777.23
"3419",2022-08-04,"ABCTRI",6833.560264
"3420",2022-08-04,"CL1.Comdty",88.54
"3421",2022-08-05,"BCOM.TR",253.1367
"3422",2022-08-05,"GSCI.TR",3539.819
"3423",2022-08-05,"XAUUSD.Curncy",1775.5
"3424",2022-08-05,"S.P500.TR",8764.08
"3425",2022-08-05,"ABCTRI",6829.102132
"3426",2022-08-05,"CL1.Comdty",89.01
"3427",2022-08-08,"BCOM.TR",252.0043
"3428",2022-08-08,"GSCI.TR",3555.046
"3429",2022-08-08,"XAUUSD.Curncy",1788.96
"3430",2022-08-08,"S.P500.TR",8753.39
"3431",2022-08-08,"ABCTRI",6835.327498
"3432",2022-08-08,"CL1.Comdty",90.76
"3433",2022-08-09,"BCOM.TR",254.9389
"3434",2022-08-09,"GSCI.TR",3586.563
"3435",2022-08-09,"XAUUSD.Curncy",1794.29
"3436",2022-08-09,"S.P500.TR",8716.75
"3437",2022-08-09,"ABCTRI",6852.331422
"3438",2022-08-09,"CL1.Comdty",90.5
"3439",2022-08-10,"BCOM.TR",259.3724
"3440",2022-08-10,"GSCI.TR",3642.243
"3441",2022-08-10,"XAUUSD.Curncy",1792.38
"3442",2022-08-10,"S.P500.TR",8902.72
"3443",2022-08-10,"ABCTRI",6874.611524
"3444",2022-08-10,"CL1.Comdty",91.93
"3445",2022-08-11,"BCOM.TR",265.6729
"3446",2022-08-11,"GSCI.TR",3724.257
"3447",2022-08-11,"XAUUSD.Curncy",1789.72
"3448",2022-08-11,"S.P500.TR",8898.84
"3449",2022-08-11,"ABCTRI",6895.270169
"3450",2022-08-11,"CL1.Comdty",94.34
"3451",2022-08-12,"BCOM.TR",264.7642
"3452",2022-08-12,"GSCI.TR",3697.477
"3453",2022-08-12,"XAUUSD.Curncy",1802.4
"3454",2022-08-12,"S.P500.TR",9054.14
"3455",2022-08-12,"ABCTRI",6891.595
"3456",2022-08-12,"CL1.Comdty",92.09
"3457",2022-08-15,"BCOM.TR",260.9048
"3458",2022-08-15,"GSCI.TR",3625.964
"3459",2022-08-15,"XAUUSD.Curncy",1779.71
"3460",2022-08-15,"S.P500.TR",9090.36
"3461",2022-08-15,"ABCTRI",6882.921175
"3462",2022-08-15,"CL1.Comdty",89.41
"3463",2022-08-16,"BCOM.TR",261.2736
"3464",2022-08-16,"GSCI.TR",3585.895
"3465",2022-08-16,"XAUUSD.Curncy",1775.69
"3466",2022-08-16,"S.P500.TR",9107.87
"3467",2022-08-16,"ABCTRI",6880.687639
"3468",2022-08-16,"CL1.Comdty",86.53
"3469",2022-08-17,"BCOM.TR",260.9004
"3470",2022-08-17,"GSCI.TR",3615.595
"3471",2022-08-17,"XAUUSD.Curncy",1761.77
"3472",2022-08-17,"S.P500.TR",9043.59
"3473",2022-08-17,"ABCTRI",6892.650118
"3474",2022-08-17,"CL1.Comdty",88.11
"3475",2022-08-18,"BCOM.TR",261.1644
"3476",2022-08-18,"GSCI.TR",3659.848
"3477",2022-08-18,"XAUUSD.Curncy",1758.61
"3478",2022-08-18,"S.P500.TR",9065.49
"3479",2022-08-18,"ABCTRI",6909.798562
"3480",2022-08-18,"CL1.Comdty",90.5
"3481",2022-08-19,"BCOM.TR",262.9908
"3482",2022-08-19,"GSCI.TR",3685.105
"3483",2022-08-19,"XAUUSD.Curncy",1747.06
"3484",2022-08-19,"S.P500.TR",8948.82
"3485",2022-08-19,"ABCTRI",6915.994508
"3486",2022-08-19,"CL1.Comdty",90.77
"3487",2022-08-22,"BCOM.TR",265.3259
"3488",2022-08-22,"GSCI.TR",3698.211
"3489",2022-08-22,"XAUUSD.Curncy",1736.3
"3490",2022-08-22,"S.P500.TR",8758.24
"3491",2022-08-22,"ABCTRI",6916.751425
"3492",2022-08-22,"CL1.Comdty",90.23
"3493",2022-08-23,"BCOM.TR",266.5167
"3494",2022-08-23,"GSCI.TR",3767.78
"3495",2022-08-23,"XAUUSD.Curncy",1748.15
"3496",2022-08-23,"S.P500.TR",8738.76
"3497",2022-08-23,"ABCTRI",6933.376904
"3498",2022-08-23,"CL1.Comdty",93.74
"3499",2022-08-24,"BCOM.TR",268.3201
"3500",2022-08-24,"GSCI.TR",3805.551
"3501",2022-08-24,"XAUUSD.Curncy",1751.19
"3502",2022-08-24,"S.P500.TR",8764.42
"3503",2022-08-24,"ABCTRI",6937.925858
"3504",2022-08-24,"CL1.Comdty",94.89
"3505",2022-08-25,"BCOM.TR",267.0522
"3506",2022-08-25,"GSCI.TR",3762.942
"3507",2022-08-25,"XAUUSD.Curncy",1758.71
"3508",2022-08-25,"S.P500.TR",8888.13
"3509",2022-08-25,"ABCTRI",6926.842112
"3510",2022-08-25,"CL1.Comdty",92.52
"3511",2022-08-26,"BCOM.TR",268.0347
"3512",2022-08-26,"GSCI.TR",3790.846
"3513",2022-08-26,"XAUUSD.Curncy",1738.14
"3514",2022-08-26,"S.P500.TR",8588.95
"3515",2022-08-26,"ABCTRI",6930.412035
"3516",2022-08-26,"CL1.Comdty",93.06
"3517",2022-08-29,"BCOM.TR",270.2641
"3518",2022-08-29,"GSCI.TR",3864.715
"3519",2022-08-29,"XAUUSD.Curncy",1737.09
"3520",2022-08-29,"S.P500.TR",8532.1
"3521",2022-08-29,"ABCTRI",6946.280611
"3522",2022-08-29,"CL1.Comdty",97.01
"3523",2022-08-30,"BCOM.TR",263.7414
"3524",2022-08-30,"GSCI.TR",3721.25
"3525",2022-08-30,"XAUUSD.Curncy",1724.02
"3526",2022-08-30,"S.P500.TR",8438.69
"3527",2022-08-30,"ABCTRI",6912.8033
"3528",2022-08-30,"CL1.Comdty",91.64
"3529",2022-08-31,"BCOM.TR",261.778
"3530",2022-08-31,"GSCI.TR",3665.538
"3531",2022-08-31,"XAUUSD.Curncy",1711.04
"3532",2022-08-31,"S.P500.TR",8374.42
"3533",2022-08-31,"ABCTRI",6895.649011
"3534",2022-08-31,"CL1.Comdty",89.55
"3535",2022-09-01,"BCOM.TR",257.1138
"3536",2022-09-01,"GSCI.TR",3571.646
"3537",2022-09-01,"XAUUSD.Curncy",1697.52
"3538",2022-09-01,"S.P500.TR",8400.96
"3539",2022-09-01,"ABCTRI",6880.809936
"3540",2022-09-01,"CL1.Comdty",86.61
"3541",2022-09-02,"BCOM.TR",256.3515
"3542",2022-09-02,"GSCI.TR",3586.432
"3543",2022-09-02,"XAUUSD.Curncy",1712.19
"3544",2022-09-02,"S.P500.TR",8311.42
"3545",2022-09-02,"ABCTRI",6885.069323
"3546",2022-09-02,"CL1.Comdty",86.87
"3547",2022-09-05,"BCOM.TR",256.3515
"3548",2022-09-05,"GSCI.TR",3586.432
"3549",2022-09-05,"XAUUSD.Curncy",1710.4
"3550",2022-09-05,"S.P500.TR",8311.42
"3551",2022-09-05,"ABCTRI",6887.272309
"3552",2022-09-05,"CL1.Comdty",86.87
"3553",2022-09-06,"BCOM.TR",252.9186
"3554",2022-09-06,"GSCI.TR",3566.7
"3555",2022-09-06,"XAUUSD.Curncy",1702.14
"3556",2022-09-06,"S.P500.TR",8277.81
"3557",2022-09-06,"ABCTRI",6879.887768
"3558",2022-09-06,"CL1.Comdty",86.88
"3559",2022-09-07,"BCOM.TR",249.1794
"3560",2022-09-07,"GSCI.TR",3475.068
"3561",2022-09-07,"XAUUSD.Curncy",1718.37
"3562",2022-09-07,"S.P500.TR",8429.87
"3563",2022-09-07,"ABCTRI",6846.661182
"3564",2022-09-07,"CL1.Comdty",81.94
"3565",2022-09-08,"BCOM.TR",250.1743
"3566",2022-09-08,"GSCI.TR",3496.532
"3567",2022-09-08,"XAUUSD.Curncy",1708.46
"3568",2022-09-08,"S.P500.TR",8486.63
"3569",2022-09-08,"ABCTRI",6853.665732
"3570",2022-09-08,"CL1.Comdty",83.54
"3571",2022-09-09,"BCOM.TR",255.2441
"3572",2022-09-09,"GSCI.TR",3591.436
"3573",2022-09-09,"XAUUSD.Curncy",1716.83
"3574",2022-09-09,"S.P500.TR",8616.98
"3575",2022-09-09,"ABCTRI",6861.047626
"3576",2022-09-09,"CL1.Comdty",86.79
"3577",2022-09-12,"BCOM.TR",260.1791
"3578",2022-09-12,"GSCI.TR",3640.879
"3579",2022-09-12,"XAUUSD.Curncy",1724.54
"3580",2022-09-12,"S.P500.TR",8708.17
"3581",2022-09-12,"ABCTRI",6868.188988
"3582",2022-09-12,"CL1.Comdty",87.78
"3583",2022-09-13,"BCOM.TR",258.7516
"3584",2022-09-13,"GSCI.TR",3618.722
"3585",2022-09-13,"XAUUSD.Curncy",1702.17
"3586",2022-09-13,"S.P500.TR",8331.9
"3587",2022-09-13,"ABCTRI",6867.32806
"3588",2022-09-13,"CL1.Comdty",87.31
"3589",2022-09-14,"BCOM.TR",261.537
"3590",2022-09-14,"GSCI.TR",3631.128
"3591",2022-09-14,"XAUUSD.Curncy",1697.32
"3592",2022-09-14,"S.P500.TR",8362.4
"3593",2022-09-14,"ABCTRI",6871.821048
"3594",2022-09-14,"CL1.Comdty",88.48
"3595",2022-09-15,"BCOM.TR",253.7312
"3596",2022-09-15,"GSCI.TR",3514.86
"3597",2022-09-15,"XAUUSD.Curncy",1665.11
"3598",2022-09-15,"S.P500.TR",8268.6
"3599",2022-09-15,"ABCTRI",6859.711012
"3600",2022-09-15,"CL1.Comdty",85.1
"3601",2022-09-16,"BCOM.TR",251.57
"3602",2022-09-16,"GSCI.TR",3507.617
"3603",2022-09-16,"XAUUSD.Curncy",1675.06
"3604",2022-09-16,"S.P500.TR",8209.35
"3605",2022-09-16,"ABCTRI",6849.872988
"3606",2022-09-16,"CL1.Comdty",85.11
"3607",2022-09-19,"BCOM.TR",251.9188
"3608",2022-09-19,"GSCI.TR",3522.843
"3609",2022-09-19,"XAUUSD.Curncy",1675.84
"3610",2022-09-19,"S.P500.TR",8265.73
"3611",2022-09-19,"ABCTRI",6855.761141
"3612",2022-09-19,"CL1.Comdty",85.73
"3613",2022-09-20,"BCOM.TR",252.9102
"3614",2022-09-20,"GSCI.TR",3521.92
"3615",2022-09-20,"XAUUSD.Curncy",1664.89
"3616",2022-09-20,"S.P500.TR",8172.64
"3617",2022-09-20,"ABCTRI",6854.108435
"3618",2022-09-20,"CL1.Comdty",84.45
"3619",2022-09-21,"BCOM.TR",252.2274
"3620",2022-09-21,"GSCI.TR",3500.199
"3621",2022-09-21,"XAUUSD.Curncy",1673.89
"3622",2022-09-21,"S.P500.TR",8033.29
"3623",2022-09-21,"ABCTRI",6849.952116
"3624",2022-09-21,"CL1.Comdty",82.94
"3625",2022-09-22,"BCOM.TR",250.1316
"3626",2022-09-22,"GSCI.TR",3507.865
"3627",2022-09-22,"XAUUSD.Curncy",1671.22
"3628",2022-09-22,"S.P500.TR",7965.96
"3629",2022-09-22,"ABCTRI",6847.480371
"3630",2022-09-22,"CL1.Comdty",83.49
"3631",2022-09-23,"BCOM.TR",242.3667
"3632",2022-09-23,"GSCI.TR",3369.407
"3633",2022-09-23,"XAUUSD.Curncy",1643.94
"3634",2022-09-23,"S.P500.TR",7828.87
"3635",2022-09-23,"ABCTRI",6837.861827
"3636",2022-09-23,"CL1.Comdty",78.74
"3637",2022-09-26,"BCOM.TR",238.5504
"3638",2022-09-26,"GSCI.TR",3301.441
"3639",2022-09-26,"XAUUSD.Curncy",1622.36
"3640",2022-09-26,"S.P500.TR",7747.93
"3641",2022-09-26,"ABCTRI",6831.536998
"3642",2022-09-26,"CL1.Comdty",76.71
"3643",2022-09-27,"BCOM.TR",238.2528
"3644",2022-09-27,"GSCI.TR",3341.122
"3645",2022-09-27,"XAUUSD.Curncy",1628.9
"3646",2022-09-27,"S.P500.TR",7731.99
"3647",2022-09-27,"ABCTRI",6836.343175
"3648",2022-09-27,"CL1.Comdty",78.5
"3649",2022-09-28,"BCOM.TR",243.2327
"3650",2022-09-28,"GSCI.TR",3439.4
"3651",2022-09-28,"XAUUSD.Curncy",1659.97
"3652",2022-09-28,"S.P500.TR",7884.55
"3653",2022-09-28,"ABCTRI",6836.501482
"3654",2022-09-28,"CL1.Comdty",82.15
"3655",2022-09-29,"BCOM.TR",242.8646
"3656",2022-09-29,"GSCI.TR",3423.948
"3657",2022-09-29,"XAUUSD.Curncy",1660.54
"3658",2022-09-29,"S.P500.TR",7719.09
"3659",2022-09-29,"ABCTRI",6835.503861
"3660",2022-09-29,"CL1.Comdty",81.23
"3661",2022-09-30,"BCOM.TR",240.5519
"3662",2022-09-30,"GSCI.TR",3379.581
"3663",2022-09-30,"XAUUSD.Curncy",1660.61
"3664",2022-09-30,"S.P500.TR",7603.14
"3665",2022-09-30,"ABCTRI",6837.625818
"3666",2022-09-30,"CL1.Comdty",79.49
"3667",2022-10-03,"BCOM.TR",243.348
"3668",2022-10-03,"GSCI.TR",3466.571
"3669",2022-10-03,"XAUUSD.Curncy",1699.89
"3670",2022-10-03,"S.P500.TR",7800
"3671",2022-10-03,"ABCTRI",6838.591718
"3672",2022-10-03,"CL1.Comdty",83.63
"3673",2022-10-04,"BCOM.TR",249.7462
"3674",2022-10-04,"GSCI.TR",3571.453
"3675",2022-10-04,"XAUUSD.Curncy",1726.13
"3676",2022-10-04,"S.P500.TR",8039.25
"3677",2022-10-04,"ABCTRI",6841.786103
"3678",2022-10-04,"CL1.Comdty",86.52
"3679",2022-10-05,"BCOM.TR",251.4412
"3680",2022-10-05,"GSCI.TR",3619.487
"3681",2022-10-05,"XAUUSD.Curncy",1716.26
"3682",2022-10-05,"S.P500.TR",8023.81
"3683",2022-10-05,"ABCTRI",6845.103308
"3684",2022-10-05,"CL1.Comdty",87.76
"3685",2022-10-06,"BCOM.TR",251.9873
"3686",2022-10-06,"GSCI.TR",3640.389
"3687",2022-10-06,"XAUUSD.Curncy",1712.53
"3688",2022-10-06,"S.P500.TR",7943.63
"3689",2022-10-06,"ABCTRI",6845.042558
"3690",2022-10-06,"CL1.Comdty",88.45
"3691",2022-10-07,"BCOM.TR",252.8977
"3692",2022-10-07,"GSCI.TR",3720.665
"3693",2022-10-07,"XAUUSD.Curncy",1694.82
"3694",2022-10-07,"S.P500.TR",7721.44
"3695",2022-10-07,"ABCTRI",6845.815534
"3696",2022-10-07,"CL1.Comdty",92.64
"3697",2022-10-10,"BCOM.TR",250.533
"3698",2022-10-10,"GSCI.TR",3684.34
"3699",2022-10-10,"XAUUSD.Curncy",1668.61
"3700",2022-10-10,"S.P500.TR",7663.58
"3701",2022-10-10,"ABCTRI",6849.615858
"3702",2022-10-10,"CL1.Comdty",91.13
"3703",2022-10-11,"BCOM.TR",249.3476
"3704",2022-10-11,"GSCI.TR",3631.398
"3705",2022-10-11,"XAUUSD.Curncy",1666.34
"3706",2022-10-11,"S.P500.TR",7613.75
"3707",2022-10-11,"ABCTRI",6853.810988
"3708",2022-10-11,"CL1.Comdty",89.35
"3709",2022-10-12,"BCOM.TR",247.5773
"3710",2022-10-12,"GSCI.TR",3603.872
"3711",2022-10-12,"XAUUSD.Curncy",1673.19
"3712",2022-10-12,"S.P500.TR",7588.9
"3713",2022-10-12,"ABCTRI",6853.442193
"3714",2022-10-12,"CL1.Comdty",87.27
"3715",2022-10-13,"BCOM.TR",250.5846
"3716",2022-10-13,"GSCI.TR",3661.753
"3717",2022-10-13,"XAUUSD.Curncy",1666.37
"3718",2022-10-13,"S.P500.TR",7786.96
"3719",2022-10-13,"ABCTRI",6856.550103
"3720",2022-10-13,"CL1.Comdty",89.11
"3721",2022-10-14,"BCOM.TR",245.572
"3722",2022-10-14,"GSCI.TR",3571.607
"3723",2022-10-14,"XAUUSD.Curncy",1644.47
"3724",2022-10-14,"S.P500.TR",7602.99
"3725",2022-10-14,"ABCTRI",6854.856091
"3726",2022-10-14,"CL1.Comdty",85.61
"3727",2022-10-17,"BCOM.TR",244.4679
"3728",2022-10-17,"GSCI.TR",3567.162
"3729",2022-10-17,"XAUUSD.Curncy",1650.09
"3730",2022-10-17,"S.P500.TR",7804.33
"3731",2022-10-17,"ABCTRI",6855.153495
"3732",2022-10-17,"CL1.Comdty",85.46
"3733",2022-10-18,"BCOM.TR",241.6474
"3734",2022-10-18,"GSCI.TR",3510.208
"3735",2022-10-18,"XAUUSD.Curncy",1652.22
"3736",2022-10-18,"S.P500.TR",7893.68
"3737",2022-10-18,"ABCTRI",6851.098876
"3738",2022-10-18,"CL1.Comdty",82.82
"3739",2022-10-19,"BCOM.TR",240.3685
"3740",2022-10-19,"GSCI.TR",3530.066
"3741",2022-10-19,"XAUUSD.Curncy",1629.44
"3742",2022-10-19,"S.P500.TR",7840.99
"3743",2022-10-19,"ABCTRI",6846.189734
"3744",2022-10-19,"CL1.Comdty",85.55
"3745",2022-10-20,"BCOM.TR",240.9303
"3746",2022-10-20,"GSCI.TR",3532.61
"3747",2022-10-20,"XAUUSD.Curncy",1628.02
"3748",2022-10-20,"S.P500.TR",7779.53
"3749",2022-10-20,"ABCTRI",6845.947976
"3750",2022-10-20,"CL1.Comdty",85.98
"3751",2022-10-21,"BCOM.TR",240.5712
"3752",2022-10-21,"GSCI.TR",3538.49
"3753",2022-10-21,"XAUUSD.Curncy",1657.69
"3754",2022-10-21,"S.P500.TR",7964.25
"3755",2022-10-21,"ABCTRI",6841.767762
"3756",2022-10-21,"CL1.Comdty",85.05
"3757",2022-10-24,"BCOM.TR",241.4196
"3758",2022-10-24,"GSCI.TR",3543.675
"3759",2022-10-24,"XAUUSD.Curncy",1649.78
"3760",2022-10-24,"S.P500.TR",8058.88
"3761",2022-10-24,"ABCTRI",6848.18145
"3762",2022-10-24,"CL1.Comdty",84.58
"3763",2022-10-25,"BCOM.TR",244.045
"3764",2022-10-25,"GSCI.TR",3570.812
"3765",2022-10-25,"XAUUSD.Curncy",1653.17
"3766",2022-10-25,"S.P500.TR",8190.02
"3767",2022-10-25,"ABCTRI",6849.061395
"3768",2022-10-25,"CL1.Comdty",85.32
"3769",2022-10-26,"BCOM.TR",246.3745
"3770",2022-10-26,"GSCI.TR",3633.542
"3771",2022-10-26,"XAUUSD.Curncy",1664.57
"3772",2022-10-26,"S.P500.TR",8129.62
"3773",2022-10-26,"ABCTRI",6849.948958
"3774",2022-10-26,"CL1.Comdty",87.91
"3775",2022-10-27,"BCOM.TR",245.0076
"3776",2022-10-27,"GSCI.TR",3644.126
"3777",2022-10-27,"XAUUSD.Curncy",1663.31
"3778",2022-10-27,"S.P500.TR",8080.32
"3779",2022-10-27,"ABCTRI",6850.804263
"3780",2022-10-27,"CL1.Comdty",89.08
"3781",2022-10-28,"BCOM.TR",241.805
"3782",2022-10-28,"GSCI.TR",3603.202
"3783",2022-10-28,"XAUUSD.Curncy",1644.86
"3784",2022-10-28,"S.P500.TR",8280.11
"3785",2022-10-28,"ABCTRI",6851.657798
"3786",2022-10-28,"CL1.Comdty",87.9
"3787",2022-10-31,"BCOM.TR",245.3416
"3788",2022-10-31,"GSCI.TR",3606.179
"3789",2022-10-31,"XAUUSD.Curncy",1633.56
"3790",2022-10-31,"S.P500.TR",8218.7
"3791",2022-10-31,"ABCTRI",6854.22045
"3792",2022-10-31,"CL1.Comdty",86.53
"3793",2022-11-01,"BCOM.TR",245.7234
"3794",2022-11-01,"GSCI.TR",3633.1
"3795",2022-11-01,"XAUUSD.Curncy",1647.98
"3796",2022-11-01,"S.P500.TR",8185.07
"3797",2022-11-01,"ABCTRI",6855.077228
"3798",2022-11-01,"CL1.Comdty",88.37
"3799",2022-11-02,"BCOM.TR",249.1531
"3800",2022-11-02,"GSCI.TR",3677.393
"3801",2022-11-02,"XAUUSD.Curncy",1635.24
"3802",2022-11-02,"S.P500.TR",7980.47
"3803",2022-11-02,"ABCTRI",6855.93646
"3804",2022-11-02,"CL1.Comdty",90
"3805",2022-11-03,"BCOM.TR",245.9628
"3806",2022-11-03,"GSCI.TR",3652.697
"3807",2022-11-03,"XAUUSD.Curncy",1629.49
"3808",2022-11-03,"S.P500.TR",7897.01
"3809",2022-11-03,"ABCTRI",6856.79627
"3810",2022-11-03,"CL1.Comdty",88.17
"3811",2022-11-04,"BCOM.TR",254.42
"3812",2022-11-04,"GSCI.TR",3772.675
"3813",2022-11-04,"XAUUSD.Curncy",1681.87
"3814",2022-11-04,"S.P500.TR",8006.24
"3815",2022-11-04,"ABCTRI",6857.658535
"3816",2022-11-04,"CL1.Comdty",92.61
"3817",2022-11-07,"BCOM.TR",255.9078
"3818",2022-11-07,"GSCI.TR",3759.257
"3819",2022-11-07,"XAUUSD.Curncy",1675.63
"3820",2022-11-07,"S.P500.TR",8083.38
"3821",2022-11-07,"ABCTRI",6860.264306
"3822",2022-11-07,"CL1.Comdty",91.79
"3823",2022-11-08,"BCOM.TR",252.0446
"3824",2022-11-08,"GSCI.TR",3690.786
"3825",2022-11-08,"XAUUSD.Curncy",1712.42
"3826",2022-11-08,"S.P500.TR",8128.7
"3827",2022-11-08,"ABCTRI",6861.134526
"3828",2022-11-08,"CL1.Comdty",88.91
"3829",2022-11-09,"BCOM.TR",248.2078
"3830",2022-11-09,"GSCI.TR",3605.633
"3831",2022-11-09,"XAUUSD.Curncy",1706.74
"3832",2022-11-09,"S.P500.TR",7961.52
"3833",2022-11-09,"ABCTRI",6862.006266
"3834",2022-11-09,"CL1.Comdty",85.83
"3835",2022-11-10,"BCOM.TR",251.3491
"3836",2022-11-10,"GSCI.TR",3626.945
"3837",2022-11-10,"XAUUSD.Curncy",1755.45
"3838",2022-11-10,"S.P500.TR",8403.48
"3839",2022-11-10,"ABCTRI",6862.879056
"3840",2022-11-10,"CL1.Comdty",86.47
"3841",2022-11-11,"BCOM.TR",253.2909
"3842",2022-11-11,"GSCI.TR",3682.667
"3843",2022-11-11,"XAUUSD.Curncy",1771.24
"3844",2022-11-11,"S.P500.TR",8481.13
"3845",2022-11-11,"ABCTRI",6873.984357
"3846",2022-11-11,"CL1.Comdty",88.96
"3847",2022-11-14,"BCOM.TR",252.827
"3848",2022-11-14,"GSCI.TR",3632.066
"3849",2022-11-14,"XAUUSD.Curncy",1771.4
"3850",2022-11-14,"S.P500.TR",8407.25
"3851",2022-11-14,"ABCTRI",6886.321649
"3852",2022-11-14,"CL1.Comdty",85.87
"3853",2022-11-15,"BCOM.TR",254.8105
"3854",2022-11-15,"GSCI.TR",3665.811
"3855",2022-11-15,"XAUUSD.Curncy",1778.94
"3856",2022-11-15,"S.P500.TR",8481.14
"3857",2022-11-15,"ABCTRI",6892.911773
"3858",2022-11-15,"CL1.Comdty",86.92
"3859",2022-11-16,"BCOM.TR",253.353
"3860",2022-11-16,"GSCI.TR",3637.788
"3861",2022-11-16,"XAUUSD.Curncy",1773.87
"3862",2022-11-16,"S.P500.TR",8413.09
"3863",2022-11-16,"ABCTRI",6881.992066
"3864",2022-11-16,"CL1.Comdty",85.59
"3865",2022-11-17,"BCOM.TR",249.6538
"3866",2022-11-17,"GSCI.TR",3555.412
"3867",2022-11-17,"XAUUSD.Curncy",1760.44
"3868",2022-11-17,"S.P500.TR",8388.84
"3869",2022-11-17,"ABCTRI",6835.6274
"3870",2022-11-17,"CL1.Comdty",81.64
"3871",2022-11-18,"BCOM.TR",248.9733
"3872",2022-11-18,"GSCI.TR",3526.812
"3873",2022-11-18,"XAUUSD.Curncy",1750.68
"3874",2022-11-18,"S.P500.TR",8429.01
"3875",2022-11-18,"ABCTRI",6840.045563
"3876",2022-11-18,"CL1.Comdty",80.08
"3877",2022-11-21,"BCOM.TR",250.2299
"3878",2022-11-21,"GSCI.TR",3522.259
"3879",2022-11-21,"XAUUSD.Curncy",1738.05
"3880",2022-11-21,"S.P500.TR",8397.23
"3881",2022-11-21,"ABCTRI",6822.935046
"3882",2022-11-21,"CL1.Comdty",79.73
"3883",2022-11-22,"BCOM.TR",252.5147
"3884",2022-11-22,"GSCI.TR",3557.67
"3885",2022-11-22,"XAUUSD.Curncy",1740.25
"3886",2022-11-22,"S.P500.TR",8511.48
"3887",2022-11-22,"ABCTRI",6830.602577
"3888",2022-11-22,"CL1.Comdty",80.95
"3889",2022-11-23,"BCOM.TR",252.8412
"3890",2022-11-23,"GSCI.TR",3506.217
"3891",2022-11-23,"XAUUSD.Curncy",1749.68
"3892",2022-11-23,"S.P500.TR",8562.27
"3893",2022-11-23,"ABCTRI",6829.964739
"3894",2022-11-23,"CL1.Comdty",77.94
"3895",2022-11-24,"BCOM.TR",252.8412
"3896",2022-11-24,"GSCI.TR",3506.217
"3897",2022-11-24,"XAUUSD.Curncy",1755.24
"3898",2022-11-24,"S.P500.TR",8562.27
"3899",2022-11-24,"ABCTRI",6830.843279
"3900",2022-11-24,"CL1.Comdty",77.94
"3901",2022-11-25,"BCOM.TR",249.4455
"3902",2022-11-25,"GSCI.TR",3450.175
"3903",2022-11-25,"XAUUSD.Curncy",1754.93
"3904",2022-11-25,"S.P500.TR",8560.09
"3905",2022-11-25,"ABCTRI",6829.184083
"3906",2022-11-25,"CL1.Comdty",76.28
"3907",2022-11-28,"BCOM.TR",248.3951
"3908",2022-11-28,"GSCI.TR",3442.881
"3909",2022-11-28,"XAUUSD.Curncy",1741.36
"3910",2022-11-28,"S.P500.TR",8427.95
"3911",2022-11-28,"ABCTRI",6818.365959
"3912",2022-11-28,"CL1.Comdty",77.24
"3913",2022-11-29,"BCOM.TR",250.1511
"3914",2022-11-29,"GSCI.TR",3471.131
"3915",2022-11-29,"XAUUSD.Curncy",1749.85
"3916",2022-11-29,"S.P500.TR",8415.27
"3917",2022-11-29,"ABCTRI",6835.30445
"3918",2022-11-29,"CL1.Comdty",78.2
"3919",2022-11-30,"BCOM.TR",252.0594
"3920",2022-11-30,"GSCI.TR",3544.677
"3921",2022-11-30,"XAUUSD.Curncy",1768.52
"3922",2022-11-30,"S.P500.TR",8678
"3923",2022-11-30,"ABCTRI",6863.404394
"3924",2022-11-30,"CL1.Comdty",80.55
