date,series,value
2019-12-31,BCOM.TR,172.0042
2019-12-31,GSCI.TR,2591.861
2019-12-31,XAUUSD.Curncy,1517.27
2019-12-31,COM.US.Equity,18.023
2020-01-01,BCOM.TR,172.0042
2020-01-01,GSCI.TR,2591.861
2020-01-01,XAUUSD.Curncy,1517.29
2020-01-01,COM.US.Equity,18.023
2020-01-02,BCOM.TR,172.2605
2020-01-02,GSCI.TR,2595.65
2020-01-02,XAUUSD.Curncy,1529.13
2020-01-02,COM.US.Equity,18.0354
2020-01-03,BCOM.TR,173.045
2020-01-03,GSCI.TR,2634.546
2020-01-03,XAUUSD.Curncy,1552.2
2020-01-03,COM.US.Equity,18.0743
2020-01-06,BCOM.TR,173.6555
2020-01-06,GSCI.TR,2642.496
2020-01-06,XAUUSD.Curncy,1565.74
2020-01-06,COM.US.Equity,18.1853
2020-01-07,BCOM.TR,173.5155
2020-01-07,GSCI.TR,2629.072
2020-01-07,XAUUSD.Curncy,1574.37
2020-01-07,COM.US.Equity,18.1731
2020-01-08,BCOM.TR,171.4093
2020-01-08,GSCI.TR,2561.66
2020-01-08,XAUUSD.Curncy,1556.42
2020-01-08,COM.US.Equity,17.9979
2020-01-09,BCOM.TR,171.1495
2020-01-09,GSCI.TR,2558.896
2020-01-09,XAUUSD.Curncy,1552.32
2020-01-09,COM.US.Equity,17.9802
2020-01-10,BCOM.TR,171.6898
2020-01-10,GSCI.TR,2555.867
2020-01-10,XAUUSD.Curncy,1562.34
2020-01-10,COM.US.Equity,18.0772
2020-01-13,BCOM.TR,170.8311
2020-01-13,GSCI.TR,2532.651
2020-01-13,XAUUSD.Curncy,1547.88
2020-01-13,COM.US.Equity,18.0437
2020-01-14,BCOM.TR,170.9599
2020-01-14,GSCI.TR,2540.777
2020-01-14,XAUUSD.Curncy,1546.39
2020-01-14,COM.US.Equity,18.1008
2020-01-15,BCOM.TR,170.2906
2020-01-15,GSCI.TR,2527.426
2020-01-15,XAUUSD.Curncy,1556.25
2020-01-15,COM.US.Equity,18.061
2020-01-16,BCOM.TR,169.4065
2020-01-16,GSCI.TR,2529.86
2020-01-16,XAUUSD.Curncy,1552.51
2020-01-16,COM.US.Equity,18.0096
2020-01-17,BCOM.TR,169.851
2020-01-17,GSCI.TR,2536.32
2020-01-17,XAUUSD.Curncy,1557.24
2020-01-17,COM.US.Equity,18.0725
2020-01-20,BCOM.TR,169.851
2020-01-20,GSCI.TR,2536.32
2020-01-20,XAUUSD.Curncy,1560.77
2020-01-20,COM.US.Equity,18.0725
2020-01-21,BCOM.TR,168.5838
2020-01-21,GSCI.TR,2526.242
2020-01-21,XAUUSD.Curncy,1558.17
2020-01-21,COM.US.Equity,17.9485
2020-01-22,BCOM.TR,167.4538
2020-01-22,GSCI.TR,2487.055
2020-01-22,XAUUSD.Curncy,1558.78
2020-01-22,COM.US.Equity,17.8686
2020-01-23,BCOM.TR,166.5132
2020-01-23,GSCI.TR,2458.14
2020-01-23,XAUUSD.Curncy,1562.94
2020-01-23,COM.US.Equity,17.7609
2020-01-24,BCOM.TR,164.5848
2020-01-24,GSCI.TR,2414.384
2020-01-24,XAUUSD.Curncy,1571.53
2020-01-24,COM.US.Equity,17.6003
2020-01-27,BCOM.TR,162.2946
2020-01-27,GSCI.TR,2367.573
2020-01-27,XAUUSD.Curncy,1582.06
2020-01-27,COM.US.Equity,17.4597
2020-01-28,BCOM.TR,162.4844
2020-01-28,GSCI.TR,2379.877
2020-01-28,XAUUSD.Curncy,1567.17
2020-01-28,COM.US.Equity,17.4614
2020-01-29,BCOM.TR,161.5131
2020-01-29,GSCI.TR,2370.222
2020-01-29,XAUUSD.Curncy,1576.83
2020-01-29,COM.US.Equity,17.4157
2020-01-30,BCOM.TR,159.9879
2020-01-30,GSCI.TR,2330.318
2020-01-30,XAUUSD.Curncy,1574.28
2020-01-30,COM.US.Equity,17.3729
2020-01-31,BCOM.TR,159.3501
2020-01-31,GSCI.TR,2311.294
2020-01-31,XAUUSD.Curncy,1589.16
2020-01-31,COM.US.Equity,17.2597
2020-02-03,BCOM.TR,157.7522
2020-02-03,GSCI.TR,2267.282
2020-02-03,XAUUSD.Curncy,1576.73
2020-02-03,COM.US.Equity,17.1647
2020-02-04,BCOM.TR,157.8078
2020-02-04,GSCI.TR,2261.314
2020-02-04,XAUUSD.Curncy,1552.92
2020-02-04,COM.US.Equity,17.1417
2020-02-05,BCOM.TR,159.1789
2020-02-05,GSCI.TR,2296.776
2020-02-05,XAUUSD.Curncy,1556.02
2020-02-05,COM.US.Equity,17.2178
2020-02-06,BCOM.TR,159.6586
2020-02-06,GSCI.TR,2302.318
2020-02-06,XAUUSD.Curncy,1566.66
2020-02-06,COM.US.Equity,17.2406
2020-02-07,BCOM.TR,159.2226
2020-02-07,GSCI.TR,2292.666
2020-02-07,XAUUSD.Curncy,1570.44
2020-02-07,COM.US.Equity,17.3282
2020-02-10,BCOM.TR,158.0585
2020-02-10,GSCI.TR,2265.543
2020-02-10,XAUUSD.Curncy,1572.15
2020-02-10,COM.US.Equity,17.2521
2020-02-11,BCOM.TR,158.4605
2020-02-11,GSCI.TR,2276.182
2020-02-11,XAUUSD.Curncy,1567.89
2020-02-11,COM.US.Equity,17.2977
2020-02-12,BCOM.TR,160.1126
2020-02-12,GSCI.TR,2317.462
2020-02-12,XAUUSD.Curncy,1566.06
2020-02-12,COM.US.Equity,17.3054
2020-02-13,BCOM.TR,160.4669
2020-02-13,GSCI.TR,2325.995
2020-02-13,XAUUSD.Curncy,1576
2020-02-13,COM.US.Equity,17.3168
2020-02-14,BCOM.TR,160.611
2020-02-14,GSCI.TR,2339.174
2020-02-14,XAUUSD.Curncy,1584.06
2020-02-14,COM.US.Equity,17.3244
2020-02-17,BCOM.TR,160.611
2020-02-17,GSCI.TR,2339.174
2020-02-17,XAUUSD.Curncy,1581.13
2020-02-17,COM.US.Equity,17.3244
2020-02-18,BCOM.TR,162.1772
2020-02-18,GSCI.TR,2352.034
2020-02-18,XAUUSD.Curncy,1601.61
2020-02-18,COM.US.Equity,17.4918
2020-02-19,BCOM.TR,163.1701
2020-02-19,GSCI.TR,2383.445
2020-02-19,XAUUSD.Curncy,1611.7
2020-02-19,COM.US.Equity,17.5376
2020-02-20,BCOM.TR,162.4205
2020-02-20,GSCI.TR,2381.101
2020-02-20,XAUUSD.Curncy,1619.56
2020-02-20,COM.US.Equity,17.5375
2020-02-21,BCOM.TR,162.5066
2020-02-21,GSCI.TR,2365.325
2020-02-21,XAUUSD.Curncy,1643.41
2020-02-21,COM.US.Equity,17.5723
2020-02-24,BCOM.TR,159.6513
2020-02-24,GSCI.TR,2299.064
2020-02-24,XAUUSD.Curncy,1659.38
2020-02-24,COM.US.Equity,17.5451
2020-02-25,BCOM.TR,158.185
2020-02-25,GSCI.TR,2261.087
2020-02-25,XAUUSD.Curncy,1635.14
2020-02-25,COM.US.Equity,17.37
2020-02-26,BCOM.TR,156.958
2020-02-26,GSCI.TR,2222.104
2020-02-26,XAUUSD.Curncy,1640.96
2020-02-26,COM.US.Equity,17.2813
2020-02-27,BCOM.TR,154.7179
2020-02-27,GSCI.TR,2173.155
2020-02-27,XAUUSD.Curncy,1645.01
2020-02-27,COM.US.Equity,17.0812
2020-02-28,BCOM.TR,151.3185
2020-02-28,GSCI.TR,2117.394
2020-02-28,XAUUSD.Curncy,1585.69
2020-02-28,COM.US.Equity,16.8074
2020-03-02,BCOM.TR,154.5201
2020-03-02,GSCI.TR,2178.983
2020-03-02,XAUUSD.Curncy,1589.44
2020-03-02,COM.US.Equity,16.8107
2020-03-03,BCOM.TR,156.0566
2020-03-03,GSCI.TR,2192.246
2020-03-03,XAUUSD.Curncy,1640.9
2020-03-03,COM.US.Equity,16.9209
2020-03-04,BCOM.TR,156.1423
2020-03-04,GSCI.TR,2186.718
2020-03-04,XAUUSD.Curncy,1636.93
2020-03-04,COM.US.Equity,16.8622
2020-03-05,BCOM.TR,154.9835
2020-03-05,GSCI.TR,2158.223
2020-03-05,XAUUSD.Curncy,1672.23
2020-03-05,COM.US.Equity,16.9237
2020-03-06,BCOM.TR,150.9587
2020-03-06,GSCI.TR,2036.994
2020-03-06,XAUUSD.Curncy,1673.83
2020-03-06,COM.US.Equity,16.8811
2020-03-09,BCOM.TR,144.6936
2020-03-09,GSCI.TR,1798.569
2020-03-09,XAUUSD.Curncy,1680.47
2020-03-09,COM.US.Equity,16.7763
2020-03-10,BCOM.TR,147.784
2020-03-10,GSCI.TR,1875.093
2020-03-10,XAUUSD.Curncy,1649.4
2020-03-10,COM.US.Equity,16.7915
2020-03-11,BCOM.TR,145.6599
2020-03-11,GSCI.TR,1837.357
2020-03-11,XAUUSD.Curncy,1635.04
2020-03-11,COM.US.Equity,16.6888
2020-03-12,BCOM.TR,141.1066
2020-03-12,GSCI.TR,1757.28
2020-03-12,XAUUSD.Curncy,1576.15
2020-03-12,COM.US.Equity,16.5266
2020-03-13,BCOM.TR,139.276
2020-03-13,GSCI.TR,1745.172
2020-03-13,XAUUSD.Curncy,1529.83
2020-03-13,COM.US.Equity,16.4021
2020-03-16,BCOM.TR,133.4574
2020-03-16,GSCI.TR,1631.746
2020-03-16,XAUUSD.Curncy,1514.1
2020-03-16,COM.US.Equity,16.1949
2020-03-17,BCOM.TR,132.251
2020-03-17,GSCI.TR,1601.745
2020-03-17,XAUUSD.Curncy,1528.3
2020-03-17,COM.US.Equity,16.2454
2020-03-18,BCOM.TR,126.8581
2020-03-18,GSCI.TR,1467.824
2020-03-18,XAUUSD.Curncy,1486.05
2020-03-18,COM.US.Equity,16.1487
2020-03-19,BCOM.TR,131.0129
2020-03-19,GSCI.TR,1576.104
2020-03-19,XAUUSD.Curncy,1471.24
2020-03-19,COM.US.Equity,16.2625
2020-03-20,BCOM.TR,130.3159
2020-03-20,GSCI.TR,1529.648
2020-03-20,XAUUSD.Curncy,1498.65
2020-03-20,COM.US.Equity,16.1369
2020-03-23,BCOM.TR,132.2568
2020-03-23,GSCI.TR,1541.623
2020-03-23,XAUUSD.Curncy,1553.23
2020-03-23,COM.US.Equity,16.2865
2020-03-24,BCOM.TR,136.0065
2020-03-24,GSCI.TR,1582.281
2020-03-24,XAUUSD.Curncy,1632.32
2020-03-24,COM.US.Equity,16.6416
2020-03-25,BCOM.TR,136.472
2020-03-25,GSCI.TR,1598.658
2020-03-25,XAUUSD.Curncy,1616.9
2020-03-25,COM.US.Equity,16.512
2020-03-26,BCOM.TR,135.0656
2020-03-26,GSCI.TR,1556.482
2020-03-26,XAUUSD.Curncy,1631.34
2020-03-26,COM.US.Equity,16.573
2020-03-27,BCOM.TR,133.763
2020-03-27,GSCI.TR,1529.411
2020-03-27,XAUUSD.Curncy,1628.16
2020-03-27,COM.US.Equity,16.3443
2020-03-30,BCOM.TR,132.3753
2020-03-30,GSCI.TR,1489.074
2020-03-30,XAUUSD.Curncy,1622.51
2020-03-30,COM.US.Equity,16.1537
2020-03-31,BCOM.TR,131.9359
2020-03-31,GSCI.TR,1494.343
2020-03-31,XAUUSD.Curncy,1577.18
2020-03-31,COM.US.Equity,16.2643
2020-04-01,BCOM.TR,128.592
2020-04-01,GSCI.TR,1445.109
2020-04-01,XAUUSD.Curncy,1591.51
2020-04-01,COM.US.Equity,16.2605
2020-04-02,BCOM.TR,131.2772
2020-04-02,GSCI.TR,1543.51
2020-04-02,XAUUSD.Curncy,1613.99
2020-04-02,COM.US.Equity,16.3596
2020-04-03,BCOM.TR,132.6578
2020-04-03,GSCI.TR,1610.742
2020-04-03,XAUUSD.Curncy,1620.81
2020-04-03,COM.US.Equity,16.2948
2020-04-06,BCOM.TR,133.9859
2020-04-06,GSCI.TR,1588.877
2020-04-06,XAUUSD.Curncy,1660.97
2020-04-06,COM.US.Equity,16.3481
2020-04-07,BCOM.TR,134.8425
2020-04-07,GSCI.TR,1564.506
2020-04-07,XAUUSD.Curncy,1647.72
2020-04-07,COM.US.Equity,16.3215
2020-04-08,BCOM.TR,134.6888
2020-04-08,GSCI.TR,1584.114
2020-04-08,XAUUSD.Curncy,1646.14
2020-04-08,COM.US.Equity,16.2795
2020-04-09,BCOM.TR,135.3908
2020-04-09,GSCI.TR,1559.826
2020-04-09,XAUUSD.Curncy,1683.73
2020-04-09,COM.US.Equity,16.2681
2020-04-10,BCOM.TR,135.3908
2020-04-10,GSCI.TR,1559.826
2020-04-10,XAUUSD.Curncy,1696.65
2020-04-10,COM.US.Equity,16.2681
2020-04-13,BCOM.TR,135.1981
2020-04-13,GSCI.TR,1558.766
2020-04-13,XAUUSD.Curncy,1715.34
2020-04-13,COM.US.Equity,16.3748
2020-04-14,BCOM.TR,134.4888
2020-04-14,GSCI.TR,1524.482
2020-04-14,XAUUSD.Curncy,1726.97
2020-04-14,COM.US.Equity,16.4282
2020-04-15,BCOM.TR,132.1739
2020-04-15,GSCI.TR,1482.936
2020-04-15,XAUUSD.Curncy,1717.03
2020-04-15,COM.US.Equity,16.2605
2020-04-16,BCOM.TR,132.364
2020-04-16,GSCI.TR,1481.347
2020-04-16,XAUUSD.Curncy,1717.7
2020-04-16,COM.US.Equity,16.2528
2020-04-17,BCOM.TR,132.4482
2020-04-17,GSCI.TR,1480.896
2020-04-17,XAUUSD.Curncy,1682.82
2020-04-17,COM.US.Equity,16.2872
2020-04-20,BCOM.TR,132.2049
2020-04-20,GSCI.TR,1415.904
2020-04-20,XAUUSD.Curncy,1695.65
2020-04-20,COM.US.Equity,16.2261
2020-04-21,BCOM.TR,126.9362
2020-04-21,GSCI.TR,1249.251
2020-04-21,XAUUSD.Curncy,1686.2
2020-04-21,COM.US.Equity,16.215
2020-04-22,BCOM.TR,129.4404
2020-04-22,GSCI.TR,1296.096
2020-04-22,XAUUSD.Curncy,1714.08
2020-04-22,COM.US.Equity,16.2341
2020-04-23,BCOM.TR,129.641
2020-04-23,GSCI.TR,1331.945
2020-04-23,XAUUSD.Curncy,1730.51
2020-04-23,COM.US.Equity,16.3329
2020-04-24,BCOM.TR,128.4981
2020-04-24,GSCI.TR,1321.524
2020-04-24,XAUUSD.Curncy,1729.6
2020-04-24,COM.US.Equity,16.3176
2020-04-27,BCOM.TR,127.0348
2020-04-27,GSCI.TR,1261.379
2020-04-27,XAUUSD.Curncy,1713.99
2020-04-27,COM.US.Equity,16.3329
2020-04-28,BCOM.TR,127.2242
2020-04-28,GSCI.TR,1260.149
2020-04-28,XAUUSD.Curncy,1707.79
2020-04-28,COM.US.Equity,16.3291
2020-04-29,BCOM.TR,127.7246
2020-04-29,GSCI.TR,1291.968
2020-04-29,XAUUSD.Curncy,1713.41
2020-04-29,COM.US.Equity,16.352
2020-04-30,BCOM.TR,129.9062
2020-04-30,GSCI.TR,1349.817
2020-04-30,XAUUSD.Curncy,1686.5
2020-04-30,COM.US.Equity,16.2756
2020-05-01,BCOM.TR,129.4976
2020-05-01,GSCI.TR,1346.903
2020-05-01,XAUUSD.Curncy,1700.42
2020-05-01,COM.US.Equity,16.3215
2020-05-04,BCOM.TR,130.0627
2020-05-04,GSCI.TR,1360.576
2020-05-04,XAUUSD.Curncy,1702.07
2020-05-04,COM.US.Equity,16.3443
2020-05-05,BCOM.TR,132.9165
2020-05-05,GSCI.TR,1439.796
2020-05-05,XAUUSD.Curncy,1705.92
2020-05-05,COM.US.Equity,16.3977
2020-05-06,BCOM.TR,131.1085
2020-05-06,GSCI.TR,1411.355
2020-05-06,XAUUSD.Curncy,1685.71
2020-05-06,COM.US.Equity,16.3977
2020-05-07,BCOM.TR,132.2496
2020-05-07,GSCI.TR,1418.034
2020-05-07,XAUUSD.Curncy,1716.06
2020-05-07,COM.US.Equity,16.3977
2020-05-08,BCOM.TR,132.9422
2020-05-08,GSCI.TR,1444.227
2020-05-08,XAUUSD.Curncy,1702.7
2020-05-08,COM.US.Equity,16.4053
2020-05-11,BCOM.TR,131.7972
2020-05-11,GSCI.TR,1416.018
2020-05-11,XAUUSD.Curncy,1697.93
2020-05-11,COM.US.Equity,16.2681
2020-05-12,BCOM.TR,131.306
2020-05-12,GSCI.TR,1424.311
2020-05-12,XAUUSD.Curncy,1702.7
2020-05-12,COM.US.Equity,16.3032
2020-05-13,BCOM.TR,129.3234
2020-05-13,GSCI.TR,1395.901
2020-05-13,XAUUSD.Curncy,1716.28
2020-05-13,COM.US.Equity,16.2986
2020-05-14,BCOM.TR,130.7416
2020-05-14,GSCI.TR,1431.949
2020-05-14,XAUUSD.Curncy,1730.3
2020-05-14,COM.US.Equity,16.2698
2020-05-15,BCOM.TR,131.5352
2020-05-15,GSCI.TR,1458.6
2020-05-15,XAUUSD.Curncy,1743.67
2020-05-15,COM.US.Equity,16.3822
2020-05-18,BCOM.TR,134.4572
2020-05-18,GSCI.TR,1515.973
2020-05-18,XAUUSD.Curncy,1732.55
2020-05-18,COM.US.Equity,16.3062
2020-05-19,BCOM.TR,134.9047
2020-05-19,GSCI.TR,1516.604
2020-05-19,XAUUSD.Curncy,1745.05
2020-05-19,COM.US.Equity,16.3208
2020-05-20,BCOM.TR,135.6881
2020-05-20,GSCI.TR,1542.373
2020-05-20,XAUUSD.Curncy,1748.18
2020-05-20,COM.US.Equity,16.3215
2020-05-21,BCOM.TR,134.4284
2020-05-21,GSCI.TR,1542.36
2020-05-21,XAUUSD.Curncy,1727
2020-05-21,COM.US.Equity,16.3555
2020-05-22,BCOM.TR,133.8446
2020-05-22,GSCI.TR,1523.963
2020-05-22,XAUUSD.Curncy,1734.68
2020-05-22,COM.US.Equity,16.3138
2020-05-25,BCOM.TR,133.8446
2020-05-25,GSCI.TR,1523.963
2020-05-25,XAUUSD.Curncy,1731.95
2020-05-25,COM.US.Equity,16.3138
2020-05-26,BCOM.TR,135.1481
2020-05-26,GSCI.TR,1552.487
2020-05-26,XAUUSD.Curncy,1710.58
2020-05-26,COM.US.Equity,16.322
2020-05-27,BCOM.TR,133.697
2020-05-27,GSCI.TR,1520.788
2020-05-27,XAUUSD.Curncy,1709.47
2020-05-27,COM.US.Equity,16.3601
2020-05-28,BCOM.TR,133.9122
2020-05-28,GSCI.TR,1532.135
2020-05-28,XAUUSD.Curncy,1718.33
2020-05-28,COM.US.Equity,16.3272
2020-05-29,BCOM.TR,135.5447
2020-05-29,GSCI.TR,1570.824
2020-05-29,XAUUSD.Curncy,1730.27
2020-05-29,COM.US.Equity,16.3318
2020-06-01,BCOM.TR,135.4956
2020-06-01,GSCI.TR,1572.22
2020-06-01,XAUUSD.Curncy,1739.55
2020-06-01,COM.US.Equity,16.3653
2020-06-02,BCOM.TR,136.0742
2020-06-02,GSCI.TR,1599.458
2020-06-02,XAUUSD.Curncy,1727.7
2020-06-02,COM.US.Equity,16.3329
2020-06-03,BCOM.TR,136.3276
2020-06-03,GSCI.TR,1605.801
2020-06-03,XAUUSD.Curncy,1699.67
2020-06-03,COM.US.Equity,16.31
2020-06-04,BCOM.TR,137.2916
2020-06-04,GSCI.TR,1616.529
2020-06-04,XAUUSD.Curncy,1714.01
2020-06-04,COM.US.Equity,16.4663
2020-06-05,BCOM.TR,138.0206
2020-06-05,GSCI.TR,1662.644
2020-06-05,XAUUSD.Curncy,1685.06
2020-06-05,COM.US.Equity,16.3111
2020-06-08,BCOM.TR,137.9102
2020-06-08,GSCI.TR,1639.79
2020-06-08,XAUUSD.Curncy,1698.53
2020-06-08,COM.US.Equity,16.3062
2020-06-09,BCOM.TR,138.0927
2020-06-09,GSCI.TR,1650.869
2020-06-09,XAUUSD.Curncy,1715.33
2020-06-09,COM.US.Equity,16.3077
2020-06-10,BCOM.TR,138.6834
2020-06-10,GSCI.TR,1663.522
2020-06-10,XAUUSD.Curncy,1738.7
2020-06-10,COM.US.Equity,16.3274
2020-06-11,BCOM.TR,136.7408
2020-06-11,GSCI.TR,1596.435
2020-06-11,XAUUSD.Curncy,1727.7
2020-06-11,COM.US.Equity,16.3252
2020-06-12,BCOM.TR,135.9162
2020-06-12,GSCI.TR,1593.828
2020-06-12,XAUUSD.Curncy,1730.75
2020-06-12,COM.US.Equity,16.341
2020-06-15,BCOM.TR,135.791
2020-06-15,GSCI.TR,1608.664
2020-06-15,XAUUSD.Curncy,1725.16
2020-06-15,COM.US.Equity,16.3139
2020-06-16,BCOM.TR,136.4228
2020-06-16,GSCI.TR,1634.6
2020-06-16,XAUUSD.Curncy,1726.53
2020-06-16,COM.US.Equity,16.3291
2020-06-17,BCOM.TR,136.7024
2020-06-17,GSCI.TR,1631.167
2020-06-17,XAUUSD.Curncy,1726.95
2020-06-17,COM.US.Equity,16.2338
2020-06-18,BCOM.TR,136.8027
2020-06-18,GSCI.TR,1645.201
2020-06-18,XAUUSD.Curncy,1722.93
2020-06-18,COM.US.Equity,16.2567
2020-06-19,BCOM.TR,137.7724
2020-06-19,GSCI.TR,1661.654
2020-06-19,XAUUSD.Curncy,1743.87
2020-06-19,COM.US.Equity,16.31
2020-06-22,BCOM.TR,138.3259
2020-06-22,GSCI.TR,1676.858
2020-06-22,XAUUSD.Curncy,1754.43
2020-06-22,COM.US.Equity,16.3024
2020-06-23,BCOM.TR,138.067
2020-06-23,GSCI.TR,1672.497
2020-06-23,XAUUSD.Curncy,1768.41
2020-06-23,COM.US.Equity,16.3062
2020-06-24,BCOM.TR,135.9296
2020-06-24,GSCI.TR,1617.994
2020-06-24,XAUUSD.Curncy,1761.17
2020-06-24,COM.US.Equity,16.3253
2020-06-25,BCOM.TR,135.3739
2020-06-25,GSCI.TR,1624.058
2020-06-25,XAUUSD.Curncy,1763.79
2020-06-25,COM.US.Equity,16.3558
2020-06-26,BCOM.TR,134.8875
2020-06-26,GSCI.TR,1613.277
2020-06-26,XAUUSD.Curncy,1771.29
2020-06-26,COM.US.Equity,16.3443
2020-06-29,BCOM.TR,137.0737
2020-06-29,GSCI.TR,1645.871
2020-06-29,XAUUSD.Curncy,1772.82
2020-06-29,COM.US.Equity,16.333
2020-06-30,BCOM.TR,138.6382
2020-06-30,GSCI.TR,1650.79
2020-06-30,XAUUSD.Curncy,1780.96
2020-06-30,COM.US.Equity,16.3405
2020-07-01,BCOM.TR,139.0814
2020-07-01,GSCI.TR,1667.291
2020-07-01,XAUUSD.Curncy,1770.09
2020-07-01,COM.US.Equity,16.3176
2020-07-02,BCOM.TR,140.0398
2020-07-02,GSCI.TR,1688.218
2020-07-02,XAUUSD.Curncy,1775.38
2020-07-02,COM.US.Equity,16.3481
2020-07-03,BCOM.TR,140.0398
2020-07-03,GSCI.TR,1688.218
2020-07-03,XAUUSD.Curncy,1775.95
2020-07-03,COM.US.Equity,16.3481
2020-07-06,BCOM.TR,141.2104
2020-07-06,GSCI.TR,1695.444
2020-07-06,XAUUSD.Curncy,1784.68
2020-07-06,COM.US.Equity,16.3736
2020-07-07,BCOM.TR,141.982
2020-07-07,GSCI.TR,1700.014
2020-07-07,XAUUSD.Curncy,1794.86
2020-07-07,COM.US.Equity,16.371
2020-07-08,BCOM.TR,142.5187
2020-07-08,GSCI.TR,1708.508
2020-07-08,XAUUSD.Curncy,1808.89
2020-07-08,COM.US.Equity,16.3786
2020-07-09,BCOM.TR,141.5669
2020-07-09,GSCI.TR,1689.329
2020-07-09,XAUUSD.Curncy,1803.55
2020-07-09,COM.US.Equity,16.4129
2020-07-10,BCOM.TR,142.1855
2020-07-10,GSCI.TR,1707.727
2020-07-10,XAUUSD.Curncy,1798.7
2020-07-10,COM.US.Equity,16.4739
2020-07-13,BCOM.TR,141.8748
2020-07-13,GSCI.TR,1697.36
2020-07-13,XAUUSD.Curncy,1802.76
2020-07-13,COM.US.Equity,16.5425
2020-07-14,BCOM.TR,141.2065
2020-07-14,GSCI.TR,1692.841
2020-07-14,XAUUSD.Curncy,1809.36
2020-07-14,COM.US.Equity,16.5203
2020-07-15,BCOM.TR,142.251
2020-07-15,GSCI.TR,1714.04
2020-07-15,XAUUSD.Curncy,1810.29
2020-07-15,COM.US.Equity,16.5235
2020-07-16,BCOM.TR,141.8418
2020-07-16,GSCI.TR,1705.729
2020-07-16,XAUUSD.Curncy,1797.16
2020-07-16,COM.US.Equity,16.5082
2020-07-17,BCOM.TR,141.8882
2020-07-17,GSCI.TR,1701.475
2020-07-17,XAUUSD.Curncy,1810.42
2020-07-17,COM.US.Equity,16.5273
2020-07-20,BCOM.TR,141.4959
2020-07-20,GSCI.TR,1700.685
2020-07-20,XAUUSD.Curncy,1817.77
2020-07-20,COM.US.Equity,16.5904
2020-07-21,BCOM.TR,143.5805
2020-07-21,GSCI.TR,1730.457
2020-07-21,XAUUSD.Curncy,1841.91
2020-07-21,COM.US.Equity,16.7217
2020-07-22,BCOM.TR,144.5464
2020-07-22,GSCI.TR,1732.834
2020-07-22,XAUUSD.Curncy,1871.41
2020-07-22,COM.US.Equity,16.8416
2020-07-23,BCOM.TR,145.369
2020-07-23,GSCI.TR,1722.692
2020-07-23,XAUUSD.Curncy,1887.44
2020-07-23,COM.US.Equity,16.7903
2020-07-24,BCOM.TR,145.4245
2020-07-24,GSCI.TR,1724.447
2020-07-24,XAUUSD.Curncy,1902.02
2020-07-24,COM.US.Equity,16.8168
2020-07-27,BCOM.TR,146.1777
2020-07-27,GSCI.TR,1727.245
2020-07-27,XAUUSD.Curncy,1942.24
2020-07-27,COM.US.Equity,16.9542
2020-07-28,BCOM.TR,146.2388
2020-07-28,GSCI.TR,1721.218
2020-07-28,XAUUSD.Curncy,1958.43
2020-07-28,COM.US.Equity,17.0152
2020-07-29,BCOM.TR,147.2259
2020-07-29,GSCI.TR,1731.383
2020-07-29,XAUUSD.Curncy,1970.79
2020-07-29,COM.US.Equity,16.9618
2020-07-30,BCOM.TR,145.6468
2020-07-30,GSCI.TR,1703.08
2020-07-30,XAUUSD.Curncy,1956.64
2020-07-30,COM.US.Equity,16.9184
2020-07-31,BCOM.TR,146.551
2020-07-31,GSCI.TR,1713.464
2020-07-31,XAUUSD.Curncy,1975.86
2020-07-31,COM.US.Equity,16.994
2020-08-03,BCOM.TR,149.1733
2020-08-03,GSCI.TR,1738.12
2020-08-03,XAUUSD.Curncy,1976.98
2020-08-03,COM.US.Equity,16.9927
2020-08-04,BCOM.TR,150.5371
2020-08-04,GSCI.TR,1747.998
2020-08-04,XAUUSD.Curncy,2019.21
2020-08-04,COM.US.Equity,17.1371
2020-08-05,BCOM.TR,151.9202
2020-08-05,GSCI.TR,1766.333
2020-08-05,XAUUSD.Curncy,2038.12
2020-08-05,COM.US.Equity,17.2097
2020-08-06,BCOM.TR,152.2354
2020-08-06,GSCI.TR,1761.182
2020-08-06,XAUUSD.Curncy,2063.54
2020-08-06,COM.US.Equity,17.3735
2020-08-07,BCOM.TR,150.3384
2020-08-07,GSCI.TR,1737.705
2020-08-07,XAUUSD.Curncy,2035.55
2020-08-07,COM.US.Equity,17.2128
2020-08-10,BCOM.TR,151.3065
2020-08-10,GSCI.TR,1753.294
2020-08-10,XAUUSD.Curncy,2027.34
2020-08-10,COM.US.Equity,17.2999
2020-08-11,BCOM.TR,149.1477
2020-08-11,GSCI.TR,1742.002
2020-08-11,XAUUSD.Curncy,1911.89
2020-08-11,COM.US.Equity,16.9564
2020-08-12,BCOM.TR,149.9563
2020-08-12,GSCI.TR,1762.904
2020-08-12,XAUUSD.Curncy,1915.83
2020-08-12,COM.US.Equity,16.9999
2020-08-13,BCOM.TR,151.1671
2020-08-13,GSCI.TR,1761.114
2020-08-13,XAUUSD.Curncy,1953.71
2020-08-13,COM.US.Equity,17.1556
2020-08-14,BCOM.TR,151.1018
2020-08-14,GSCI.TR,1761.726
2020-08-14,XAUUSD.Curncy,1945.12
2020-08-14,COM.US.Equity,17.1105
2020-08-17,BCOM.TR,153.6884
2020-08-17,GSCI.TR,1786.962
2020-08-17,XAUUSD.Curncy,1985.3
2020-08-17,COM.US.Equity,17.2591
2020-08-18,BCOM.TR,154.662
2020-08-18,GSCI.TR,1792.043
2020-08-18,XAUUSD.Curncy,2002.44
2020-08-18,COM.US.Equity,17.3437
2020-08-19,BCOM.TR,154.3651
2020-08-19,GSCI.TR,1793.583
2020-08-19,XAUUSD.Curncy,1928.98
2020-08-19,COM.US.Equity,17.2722
2020-08-20,BCOM.TR,153.187
2020-08-20,GSCI.TR,1782.472
2020-08-20,XAUUSD.Curncy,1947.26
2020-08-20,COM.US.Equity,17.3315
2020-08-21,BCOM.TR,152.4965
2020-08-21,GSCI.TR,1767.734
2020-08-21,XAUUSD.Curncy,1940.48
2020-08-21,COM.US.Equity,17.1753
2020-08-24,BCOM.TR,152.9137
2020-08-24,GSCI.TR,1781.825
2020-08-24,XAUUSD.Curncy,1928.88
2020-08-24,COM.US.Equity,17.2477
2020-08-25,BCOM.TR,153.689
2020-08-25,GSCI.TR,1801.147
2020-08-25,XAUUSD.Curncy,1928.18
2020-08-25,COM.US.Equity,17.343
2020-08-26,BCOM.TR,154.2883
2020-08-26,GSCI.TR,1800.325
2020-08-26,XAUUSD.Curncy,1954.46
2020-08-26,COM.US.Equity,17.3887
2020-08-27,BCOM.TR,154.9686
2020-08-27,GSCI.TR,1795.103
2020-08-27,XAUUSD.Curncy,1929.54
2020-08-27,COM.US.Equity,17.4381
2020-08-28,BCOM.TR,156.0781
2020-08-28,GSCI.TR,1800.706
2020-08-28,XAUUSD.Curncy,1964.83
2020-08-28,COM.US.Equity,17.4993
2020-08-31,BCOM.TR,156.4625
2020-08-31,GSCI.TR,1792.028
2020-08-31,XAUUSD.Curncy,1967.8
2020-08-31,COM.US.Equity,17.5602
2020-09-01,BCOM.TR,156.8631
2020-09-01,GSCI.TR,1799.764
2020-09-01,XAUUSD.Curncy,1970.18
2020-09-01,COM.US.Equity,17.5492
2020-09-02,BCOM.TR,155.4359
2020-09-02,GSCI.TR,1769.577
2020-09-02,XAUUSD.Curncy,1942.92
2020-09-02,COM.US.Equity,17.5279
2020-09-03,BCOM.TR,154.2912
2020-09-03,GSCI.TR,1755.255
2020-09-03,XAUUSD.Curncy,1930.91
2020-09-03,COM.US.Equity,17.3874
2020-09-04,BCOM.TR,154.492
2020-09-04,GSCI.TR,1736.5
2020-09-04,XAUUSD.Curncy,1933.94
2020-09-04,COM.US.Equity,17.4954
2020-09-07,BCOM.TR,154.492
2020-09-07,GSCI.TR,1736.5
2020-09-07,XAUUSD.Curncy,1933.64
2020-09-07,COM.US.Equity,17.4954
2020-09-08,BCOM.TR,152.3703
2020-09-08,GSCI.TR,1673.753
2020-09-08,XAUUSD.Curncy,1932.03
2020-09-08,COM.US.Equity,17.2171
2020-09-09,BCOM.TR,153.0287
2020-09-09,GSCI.TR,1696.326
2020-09-09,XAUUSD.Curncy,1946.84
2020-09-09,COM.US.Equity,17.3086
2020-09-10,BCOM.TR,152.5703
2020-09-10,GSCI.TR,1684.862
2020-09-10,XAUUSD.Curncy,1946.09
2020-09-10,COM.US.Equity,17.1981
2020-09-11,BCOM.TR,152.7145
2020-09-11,GSCI.TR,1686.429
2020-09-11,XAUUSD.Curncy,1940.55
2020-09-11,COM.US.Equity,17.3201
2020-09-14,BCOM.TR,153.1189
2020-09-14,GSCI.TR,1688.833
2020-09-14,XAUUSD.Curncy,1956.86
2020-09-14,COM.US.Equity,17.4306
2020-09-15,BCOM.TR,153.2288
2020-09-15,GSCI.TR,1701.903
2020-09-15,XAUUSD.Curncy,1954.15
2020-09-15,COM.US.Equity,17.4352
2020-09-16,BCOM.TR,154.299
2020-09-16,GSCI.TR,1735.68
2020-09-16,XAUUSD.Curncy,1959.26
2020-09-16,COM.US.Equity,17.6136
2020-09-17,BCOM.TR,154.49
2020-09-17,GSCI.TR,1756.596
2020-09-17,XAUUSD.Curncy,1944.44
2020-09-17,COM.US.Equity,17.7165
2020-09-18,BCOM.TR,155.7289
2020-09-18,GSCI.TR,1765.478
2020-09-18,XAUUSD.Curncy,1950.86
2020-09-18,COM.US.Equity,17.8301
2020-09-21,BCOM.TR,151.869
2020-09-21,GSCI.TR,1712.884
2020-09-21,XAUUSD.Curncy,1912.51
2020-09-21,COM.US.Equity,17.484
2020-09-22,BCOM.TR,151.5249
2020-09-22,GSCI.TR,1715.838
2020-09-22,XAUUSD.Curncy,1900.21
2020-09-22,COM.US.Equity,17.5088
2020-09-23,BCOM.TR,151.0351
2020-09-23,GSCI.TR,1714.707
2020-09-23,XAUUSD.Curncy,1863.34
2020-09-23,COM.US.Equity,17.2744
2020-09-24,BCOM.TR,151.2472
2020-09-24,GSCI.TR,1718.337
2020-09-24,XAUUSD.Curncy,1868.07
2020-09-24,COM.US.Equity,17.3013
2020-09-25,BCOM.TR,150.8655
2020-09-25,GSCI.TR,1717.179
2020-09-25,XAUUSD.Curncy,1861.58
2020-09-25,COM.US.Equity,17.3125
2020-09-28,BCOM.TR,151.5106
2020-09-28,GSCI.TR,1728.707
2020-09-28,XAUUSD.Curncy,1881.48
2020-09-28,COM.US.Equity,17.3963
2020-09-29,BCOM.TR,149.974
2020-09-29,GSCI.TR,1700.685
2020-09-29,XAUUSD.Curncy,1898.07
2020-09-29,COM.US.Equity,17.2934
2020-09-30,BCOM.TR,151.2189
2020-09-30,GSCI.TR,1726.81
2020-09-30,XAUUSD.Curncy,1885.82
2020-09-30,COM.US.Equity,17.5595
2020-10-01,BCOM.TR,149.9318
2020-10-01,GSCI.TR,1693.712
2020-10-01,XAUUSD.Curncy,1906.01
2020-10-01,COM.US.Equity,17.4726
2020-10-02,BCOM.TR,148.981
2020-10-02,GSCI.TR,1664.184
2020-10-02,XAUUSD.Curncy,1899.84
2020-10-02,COM.US.Equity,17.4306
2020-10-05,BCOM.TR,151.6342
2020-10-05,GSCI.TR,1713.021
2020-10-05,XAUUSD.Curncy,1913.53
2020-10-05,COM.US.Equity,17.6345
2020-10-06,BCOM.TR,152.3827
2020-10-06,GSCI.TR,1744.396
2020-10-06,XAUUSD.Curncy,1878.18
2020-10-06,COM.US.Equity,17.728
2020-10-07,BCOM.TR,153.2484
2020-10-07,GSCI.TR,1739.479
2020-10-07,XAUUSD.Curncy,1887.42
2020-10-07,COM.US.Equity,17.8537
2020-10-08,BCOM.TR,154.0087
2020-10-08,GSCI.TR,1763.643
2020-10-08,XAUUSD.Curncy,1893.82
2020-10-08,COM.US.Equity,17.8576
2020-10-09,BCOM.TR,156.3432
2020-10-09,GSCI.TR,1767.723
2020-10-09,XAUUSD.Curncy,1930.4
2020-10-09,COM.US.Equity,18.0176
2020-10-12,BCOM.TR,155.3359
2020-10-12,GSCI.TR,1741.288
2020-10-12,XAUUSD.Curncy,1922.77
2020-10-12,COM.US.Equity,17.888
2020-10-13,BCOM.TR,154.8916
2020-10-13,GSCI.TR,1751.137
2020-10-13,XAUUSD.Curncy,1891.36
2020-10-13,COM.US.Equity,17.9223
2020-10-14,BCOM.TR,155.8007
2020-10-14,GSCI.TR,1769.682
2020-10-14,XAUUSD.Curncy,1901.52
2020-10-14,COM.US.Equity,18.0046
2020-10-15,BCOM.TR,156.7415
2020-10-15,GSCI.TR,1774.642
2020-10-15,XAUUSD.Curncy,1908.71
2020-10-15,COM.US.Equity,18.0634
2020-10-16,BCOM.TR,156.6307
2020-10-16,GSCI.TR,1771.655
2020-10-16,XAUUSD.Curncy,1899.29
2020-10-16,COM.US.Equity,18.0558
2020-10-19,BCOM.TR,157.0258
2020-10-19,GSCI.TR,1769.38
2020-10-19,XAUUSD.Curncy,1904.08
2020-10-19,COM.US.Equity,18.1282
2020-10-20,BCOM.TR,157.7982
2020-10-20,GSCI.TR,1782.328
2020-10-20,XAUUSD.Curncy,1906.95
2020-10-20,COM.US.Equity,18.2806
2020-10-21,BCOM.TR,158.2179
2020-10-21,GSCI.TR,1759.465
2020-10-21,XAUUSD.Curncy,1924.33
2020-10-21,COM.US.Equity,18.3111
2020-10-22,BCOM.TR,157.6012
2020-10-22,GSCI.TR,1766.204
2020-10-22,XAUUSD.Curncy,1904.11
2020-10-22,COM.US.Equity,18.3111
2020-10-23,BCOM.TR,157.022
2020-10-23,GSCI.TR,1752.94
2020-10-23,XAUUSD.Curncy,1902.05
2020-10-23,COM.US.Equity,18.2349
2020-10-26,BCOM.TR,156.3046
2020-10-26,GSCI.TR,1725.442
2020-10-26,XAUUSD.Curncy,1902.08
2020-10-26,COM.US.Equity,18.1102
2020-10-27,BCOM.TR,157.0624
2020-10-27,GSCI.TR,1745.59
2020-10-27,XAUUSD.Curncy,1907.99
2020-10-27,COM.US.Equity,18.1472
2020-10-28,BCOM.TR,153.9736
2020-10-28,GSCI.TR,1693.31
2020-10-28,XAUUSD.Curncy,1877.19
2020-10-28,COM.US.Equity,17.7543
2020-10-29,BCOM.TR,152.858
2020-10-29,GSCI.TR,1666.958
2020-10-29,XAUUSD.Curncy,1867.59
2020-10-29,COM.US.Equity,17.6593
2020-10-30,BCOM.TR,153.349
2020-10-30,GSCI.TR,1665.082
2020-10-30,XAUUSD.Curncy,1878.81
2020-10-30,COM.US.Equity,17.6174
2020-11-02,BCOM.TR,153.9511
2020-11-02,GSCI.TR,1685.698
2020-11-02,XAUUSD.Curncy,1895.48
2020-11-02,COM.US.Equity,17.7737
2020-11-03,BCOM.TR,154.2368
2020-11-03,GSCI.TR,1702.692
2020-11-03,XAUUSD.Curncy,1909.17
2020-11-03,COM.US.Equity,17.8652
2020-11-04,BCOM.TR,155.1609
2020-11-04,GSCI.TR,1733.583
2020-11-04,XAUUSD.Curncy,1902.92
2020-11-04,COM.US.Equity,17.9071
2020-11-05,BCOM.TR,156.2287
2020-11-05,GSCI.TR,1734.126
2020-11-05,XAUUSD.Curncy,1949.66
2020-11-05,COM.US.Equity,17.9973
2020-11-06,BCOM.TR,155.4409
2020-11-06,GSCI.TR,1704.654
2020-11-06,XAUUSD.Curncy,1951.35
2020-11-06,COM.US.Equity,18.0676
2020-11-09,BCOM.TR,155.2841
2020-11-09,GSCI.TR,1757.996
2020-11-09,XAUUSD.Curncy,1863.04
2020-11-09,COM.US.Equity,18.0343
2020-11-10,BCOM.TR,157.8803
2020-11-10,GSCI.TR,1791.842
2020-11-10,XAUUSD.Curncy,1877.32
2020-11-10,COM.US.Equity,18.1701
2020-11-11,BCOM.TR,157.9613
2020-11-11,GSCI.TR,1791.946
2020-11-11,XAUUSD.Curncy,1865.73
2020-11-11,COM.US.Equity,18.1092
2020-11-12,BCOM.TR,157.3589
2020-11-12,GSCI.TR,1782.078
2020-11-12,XAUUSD.Curncy,1876.83
2020-11-12,COM.US.Equity,18.0291
2020-11-13,BCOM.TR,157.3752
2020-11-13,GSCI.TR,1763.431
2020-11-13,XAUUSD.Curncy,1889.2
2020-11-13,COM.US.Equity,18.0863
2020-11-16,BCOM.TR,157.4725
2020-11-16,GSCI.TR,1785.369
2020-11-16,XAUUSD.Curncy,1888.95
2020-11-16,COM.US.Equity,18.2349
2020-11-17,BCOM.TR,157.7175
2020-11-17,GSCI.TR,1789.819
2020-11-17,XAUUSD.Curncy,1880.38
2020-11-17,COM.US.Equity,18.2044
2020-11-18,BCOM.TR,158.364
2020-11-18,GSCI.TR,1803.013
2020-11-18,XAUUSD.Curncy,1872.24
2020-11-18,COM.US.Equity,18.2654
2020-11-19,BCOM.TR,156.9679
2020-11-19,GSCI.TR,1790.971
2020-11-19,XAUUSD.Curncy,1866.54
2020-11-19,COM.US.Equity,18.1777
2020-11-20,BCOM.TR,158.2492
2020-11-20,GSCI.TR,1808.784
2020-11-20,XAUUSD.Curncy,1870.99
2020-11-20,COM.US.Equity,18.273
2020-11-23,BCOM.TR,158.2994
2020-11-23,GSCI.TR,1826.32
2020-11-23,XAUUSD.Curncy,1837.86
2020-11-23,COM.US.Equity,18.2349
2020-11-24,BCOM.TR,159.5275
2020-11-24,GSCI.TR,1866.071
2020-11-24,XAUUSD.Curncy,1807.59
2020-11-24,COM.US.Equity,18.254
2020-11-25,BCOM.TR,159.6807
2020-11-25,GSCI.TR,1875.117
2020-11-25,XAUUSD.Curncy,1807.56
2020-11-25,COM.US.Equity,18.1701
2020-11-26,BCOM.TR,159.6807
2020-11-26,GSCI.TR,1875.117
2020-11-26,XAUUSD.Curncy,1815.8
2020-11-26,COM.US.Equity,18.1701
2020-11-27,BCOM.TR,159.7036
2020-11-27,GSCI.TR,1877.491
2020-11-27,XAUUSD.Curncy,1787.79
2020-11-27,COM.US.Equity,18.3111
2020-11-30,BCOM.TR,158.7354
2020-11-30,GSCI.TR,1865.567
2020-11-30,XAUUSD.Curncy,1776.95
2020-11-30,COM.US.Equity,18.0878
2020-12-01,BCOM.TR,159.1436
2020-12-01,GSCI.TR,1855.734
2020-12-01,XAUUSD.Curncy,1815.24
2020-12-01,COM.US.Equity,18.151
2020-12-02,BCOM.TR,159.0292
2020-12-02,GSCI.TR,1868.857
2020-12-02,XAUUSD.Curncy,1831.28
2020-12-02,COM.US.Equity,18.1091
2020-12-03,BCOM.TR,158.1093
2020-12-03,GSCI.TR,1870.841
2020-12-03,XAUUSD.Curncy,1841.08
2020-12-03,COM.US.Equity,18.1822
2020-12-04,BCOM.TR,158.6061
2020-12-04,GSCI.TR,1879.883
2020-12-04,XAUUSD.Curncy,1838.86
2020-12-04,COM.US.Equity,18.1701
2020-12-07,BCOM.TR,157.8423
2020-12-07,GSCI.TR,1868.4
2020-12-07,XAUUSD.Curncy,1862.73
2020-12-07,COM.US.Equity,18.2381
2020-12-08,BCOM.TR,157.2727
2020-12-08,GSCI.TR,1863.403
2020-12-08,XAUUSD.Curncy,1870.56
2020-12-08,COM.US.Equity,18.1854
2020-12-09,BCOM.TR,157.857
2020-12-09,GSCI.TR,1870.379
2020-12-09,XAUUSD.Curncy,1839.55
2020-12-09,COM.US.Equity,18.314
2020-12-10,BCOM.TR,159.8641
2020-12-10,GSCI.TR,1904.695
2020-12-10,XAUUSD.Curncy,1836.57
2020-12-10,COM.US.Equity,18.5017
2020-12-11,BCOM.TR,159.8218
2020-12-11,GSCI.TR,1900.891
2020-12-11,XAUUSD.Curncy,1839.85
2020-12-11,COM.US.Equity,18.4999
2020-12-14,BCOM.TR,160.5002
2020-12-14,GSCI.TR,1908.342
2020-12-14,XAUUSD.Curncy,1827.35
2020-12-14,COM.US.Equity,18.4958
2020-12-15,BCOM.TR,161.6163
2020-12-15,GSCI.TR,1923.292
2020-12-15,XAUUSD.Curncy,1853.64
2020-12-15,COM.US.Equity,18.6122
2020-12-16,BCOM.TR,162.2834
2020-12-16,GSCI.TR,1931.842
2020-12-16,XAUUSD.Curncy,1864.8
2020-12-16,COM.US.Equity,18.6923
2020-12-17,BCOM.TR,164.0736
2020-12-17,GSCI.TR,1953.004
2020-12-17,XAUUSD.Curncy,1885.42
2020-12-17,COM.US.Equity,18.8905
2020-12-18,BCOM.TR,165.0604
2020-12-18,GSCI.TR,1969.936
2020-12-18,XAUUSD.Curncy,1881.35
2020-12-18,COM.US.Equity,18.9553
2020-12-21,BCOM.TR,164.3014
2020-12-21,GSCI.TR,1941.753
2020-12-21,XAUUSD.Curncy,1876.89
2020-12-21,COM.US.Equity,18.8498
2020-12-22,BCOM.TR,163.4217
2020-12-22,GSCI.TR,1924.899
2020-12-22,XAUUSD.Curncy,1860.84
2020-12-22,COM.US.Equity,18.7314
2020-12-23,BCOM.TR,164.4411
2020-12-23,GSCI.TR,1953.168
2020-12-23,XAUUSD.Curncy,1872.89
2020-12-23,COM.US.Equity,18.8775
2020-12-24,BCOM.TR,164.4347
2020-12-24,GSCI.TR,1953.801
2020-12-24,XAUUSD.Curncy,1883.46
2020-12-24,COM.US.Equity,18.9104
2020-12-25,BCOM.TR,164.4347
2020-12-25,GSCI.TR,1953.801
2020-12-25,XAUUSD.Curncy,1883.46
2020-12-25,COM.US.Equity,18.9104
2020-12-28,BCOM.TR,163.3212
2020-12-28,GSCI.TR,1940.113
2020-12-28,XAUUSD.Curncy,1873.69
2020-12-28,COM.US.Equity,18.9744
2020-12-29,BCOM.TR,164.6127
2020-12-29,GSCI.TR,1953.887
2020-12-29,XAUUSD.Curncy,1878.18
2020-12-29,COM.US.Equity,19.0488
2020-12-30,BCOM.TR,165.644
2020-12-30,GSCI.TR,1969.079
2020-12-30,XAUUSD.Curncy,1894.39
2020-12-30,COM.US.Equity,19.1649
2020-12-31,BCOM.TR,166.631
2020-12-31,GSCI.TR,1976.955
2020-12-31,XAUUSD.Curncy,1898.36
2020-12-31,COM.US.Equity,19.2183
2021-01-01,BCOM.TR,166.631
2021-01-01,GSCI.TR,1976.955
2021-01-01,XAUUSD.Curncy,1898.67
2021-01-01,COM.US.Equity,19.2183
2021-01-04,BCOM.TR,167.8783
2021-01-04,GSCI.TR,1970.193
2021-01-04,XAUUSD.Curncy,1942.9
2021-01-04,COM.US.Equity,19.2678
2021-01-05,BCOM.TR,171.4972
2021-01-05,GSCI.TR,2030.938
2021-01-05,XAUUSD.Curncy,1950.01
2021-01-05,COM.US.Equity,19.6338
2021-01-06,BCOM.TR,171.3736
2021-01-06,GSCI.TR,2040.941
2021-01-06,XAUUSD.Curncy,1918.61
2021-01-06,COM.US.Equity,19.687
2021-01-07,BCOM.TR,171.4563
2021-01-07,GSCI.TR,2044.079
2021-01-07,XAUUSD.Curncy,1913.95
2021-01-07,COM.US.Equity,19.6796
2021-01-08,BCOM.TR,170.0592
2021-01-08,GSCI.TR,2063.398
2021-01-08,XAUUSD.Curncy,1849.01
2021-01-08,COM.US.Equity,19.6948
2021-01-11,BCOM.TR,169.6976
2021-01-11,GSCI.TR,2054.822
2021-01-11,XAUUSD.Curncy,1843.89
2021-01-11,COM.US.Equity,19.582
2021-01-12,BCOM.TR,172.1255
2021-01-12,GSCI.TR,2090.937
2021-01-12,XAUUSD.Curncy,1854.77
2021-01-12,COM.US.Equity,19.9196
2021-01-13,BCOM.TR,172.1013
2021-01-13,GSCI.TR,2087.32
2021-01-13,XAUUSD.Curncy,1845.51
2021-01-13,COM.US.Equity,19.9196
2021-01-14,BCOM.TR,173.3869
2021-01-14,GSCI.TR,2103.246
2021-01-14,XAUUSD.Curncy,1846.53
2021-01-14,COM.US.Equity,20.1368
2021-01-15,BCOM.TR,171.7682
2021-01-15,GSCI.TR,2078.225
2021-01-15,XAUUSD.Curncy,1828.45
2021-01-15,COM.US.Equity,20.0416
2021-01-18,BCOM.TR,171.7682
2021-01-18,GSCI.TR,2078.225
2021-01-18,XAUUSD.Curncy,1841.26
2021-01-18,COM.US.Equity,20.0416
2021-01-19,BCOM.TR,170.8998
2021-01-19,GSCI.TR,2081.069
2021-01-19,XAUUSD.Curncy,1840.28
2021-01-19,COM.US.Equity,20.0035
2021-01-20,BCOM.TR,171.4377
2021-01-20,GSCI.TR,2087.47
2021-01-20,XAUUSD.Curncy,1871.84
2021-01-20,COM.US.Equity,19.9844
2021-01-21,BCOM.TR,171.4123
2021-01-21,GSCI.TR,2086.053
2021-01-21,XAUUSD.Curncy,1870.02
2021-01-21,COM.US.Equity,19.9463
2021-01-22,BCOM.TR,168.8999
2021-01-22,GSCI.TR,2057.398
2021-01-22,XAUUSD.Curncy,1855.61
2021-01-22,COM.US.Equity,19.6566
2021-01-25,BCOM.TR,170.745
2021-01-25,GSCI.TR,2077.074
2021-01-25,XAUUSD.Curncy,1855.93
2021-01-25,COM.US.Equity,19.7519
2021-01-26,BCOM.TR,171.8201
2021-01-26,GSCI.TR,2088.362
2021-01-26,XAUUSD.Curncy,1850.92
2021-01-26,COM.US.Equity,19.851
2021-01-27,BCOM.TR,171.7606
2021-01-27,GSCI.TR,2085.833
2021-01-27,XAUUSD.Curncy,1843.98
2021-01-27,COM.US.Equity,19.7131
2021-01-28,BCOM.TR,170.7791
2021-01-28,GSCI.TR,2072.533
2021-01-28,XAUUSD.Curncy,1843.17
2021-01-28,COM.US.Equity,19.6533
2021-01-29,BCOM.TR,171.0062
2021-01-29,GSCI.TR,2074.698
2021-01-29,XAUUSD.Curncy,1847.65
2021-01-29,COM.US.Equity,19.6462
2021-02-01,BCOM.TR,174.2056
2021-02-01,GSCI.TR,2104.989
2021-02-01,XAUUSD.Curncy,1860.78
2021-02-01,COM.US.Equity,19.9349
2021-02-02,BCOM.TR,173.4993
2021-02-02,GSCI.TR,2122.886
2021-02-02,XAUUSD.Curncy,1838.03
2021-02-02,COM.US.Equity,19.9178
2021-02-03,BCOM.TR,174.6601
2021-02-03,GSCI.TR,2145.116
2021-02-03,XAUUSD.Curncy,1834.04
2021-02-03,COM.US.Equity,20.0416
2021-02-04,BCOM.TR,175.0213
2021-02-04,GSCI.TR,2152.949
2021-02-04,XAUUSD.Curncy,1794.03
2021-02-04,COM.US.Equity,20.217
2021-02-05,BCOM.TR,176.0748
2021-02-05,GSCI.TR,2168.828
2021-02-05,XAUUSD.Curncy,1814.11
2021-02-05,COM.US.Equity,20.2899
2021-02-08,BCOM.TR,178.3623
2021-02-08,GSCI.TR,2202.801
2021-02-08,XAUUSD.Curncy,1830.81
2021-02-08,COM.US.Equity,20.5448
2021-02-09,BCOM.TR,178.8569
2021-02-09,GSCI.TR,2211.686
2021-02-09,XAUUSD.Curncy,1838.32
2021-02-09,COM.US.Equity,20.7048
2021-02-10,BCOM.TR,178.3399
2021-02-10,GSCI.TR,2210.573
2021-02-10,XAUUSD.Curncy,1842.89
2021-02-10,COM.US.Equity,20.5524
2021-02-11,BCOM.TR,178.2186
2021-02-11,GSCI.TR,2206.468
2021-02-11,XAUUSD.Curncy,1825.51
2021-02-11,COM.US.Equity,20.5905
2021-02-12,BCOM.TR,179.4733
2021-02-12,GSCI.TR,2231.514
2021-02-12,XAUUSD.Curncy,1824.23
2021-02-12,COM.US.Equity,20.6667
2021-02-15,BCOM.TR,179.4733
2021-02-15,GSCI.TR,2231.514
2021-02-15,XAUUSD.Curncy,1818.86
2021-02-15,COM.US.Equity,20.6667
2021-02-16,BCOM.TR,181.5823
2021-02-16,GSCI.TR,2261.934
2021-02-16,XAUUSD.Curncy,1794.47
2021-02-16,COM.US.Equity,20.9564
2021-02-17,BCOM.TR,181.9042
2021-02-17,GSCI.TR,2275.781
2021-02-17,XAUUSD.Curncy,1776.13
2021-02-17,COM.US.Equity,20.945
2021-02-18,BCOM.TR,181.9882
2021-02-18,GSCI.TR,2273.989
2021-02-18,XAUUSD.Curncy,1775.67
2021-02-18,COM.US.Equity,21.0098
2021-02-19,BCOM.TR,182.118
2021-02-19,GSCI.TR,2261.053
2021-02-19,XAUUSD.Curncy,1784.25
2021-02-19,COM.US.Equity,21.1629
2021-02-22,BCOM.TR,185.107
2021-02-22,GSCI.TR,2313.067
2021-02-22,XAUUSD.Curncy,1809.67
2021-02-22,COM.US.Equity,21.5396
2021-02-23,BCOM.TR,184.9332
2021-02-23,GSCI.TR,2314.319
2021-02-23,XAUUSD.Curncy,1805.73
2021-02-23,COM.US.Equity,21.5815
2021-02-24,BCOM.TR,186.9921
2021-02-24,GSCI.TR,2353.483
2021-02-24,XAUUSD.Curncy,1805.06
2021-02-24,COM.US.Equity,21.7797
2021-02-25,BCOM.TR,185.9999
2021-02-25,GSCI.TR,2350.445
2021-02-25,XAUUSD.Curncy,1770.56
2021-02-25,COM.US.Equity,21.6044
2021-02-26,BCOM.TR,182.0712
2021-02-26,GSCI.TR,2294.251
2021-02-26,XAUUSD.Curncy,1734.04
2021-02-26,COM.US.Equity,21.3071
2021-03-01,BCOM.TR,181.0135
2021-03-01,GSCI.TR,2273.273
2021-03-01,XAUUSD.Curncy,1725.04
2021-03-01,COM.US.Equity,21.2461
2021-03-02,BCOM.TR,182.0206
2021-03-02,GSCI.TR,2270.099
2021-03-02,XAUUSD.Curncy,1738.36
2021-03-02,COM.US.Equity,21.3986
2021-03-03,BCOM.TR,181.2026
2021-03-03,GSCI.TR,2282.829
2021-03-03,XAUUSD.Curncy,1711.23
2021-03-03,COM.US.Equity,21.3376
2021-03-04,BCOM.TR,181.0135
2021-03-04,GSCI.TR,2315.249
2021-03-04,XAUUSD.Curncy,1697.52
2021-03-04,COM.US.Equity,21.3376
2021-03-05,BCOM.TR,183.3139
2021-03-05,GSCI.TR,2363.471
2021-03-05,XAUUSD.Curncy,1700.64
2021-03-05,COM.US.Equity,21.673
2021-03-08,BCOM.TR,182.2674
2021-03-08,GSCI.TR,2344.465
2021-03-08,XAUUSD.Curncy,1683.54
2021-03-08,COM.US.Equity,21.5739
2021-03-09,BCOM.TR,182.3785
2021-03-09,GSCI.TR,2330.279
2021-03-09,XAUUSD.Curncy,1716.1
2021-03-09,COM.US.Equity,21.4138
2021-03-10,BCOM.TR,182.2099
2021-03-10,GSCI.TR,2332.184
2021-03-10,XAUUSD.Curncy,1726.71
2021-03-10,COM.US.Equity,21.4748
2021-03-11,BCOM.TR,184.2026
2021-03-11,GSCI.TR,2369.657
2021-03-11,XAUUSD.Curncy,1722.6
2021-03-11,COM.US.Equity,21.6806
2021-03-12,BCOM.TR,183.5272
2021-03-12,GSCI.TR,2363.915
2021-03-12,XAUUSD.Curncy,1727.11
2021-03-12,COM.US.Equity,21.6501
2021-03-15,BCOM.TR,183.5368
2021-03-15,GSCI.TR,2362.431
2021-03-15,XAUUSD.Curncy,1731.67
2021-03-15,COM.US.Equity,21.5815
2021-03-16,BCOM.TR,183.5297
2021-03-16,GSCI.TR,2354.15
2021-03-16,XAUUSD.Curncy,1731.4
2021-03-16,COM.US.Equity,21.5587
2021-03-17,BCOM.TR,182.9603
2021-03-17,GSCI.TR,2346.589
2021-03-17,XAUUSD.Curncy,1745.33
2021-03-17,COM.US.Equity,21.5434
2021-03-18,BCOM.TR,178.6208
2021-03-18,GSCI.TR,2253.797
2021-03-18,XAUUSD.Curncy,1736.42
2021-03-18,COM.US.Equity,20.9488
2021-03-19,BCOM.TR,180.4579
2021-03-19,GSCI.TR,2281.736
2021-03-19,XAUUSD.Curncy,1745.23
2021-03-19,COM.US.Equity,21.2004
2021-03-22,BCOM.TR,180.7753
2021-03-22,GSCI.TR,2284.29
2021-03-22,XAUUSD.Curncy,1739.03
2021-03-22,COM.US.Equity,21.2004
2021-03-23,BCOM.TR,177.5976
2021-03-23,GSCI.TR,2215.893
2021-03-23,XAUUSD.Curncy,1727.07
2021-03-23,COM.US.Equity,20.8421
2021-03-24,BCOM.TR,180.0849
2021-03-24,GSCI.TR,2277.534
2021-03-24,XAUUSD.Curncy,1734.69
2021-03-24,COM.US.Equity,21.0479
2021-03-25,BCOM.TR,177.1982
2021-03-25,GSCI.TR,2220.253
2021-03-25,XAUUSD.Curncy,1726.93
2021-03-25,COM.US.Equity,20.7048
2021-03-26,BCOM.TR,179.6295
2021-03-26,GSCI.TR,2276.526
2021-03-26,XAUUSD.Curncy,1732.52
2021-03-26,COM.US.Equity,20.9717
2021-03-29,BCOM.TR,179.2047
2021-03-29,GSCI.TR,2279.227
2021-03-29,XAUUSD.Curncy,1712.2
2021-03-29,COM.US.Equity,20.9412
2021-03-30,BCOM.TR,176.6847
2021-03-30,GSCI.TR,2252.278
2021-03-30,XAUUSD.Curncy,1685.2
2021-03-30,COM.US.Equity,20.7735
2021-03-31,BCOM.TR,178.1622
2021-03-31,GSCI.TR,2244.832
2021-03-31,XAUUSD.Curncy,1707.71
2021-03-31,COM.US.Equity,21.006
2021-04-01,BCOM.TR,178.9938
2021-04-01,GSCI.TR,2276.577
2021-04-01,XAUUSD.Curncy,1729.31
2021-04-01,COM.US.Equity,21.0936
2021-04-02,BCOM.TR,178.9938
2021-04-02,GSCI.TR,2276.577
2021-04-02,XAUUSD.Curncy,1728.87
2021-04-02,COM.US.Equity,21.0936
2021-04-05,BCOM.TR,177.2326
2021-04-05,GSCI.TR,2230.037
2021-04-05,XAUUSD.Curncy,1728.27
2021-04-05,COM.US.Equity,21.0326
2021-04-06,BCOM.TR,178.506
2021-04-06,GSCI.TR,2250.411
2021-04-06,XAUUSD.Curncy,1743.27
2021-04-06,COM.US.Equity,21.1203
2021-04-07,BCOM.TR,178.847
2021-04-07,GSCI.TR,2257.025
2021-04-07,XAUUSD.Curncy,1737.72
2021-04-07,COM.US.Equity,21.1775
2021-04-08,BCOM.TR,180.1964
2021-04-08,GSCI.TR,2270.415
2021-04-08,XAUUSD.Curncy,1755.84
2021-04-08,COM.US.Equity,21.2918
2021-04-09,BCOM.TR,179.4088
2021-04-09,GSCI.TR,2263.286
2021-04-09,XAUUSD.Curncy,1743.88
2021-04-09,COM.US.Equity,21.2918
2021-04-12,BCOM.TR,178.4569
2021-04-12,GSCI.TR,2259.425
2021-04-12,XAUUSD.Curncy,1732.76
2021-04-12,COM.US.Equity,21.2232
2021-04-13,BCOM.TR,180.0258
2021-04-13,GSCI.TR,2275.118
2021-04-13,XAUUSD.Curncy,1745.51
2021-04-13,COM.US.Equity,21.2918
2021-04-14,BCOM.TR,183.3646
2021-04-14,GSCI.TR,2341.502
2021-04-14,XAUUSD.Curncy,1736.43
2021-04-14,COM.US.Equity,21.6578
2021-04-15,BCOM.TR,184.8182
2021-04-15,GSCI.TR,2354.162
2021-04-15,XAUUSD.Curncy,1763.95
2021-04-15,COM.US.Equity,21.8255
2021-04-16,BCOM.TR,184.7451
2021-04-16,GSCI.TR,2347.299
2021-04-16,XAUUSD.Curncy,1776.51
2021-04-16,COM.US.Equity,21.7874
2021-04-19,BCOM.TR,185.2963
2021-04-19,GSCI.TR,2356.217
2021-04-19,XAUUSD.Curncy,1771.43
2021-04-19,COM.US.Equity,21.8102
2021-04-20,BCOM.TR,185.7093
2021-04-20,GSCI.TR,2350.183
2021-04-20,XAUUSD.Curncy,1778.75
2021-04-20,COM.US.Equity,21.8865
2021-04-21,BCOM.TR,186.3254
2021-04-21,GSCI.TR,2339.915
2021-04-21,XAUUSD.Curncy,1793.79
2021-04-21,COM.US.Equity,21.9703
2021-04-22,BCOM.TR,187.829
2021-04-22,GSCI.TR,2354.683
2021-04-22,XAUUSD.Curncy,1783.94
2021-04-22,COM.US.Equity,22.1609
2021-04-23,BCOM.TR,188.7507
2021-04-23,GSCI.TR,2373.131
2021-04-23,XAUUSD.Curncy,1777.2
2021-04-23,COM.US.Equity,22.2752
2021-04-26,BCOM.TR,191.145
2021-04-26,GSCI.TR,2390.973
2021-04-26,XAUUSD.Curncy,1781.38
2021-04-26,COM.US.Equity,22.4963
2021-04-27,BCOM.TR,192.3259
2021-04-27,GSCI.TR,2410.89
2021-04-27,XAUUSD.Curncy,1776.6
2021-04-27,COM.US.Equity,22.5802
2021-04-28,BCOM.TR,192.5651
2021-04-28,GSCI.TR,2425.086
2021-04-28,XAUUSD.Curncy,1781.68
2021-04-28,COM.US.Equity,22.443
2021-04-29,BCOM.TR,192.518
2021-04-29,GSCI.TR,2443.039
2021-04-29,XAUUSD.Curncy,1772.18
2021-04-29,COM.US.Equity,22.4277
2021-04-30,BCOM.TR,192.933
2021-04-30,GSCI.TR,2429.595
2021-04-30,XAUUSD.Curncy,1769.13
2021-04-30,COM.US.Equity,22.4582
2021-05-03,BCOM.TR,194.2232
2021-05-03,GSCI.TR,2447.71
2021-05-03,XAUUSD.Curncy,1792.88
2021-05-03,COM.US.Equity,22.5649
2021-05-04,BCOM.TR,195.6928
2021-05-04,GSCI.TR,2480.836
2021-05-04,XAUUSD.Curncy,1779.06
2021-05-04,COM.US.Equity,22.8317
2021-05-05,BCOM.TR,196.9134
2021-05-05,GSCI.TR,2493.725
2021-05-05,XAUUSD.Curncy,1786.87
2021-05-05,COM.US.Equity,22.6259
2021-05-06,BCOM.TR,198.2924
2021-05-06,GSCI.TR,2492.064
2021-05-06,XAUUSD.Curncy,1815.22
2021-05-06,COM.US.Equity,22.8699
2021-05-07,BCOM.TR,200.1375
2021-05-07,GSCI.TR,2511.608
2021-05-07,XAUUSD.Curncy,1831.24
2021-05-07,COM.US.Equity,23.3806
2021-05-10,BCOM.TR,198.9002
2021-05-10,GSCI.TR,2500.641
2021-05-10,XAUUSD.Curncy,1836.07
2021-05-10,COM.US.Equity,23.1824
2021-05-11,BCOM.TR,200.4157
2021-05-11,GSCI.TR,2517.145
2021-05-11,XAUUSD.Curncy,1837.47
2021-05-11,COM.US.Equity,23.3273
2021-05-12,BCOM.TR,200.4417
2021-05-12,GSCI.TR,2527.267
2021-05-12,XAUUSD.Curncy,1815.69
2021-05-12,COM.US.Equity,23.1939
2021-05-13,BCOM.TR,195.7951
2021-05-13,GSCI.TR,2453.892
2021-05-13,XAUUSD.Curncy,1826.72
2021-05-13,COM.US.Equity,22.6945
2021-05-14,BCOM.TR,196.3963
2021-05-14,GSCI.TR,2470.549
2021-05-14,XAUUSD.Curncy,1843.43
2021-05-14,COM.US.Equity,22.7098
2021-05-17,BCOM.TR,199.1039
2021-05-17,GSCI.TR,2498.985
2021-05-17,XAUUSD.Curncy,1866.9
2021-05-17,COM.US.Equity,22.7784
2021-05-18,BCOM.TR,198.8929
2021-05-18,GSCI.TR,2491.796
2021-05-18,XAUUSD.Curncy,1869.44
2021-05-18,COM.US.Equity,22.8241
2021-05-19,BCOM.TR,195.2414
2021-05-19,GSCI.TR,2434.328
2021-05-19,XAUUSD.Curncy,1869.62
2021-05-19,COM.US.Equity,22.4811
2021-05-20,BCOM.TR,194.0613
2021-05-20,GSCI.TR,2410.267
2021-05-20,XAUUSD.Curncy,1877.21
2021-05-20,COM.US.Equity,22.385
2021-05-21,BCOM.TR,194.0743
2021-05-21,GSCI.TR,2429.319
2021-05-21,XAUUSD.Curncy,1881.25
2021-05-21,COM.US.Equity,22.4125
2021-05-24,BCOM.TR,195.543
2021-05-24,GSCI.TR,2466.978
2021-05-24,XAUUSD.Curncy,1881.02
2021-05-24,COM.US.Equity,22.5421
2021-05-25,BCOM.TR,195.1312
2021-05-25,GSCI.TR,2458.652
2021-05-25,XAUUSD.Curncy,1899.25
2021-05-25,COM.US.Equity,22.4353
2021-05-26,BCOM.TR,195.59
2021-05-26,GSCI.TR,2465.285
2021-05-26,XAUUSD.Curncy,1896.67
2021-05-26,COM.US.Equity,22.4658
2021-05-27,BCOM.TR,198.1493
2021-05-27,GSCI.TR,2499.917
2021-05-27,XAUUSD.Curncy,1896.54
2021-05-27,COM.US.Equity,22.7708
2021-05-28,BCOM.TR,198.197
2021-05-28,GSCI.TR,2490.862
2021-05-28,XAUUSD.Curncy,1903.77
2021-05-28,COM.US.Equity,22.6945
2021-05-31,BCOM.TR,198.197
2021-05-31,GSCI.TR,2490.862
2021-05-31,XAUUSD.Curncy,1906.87
2021-05-31,COM.US.Equity,22.6945
2021-06-01,BCOM.TR,201.0025
2021-06-01,GSCI.TR,2533.345
2021-06-01,XAUUSD.Curncy,1900.44
2021-06-01,COM.US.Equity,23.1443
2021-06-02,BCOM.TR,201.6582
2021-06-02,GSCI.TR,2548.443
2021-06-02,XAUUSD.Curncy,1908.38
2021-06-02,COM.US.Equity,23.0757
2021-06-03,BCOM.TR,199.132
2021-06-03,GSCI.TR,2528.329
2021-06-03,XAUUSD.Curncy,1870.76
2021-06-03,COM.US.Equity,22.9232
2021-06-04,BCOM.TR,202.1676
2021-06-04,GSCI.TR,2560.488
2021-06-04,XAUUSD.Curncy,1891.59
2021-06-04,COM.US.Equity,23.1519
2021-06-07,BCOM.TR,201.0467
2021-06-07,GSCI.TR,2546.315
2021-06-07,XAUUSD.Curncy,1899.21
2021-06-07,COM.US.Equity,23.19
2021-06-08,BCOM.TR,202.3583
2021-06-08,GSCI.TR,2566.406
2021-06-08,XAUUSD.Curncy,1892.89
2021-06-08,COM.US.Equity,23.3349
2021-06-09,BCOM.TR,202.4219
2021-06-09,GSCI.TR,2567.923
2021-06-09,XAUUSD.Curncy,1888.57
2021-06-09,COM.US.Equity,23.2815
2021-06-10,BCOM.TR,202.9024
2021-06-10,GSCI.TR,2576.521
2021-06-10,XAUUSD.Curncy,1898.51
2021-06-10,COM.US.Equity,23.3806
2021-06-11,BCOM.TR,202.8213
2021-06-11,GSCI.TR,2578.6
2021-06-11,XAUUSD.Curncy,1877.53
2021-06-11,COM.US.Equity,23.3044
2021-06-14,BCOM.TR,201.3778
2021-06-14,GSCI.TR,2566.492
2021-06-14,XAUUSD.Curncy,1866.18
2021-06-14,COM.US.Equity,23.0833
2021-06-15,BCOM.TR,199.7299
2021-06-15,GSCI.TR,2567.245
2021-06-15,XAUUSD.Curncy,1859.02
2021-06-15,COM.US.Equity,22.8686
2021-06-16,BCOM.TR,199.4573
2021-06-16,GSCI.TR,2568.702
2021-06-16,XAUUSD.Curncy,1811.47
2021-06-16,COM.US.Equity,22.725
2021-06-17,BCOM.TR,192.3843
2021-06-17,GSCI.TR,2498.543
2021-06-17,XAUUSD.Curncy,1773.5
2021-06-17,COM.US.Equity,22.3134
2021-06-18,BCOM.TR,194.1591
2021-06-18,GSCI.TR,2520.482
2021-06-18,XAUUSD.Curncy,1764.16
2021-06-18,COM.US.Equity,22.5116
2021-06-21,BCOM.TR,195.4972
2021-06-21,GSCI.TR,2547.102
2021-06-21,XAUUSD.Curncy,1783.27
2021-06-21,COM.US.Equity,22.6412
2021-06-22,BCOM.TR,195.4234
2021-06-22,GSCI.TR,2546.249
2021-06-22,XAUUSD.Curncy,1778.74
2021-06-22,COM.US.Equity,22.6221
2021-06-23,BCOM.TR,196.975
2021-06-23,GSCI.TR,2560.79
2021-06-23,XAUUSD.Curncy,1778.68
2021-06-23,COM.US.Equity,22.7479
2021-06-24,BCOM.TR,197.1988
2021-06-24,GSCI.TR,2562.193
2021-06-24,XAUUSD.Curncy,1775.17
2021-06-24,COM.US.Equity,22.7784
2021-06-25,BCOM.TR,197.3719
2021-06-25,GSCI.TR,2568.646
2021-06-25,XAUUSD.Curncy,1781.44
2021-06-25,COM.US.Equity,22.7021
2021-06-28,BCOM.TR,198.7168
2021-06-28,GSCI.TR,2563.318
2021-06-28,XAUUSD.Curncy,1778.48
2021-06-28,COM.US.Equity,22.8317
2021-06-29,BCOM.TR,198.9993
2021-06-29,GSCI.TR,2568.97
2021-06-29,XAUUSD.Curncy,1761.24
2021-06-29,COM.US.Equity,22.8622
2021-06-30,BCOM.TR,201.8662
2021-06-30,GSCI.TR,2597.793
2021-06-30,XAUUSD.Curncy,1770.11
2021-06-30,COM.US.Equity,23.0909
2021-07-01,BCOM.TR,202.1823
2021-07-01,GSCI.TR,2619.852
2021-07-01,XAUUSD.Curncy,1776.84
2021-07-01,COM.US.Equity,23.1062
2021-07-02,BCOM.TR,202.7936
2021-07-02,GSCI.TR,2624.366
2021-07-02,XAUUSD.Curncy,1787.3
2021-07-02,COM.US.Equity,23.2282
2021-07-05,BCOM.TR,202.7936
2021-07-05,GSCI.TR,2624.366
2021-07-05,XAUUSD.Curncy,1791.77
2021-07-05,COM.US.Equity,23.2282
2021-07-06,BCOM.TR,198.1437
2021-07-06,GSCI.TR,2563.191
2021-07-06,XAUUSD.Curncy,1797.08
2021-07-06,COM.US.Equity,22.7672
2021-07-07,BCOM.TR,197.4553
2021-07-07,GSCI.TR,2538.991
2021-07-07,XAUUSD.Curncy,1803.63
2021-07-07,COM.US.Equity,22.6717
2021-07-08,BCOM.TR,197.6729
2021-07-08,GSCI.TR,2547.741
2021-07-08,XAUUSD.Curncy,1802.83
2021-07-08,COM.US.Equity,22.6793
2021-07-09,BCOM.TR,199.6381
2021-07-09,GSCI.TR,2583.979
2021-07-09,XAUUSD.Curncy,1808.32
2021-07-09,COM.US.Equity,22.7784
2021-07-12,BCOM.TR,200.641
2021-07-12,GSCI.TR,2587.051
2021-07-12,XAUUSD.Curncy,1806.28
2021-07-12,COM.US.Equity,22.8968
2021-07-13,BCOM.TR,201.7395
2021-07-13,GSCI.TR,2614.229
2021-07-13,XAUUSD.Curncy,1807.76
2021-07-13,COM.US.Equity,22.9842
2021-07-14,BCOM.TR,201.5873
2021-07-14,GSCI.TR,2591.344
2021-07-14,XAUUSD.Curncy,1827.53
2021-07-14,COM.US.Equity,23.0376
2021-07-15,BCOM.TR,200.9895
2021-07-15,GSCI.TR,2571.394
2021-07-15,XAUUSD.Curncy,1829.47
2021-07-15,COM.US.Equity,23.0223
2021-07-16,BCOM.TR,201.6343
2021-07-16,GSCI.TR,2575.469
2021-07-16,XAUUSD.Curncy,1812.05
2021-07-16,COM.US.Equity,23.1291
2021-07-19,BCOM.TR,196.6379
2021-07-19,GSCI.TR,2469.834
2021-07-19,XAUUSD.Curncy,1812.64
2021-07-19,COM.US.Equity,22.6717
2021-07-20,BCOM.TR,199.2469
2021-07-20,GSCI.TR,2499.682
2021-07-20,XAUUSD.Curncy,1810.36
2021-07-20,COM.US.Equity,22.8927
2021-07-21,BCOM.TR,202.2113
2021-07-21,GSCI.TR,2562.164
2021-07-21,XAUUSD.Curncy,1803.66
2021-07-21,COM.US.Equity,23.1367
2021-07-22,BCOM.TR,203.932
2021-07-22,GSCI.TR,2592.612
2021-07-22,XAUUSD.Curncy,1806.92
2021-07-22,COM.US.Equity,23.2167
2021-07-23,BCOM.TR,204.3231
2021-07-23,GSCI.TR,2596.505
2021-07-23,XAUUSD.Curncy,1802.15
2021-07-23,COM.US.Equity,23.2282
2021-07-26,BCOM.TR,206.3586
2021-07-26,GSCI.TR,2610.387
2021-07-26,XAUUSD.Curncy,1797.63
2021-07-26,COM.US.Equity,23.3882
2021-07-27,BCOM.TR,204.6344
2021-07-27,GSCI.TR,2598.662
2021-07-27,XAUUSD.Curncy,1799.09
2021-07-27,COM.US.Equity,23.3349
2021-07-28,BCOM.TR,205.3746
2021-07-28,GSCI.TR,2611.614
2021-07-28,XAUUSD.Curncy,1807.11
2021-07-28,COM.US.Equity,23.4035
2021-07-29,BCOM.TR,208.2043
2021-07-29,GSCI.TR,2649.454
2021-07-29,XAUUSD.Curncy,1828.17
2021-07-29,COM.US.Equity,23.6093
2021-07-30,BCOM.TR,205.5776
2021-07-30,GSCI.TR,2638.689
2021-07-30,XAUUSD.Curncy,1814.19
2021-07-30,COM.US.Equity,23.434
2021-08-02,BCOM.TR,204.4508
2021-08-02,GSCI.TR,2601.279
2021-08-02,XAUUSD.Curncy,1813.47
2021-08-02,COM.US.Equity,23.4416
2021-08-03,BCOM.TR,203.5977
2021-08-03,GSCI.TR,2585.17
2021-08-03,XAUUSD.Curncy,1810.44
2021-08-03,COM.US.Equity,23.3959
2021-08-04,BCOM.TR,202.5423
2021-08-04,GSCI.TR,2544.964
2021-08-04,XAUUSD.Curncy,1811.74
2021-08-04,COM.US.Equity,23.2434
2021-08-05,BCOM.TR,203.5006
2021-08-05,GSCI.TR,2565.155
2021-08-05,XAUUSD.Curncy,1804.41
2021-08-05,COM.US.Equity,23.3501
2021-08-06,BCOM.TR,202.1843
2021-08-06,GSCI.TR,2548.298
2021-08-06,XAUUSD.Curncy,1763.03
2021-08-06,COM.US.Equity,23.3959
2021-08-09,BCOM.TR,198.851
2021-08-09,GSCI.TR,2501.675
2021-08-09,XAUUSD.Curncy,1729.94
2021-08-09,COM.US.Equity,23.2129
2021-08-10,BCOM.TR,201.537
2021-08-10,GSCI.TR,2545.934
2021-08-10,XAUUSD.Curncy,1728.93
2021-08-10,COM.US.Equity,23.4569
2021-08-11,BCOM.TR,202.7755
2021-08-11,GSCI.TR,2565.597
2021-08-11,XAUUSD.Curncy,1751.7
2021-08-11,COM.US.Equity,23.5483
2021-08-12,BCOM.TR,202.8138
2021-08-12,GSCI.TR,2570.54
2021-08-12,XAUUSD.Curncy,1752.9
2021-08-12,COM.US.Equity,23.6551
2021-08-13,BCOM.TR,203.2211
2021-08-13,GSCI.TR,2565.054
2021-08-13,XAUUSD.Curncy,1779.74
2021-08-13,COM.US.Equity,23.6881
2021-08-16,BCOM.TR,202.9123
2021-08-16,GSCI.TR,2544.429
2021-08-16,XAUUSD.Curncy,1787.45
2021-08-16,COM.US.Equity,23.5712
2021-08-17,BCOM.TR,200.7086
2021-08-17,GSCI.TR,2519.541
2021-08-17,XAUUSD.Curncy,1786.19
2021-08-17,COM.US.Equity,23.4339
2021-08-18,BCOM.TR,199.6405
2021-08-18,GSCI.TR,2499.32
2021-08-18,XAUUSD.Curncy,1787.82
2021-08-18,COM.US.Equity,23.3189
2021-08-19,BCOM.TR,196.2726
2021-08-19,GSCI.TR,2446.075
2021-08-19,XAUUSD.Curncy,1780.38
2021-08-19,COM.US.Equity,23.0338
2021-08-20,BCOM.TR,194.6618
2021-08-20,GSCI.TR,2416.896
2021-08-20,XAUUSD.Curncy,1781.11
2021-08-20,COM.US.Equity,22.7898
2021-08-23,BCOM.TR,198.8823
2021-08-23,GSCI.TR,2496.2
2021-08-23,XAUUSD.Curncy,1805.43
2021-08-23,COM.US.Equity,23.0757
2021-08-24,BCOM.TR,201.5394
2021-08-24,GSCI.TR,2542.423
2021-08-24,XAUUSD.Curncy,1802.9
2021-08-24,COM.US.Equity,23.3882
2021-08-25,BCOM.TR,202.3549
2021-08-25,GSCI.TR,2563.058
2021-08-25,XAUUSD.Curncy,1791
2021-08-25,COM.US.Equity,23.495
2021-08-26,BCOM.TR,202.7586
2021-08-26,GSCI.TR,2549.678
2021-08-26,XAUUSD.Curncy,1792.43
2021-08-26,COM.US.Equity,23.4721
2021-08-27,BCOM.TR,205.7474
2021-08-27,GSCI.TR,2586.401
2021-08-27,XAUUSD.Curncy,1817.57
2021-08-27,COM.US.Equity,23.6017
2021-08-30,BCOM.TR,205.3819
2021-08-30,GSCI.TR,2589.346
2021-08-30,XAUUSD.Curncy,1810.34
2021-08-30,COM.US.Equity,23.6093
2021-08-31,BCOM.TR,204.9696
2021-08-31,GSCI.TR,2577.953
2021-08-31,XAUUSD.Curncy,1813.62
2021-08-31,COM.US.Equity,23.6474
2021-09-01,BCOM.TR,205.141
2021-09-01,GSCI.TR,2571.697
2021-09-01,XAUUSD.Curncy,1813.9
2021-09-01,COM.US.Equity,23.3959
2021-09-02,BCOM.TR,206.5252
2021-09-02,GSCI.TR,2603.753
2021-09-02,XAUUSD.Curncy,1809.66
2021-09-02,COM.US.Equity,23.5788
2021-09-03,BCOM.TR,207.3849
2021-09-03,GSCI.TR,2599.987
2021-09-03,XAUUSD.Curncy,1827.73
2021-09-03,COM.US.Equity,23.6322
2021-09-06,BCOM.TR,207.3849
2021-09-06,GSCI.TR,2599.987
2021-09-06,XAUUSD.Curncy,1823.29
2021-09-06,COM.US.Equity,23.6322
2021-09-07,BCOM.TR,204.5582
2021-09-07,GSCI.TR,2566.873
2021-09-07,XAUUSD.Curncy,1794.36
2021-09-07,COM.US.Equity,23.434
2021-09-08,BCOM.TR,206.4726
2021-09-08,GSCI.TR,2586.594
2021-09-08,XAUUSD.Curncy,1789.26
2021-09-08,COM.US.Equity,23.4645
2021-09-09,BCOM.TR,206.2111
2021-09-09,GSCI.TR,2569.494
2021-09-09,XAUUSD.Curncy,1794.58
2021-09-09,COM.US.Equity,23.4111
2021-09-10,BCOM.TR,207.3624
2021-09-10,GSCI.TR,2601.889
2021-09-10,XAUUSD.Curncy,1787.58
2021-09-10,COM.US.Equity,23.6017
2021-09-13,BCOM.TR,208.577
2021-09-13,GSCI.TR,2612.904
2021-09-13,XAUUSD.Curncy,1793.75
2021-09-13,COM.US.Equity,23.6171
2021-09-14,BCOM.TR,208.9716
2021-09-14,GSCI.TR,2616.86
2021-09-14,XAUUSD.Curncy,1804.51
2021-09-14,COM.US.Equity,23.6398
2021-09-15,BCOM.TR,212.6556
2021-09-15,GSCI.TR,2671.236
2021-09-15,XAUUSD.Curncy,1794.06
2021-09-15,COM.US.Equity,23.8075
2021-09-16,BCOM.TR,210.5346
2021-09-16,GSCI.TR,2659.297
2021-09-16,XAUUSD.Curncy,1753.77
2021-09-16,COM.US.Equity,23.6932
2021-09-17,BCOM.TR,208.3064
2021-09-17,GSCI.TR,2641.048
2021-09-17,XAUUSD.Curncy,1754.34
2021-09-17,COM.US.Equity,23.5483
2021-09-20,BCOM.TR,205.1153
2021-09-20,GSCI.TR,2595.485
2021-09-20,XAUUSD.Curncy,1764.16
2021-09-20,COM.US.Equity,23.2358
2021-09-21,BCOM.TR,204.5057
2021-09-21,GSCI.TR,2593.274
2021-09-21,XAUUSD.Curncy,1774.51
2021-09-21,COM.US.Equity,23.2586
2021-09-22,BCOM.TR,207.4537
2021-09-22,GSCI.TR,2643.305
2021-09-22,XAUUSD.Curncy,1768.16
2021-09-22,COM.US.Equity,23.4781
2021-09-23,BCOM.TR,209.7785
2021-09-23,GSCI.TR,2676.163
2021-09-23,XAUUSD.Curncy,1742.76
2021-09-23,COM.US.Equity,23.7084
2021-09-24,BCOM.TR,211.3636
2021-09-24,GSCI.TR,2694.349
2021-09-24,XAUUSD.Curncy,1750.42
2021-09-24,COM.US.Equity,23.8342
2021-09-27,BCOM.TR,215.3098
2021-09-27,GSCI.TR,2738.284
2021-09-27,XAUUSD.Curncy,1750.16
2021-09-27,COM.US.Equity,24.021
2021-09-28,BCOM.TR,215.5045
2021-09-28,GSCI.TR,2732.997
2021-09-28,XAUUSD.Curncy,1734.01
2021-09-28,COM.US.Equity,23.9447
2021-09-29,BCOM.TR,212.6889
2021-09-29,GSCI.TR,2717.848
2021-09-29,XAUUSD.Curncy,1726.37
2021-09-29,COM.US.Equity,23.9829
2021-09-30,BCOM.TR,215.1673
2021-09-30,GSCI.TR,2733.489
2021-09-30,XAUUSD.Curncy,1756.95
2021-09-30,COM.US.Equity,24.1506
2021-10-01,BCOM.TR,215.5283
2021-10-01,GSCI.TR,2754.096
2021-10-01,XAUUSD.Curncy,1760.98
2021-10-01,COM.US.Equity,24.2802
2021-10-04,BCOM.TR,217.934
2021-10-04,GSCI.TR,2799.453
2021-10-04,XAUUSD.Curncy,1769.57
2021-10-04,COM.US.Equity,24.4403
2021-10-05,BCOM.TR,221.7785
2021-10-05,GSCI.TR,2839.255
2021-10-05,XAUUSD.Curncy,1760.18
2021-10-05,COM.US.Equity,24.7147
2021-10-06,BCOM.TR,216.9507
2021-10-06,GSCI.TR,2789.63
2021-10-06,XAUUSD.Curncy,1762.74
2021-10-06,COM.US.Equity,24.5699
2021-10-07,BCOM.TR,218.5504
2021-10-07,GSCI.TR,2814
2021-10-07,XAUUSD.Curncy,1755.78
2021-10-07,COM.US.Equity,24.7071
2021-10-08,BCOM.TR,219.1463
2021-10-08,GSCI.TR,2830.677
2021-10-08,XAUUSD.Curncy,1757.13
2021-10-08,COM.US.Equity,24.7376
2021-10-11,BCOM.TR,219.3448
2021-10-11,GSCI.TR,2853.847
2021-10-11,XAUUSD.Curncy,1754.15
2021-10-11,COM.US.Equity,24.7973
2021-10-12,BCOM.TR,219.3784
2021-10-12,GSCI.TR,2847.234
2021-10-12,XAUUSD.Curncy,1760.18
2021-10-12,COM.US.Equity,24.6995
2021-10-13,BCOM.TR,220.5488
2021-10-13,GSCI.TR,2847.581
2021-10-13,XAUUSD.Curncy,1792.97
2021-10-13,COM.US.Equity,24.7528
2021-10-14,BCOM.TR,222.971
2021-10-14,GSCI.TR,2880.615
2021-10-14,XAUUSD.Curncy,1795.87
2021-10-14,COM.US.Equity,24.9358
2021-10-15,BCOM.TR,223.651
2021-10-15,GSCI.TR,2909.18
2021-10-15,XAUUSD.Curncy,1767.62
2021-10-15,COM.US.Equity,25.0577
2021-10-18,BCOM.TR,221.2786
2021-10-18,GSCI.TR,2892.866
2021-10-18,XAUUSD.Curncy,1764.86
2021-10-18,COM.US.Equity,24.9739
2021-10-19,BCOM.TR,221.8958
2021-10-19,GSCI.TR,2900.143
2021-10-19,XAUUSD.Curncy,1769.29
2021-10-19,COM.US.Equity,24.9815
2021-10-20,BCOM.TR,224.5405
2021-10-20,GSCI.TR,2929.115
2021-10-20,XAUUSD.Curncy,1782.08
2021-10-20,COM.US.Equity,25.1492
2021-10-21,BCOM.TR,220.3663
2021-10-21,GSCI.TR,2880.202
2021-10-21,XAUUSD.Curncy,1782.9
2021-10-21,COM.US.Equity,24.8824
2021-10-22,BCOM.TR,221.5713
2021-10-22,GSCI.TR,2901.006
2021-10-22,XAUUSD.Curncy,1792.65
2021-10-22,COM.US.Equity,24.9281
2021-10-25,BCOM.TR,226.0264
2021-10-25,GSCI.TR,2932.774
2021-10-25,XAUUSD.Curncy,1807.73
2021-10-25,COM.US.Equity,25.0196
2021-10-26,BCOM.TR,225.6806
2021-10-26,GSCI.TR,2940.413
2021-10-26,XAUUSD.Curncy,1792.91
2021-10-26,COM.US.Equity,25.0349
2021-10-27,BCOM.TR,224.3992
2021-10-27,GSCI.TR,2900.758
2021-10-27,XAUUSD.Curncy,1796.81
2021-10-27,COM.US.Equity,24.9281
2021-10-28,BCOM.TR,222.7357
2021-10-28,GSCI.TR,2896.802
2021-10-28,XAUUSD.Curncy,1798.91
2021-10-28,COM.US.Equity,25.0273
2021-10-29,BCOM.TR,220.7274
2021-10-29,GSCI.TR,2891.951
2021-10-29,XAUUSD.Curncy,1783.38
2021-10-29,COM.US.Equity,24.9739
2021-11-01,BCOM.TR,221.3366
2021-11-01,GSCI.TR,2912.465
2021-11-01,XAUUSD.Curncy,1793.28
2021-11-01,COM.US.Equity,25.1797
2021-11-02,BCOM.TR,222.5651
2021-11-02,GSCI.TR,2915.295
2021-11-02,XAUUSD.Curncy,1787.76
2021-11-02,COM.US.Equity,25.1721
2021-11-03,BCOM.TR,220.2465
2021-11-03,GSCI.TR,2855.152
2021-11-03,XAUUSD.Curncy,1769.84
2021-11-03,COM.US.Equity,24.9729
2021-11-04,BCOM.TR,219.0558
2021-11-04,GSCI.TR,2820.23
2021-11-04,XAUUSD.Curncy,1792.04
2021-11-04,COM.US.Equity,24.89
2021-11-05,BCOM.TR,219.4015
2021-11-05,GSCI.TR,2854.84
2021-11-05,XAUUSD.Curncy,1818.36
2021-11-05,COM.US.Equity,25.0196
2021-11-08,BCOM.TR,219.497
2021-11-08,GSCI.TR,2868.298
2021-11-08,XAUUSD.Curncy,1824.18
2021-11-08,COM.US.Equity,25.0806
2021-11-09,BCOM.TR,218.8373
2021-11-09,GSCI.TR,2891.038
2021-11-09,XAUUSD.Curncy,1831.92
2021-11-09,COM.US.Equity,25.2026
2021-11-10,BCOM.TR,217.8672
2021-11-10,GSCI.TR,2857.044
2021-11-10,XAUUSD.Curncy,1849.6
2021-11-10,COM.US.Equity,25.0425
2021-11-11,BCOM.TR,220.6737
2021-11-11,GSCI.TR,2875.645
2021-11-11,XAUUSD.Curncy,1862.11
2021-11-11,COM.US.Equity,25.1187
2021-11-12,BCOM.TR,219.5337
2021-11-12,GSCI.TR,2861.129
2021-11-12,XAUUSD.Curncy,1864.9
2021-11-12,COM.US.Equity,25.1645
2021-11-15,BCOM.TR,220.3023
2021-11-15,GSCI.TR,2862.72
2021-11-15,XAUUSD.Curncy,1862.84
2021-11-15,COM.US.Equity,25.1568
2021-11-16,BCOM.TR,220.6909
2021-11-16,GSCI.TR,2864.776
2021-11-16,XAUUSD.Curncy,1850.63
2021-11-16,COM.US.Equity,25.1187
2021-11-17,BCOM.TR,218.7047
2021-11-17,GSCI.TR,2824.878
2021-11-17,XAUUSD.Curncy,1867.48
2021-11-17,COM.US.Equity,25.0959
2021-11-18,BCOM.TR,219.0061
2021-11-18,GSCI.TR,2838.476
2021-11-18,XAUUSD.Curncy,1858.94
2021-11-18,COM.US.Equity,25.0959
2021-11-19,BCOM.TR,218.4979
2021-11-19,GSCI.TR,2799.492
2021-11-19,XAUUSD.Curncy,1845.73
2021-11-19,COM.US.Equity,24.9281
2021-11-22,BCOM.TR,218.0332
2021-11-22,GSCI.TR,2820.315
2021-11-22,XAUUSD.Curncy,1804.65
2021-11-22,COM.US.Equity,24.9129
2021-11-23,BCOM.TR,220.4872
2021-11-23,GSCI.TR,2865.331
2021-11-23,XAUUSD.Curncy,1789.16
2021-11-23,COM.US.Equity,25.1187
2021-11-24,BCOM.TR,221.2268
2021-11-24,GSCI.TR,2868.01
2021-11-24,XAUUSD.Curncy,1788.61
2021-11-24,COM.US.Equity,25.0425
2021-11-25,BCOM.TR,221.2268
2021-11-25,GSCI.TR,2868.01
2021-11-25,XAUUSD.Curncy,1788.85
2021-11-25,COM.US.Equity,25.0425
2021-11-26,BCOM.TR,213.7845
2021-11-26,GSCI.TR,2665.228
2021-11-26,XAUUSD.Curncy,1802.59
2021-11-26,COM.US.Equity,24.2794
2021-11-29,BCOM.TR,210.8309
2021-11-29,GSCI.TR,2677.822
2021-11-29,XAUUSD.Curncy,1784.6
2021-11-29,COM.US.Equity,24.2573
2021-11-30,BCOM.TR,204.591
2021-11-30,GSCI.TR,2578.938
2021-11-30,XAUUSD.Curncy,1774.52
2021-11-30,COM.US.Equity,23.7694
2021-12-01,BCOM.TR,203.3212
2021-12-01,GSCI.TR,2573.235
2021-12-01,XAUUSD.Curncy,1781.73
2021-12-01,COM.US.Equity,23.6816
2021-12-02,BCOM.TR,203.1402
2021-12-02,GSCI.TR,2587.565
2021-12-02,XAUUSD.Curncy,1768.74
2021-12-02,COM.US.Equity,23.7999
2021-12-03,BCOM.TR,204.5839
2021-12-03,GSCI.TR,2592.321
2021-12-03,XAUUSD.Curncy,1783.29
2021-12-03,COM.US.Equity,23.8456
2021-12-06,BCOM.TR,204.376
2021-12-06,GSCI.TR,2637.53
2021-12-06,XAUUSD.Curncy,1778.67
2021-12-06,COM.US.Equity,24.0743
2021-12-07,BCOM.TR,206.5046
2021-12-07,GSCI.TR,2689.43
2021-12-07,XAUUSD.Curncy,1784.13
2021-12-07,COM.US.Equity,24.2164
2021-12-08,BCOM.TR,207.7014
2021-12-08,GSCI.TR,2703.47
2021-12-08,XAUUSD.Curncy,1782.99
2021-12-08,COM.US.Equity,24.364
2021-12-09,BCOM.TR,206.2033
2021-12-09,GSCI.TR,2676.28
2021-12-09,XAUUSD.Curncy,1775.33
2021-12-09,COM.US.Equity,24.1506
2021-12-10,BCOM.TR,206.9409
2021-12-10,GSCI.TR,2690.555
2021-12-10,XAUUSD.Curncy,1782.84
2021-12-10,COM.US.Equity,24.2573
2021-12-13,BCOM.TR,206.0934
2021-12-13,GSCI.TR,2678.888
2021-12-13,XAUUSD.Curncy,1786.67
2021-12-13,COM.US.Equity,24.2116
2021-12-14,BCOM.TR,204.9924
2021-12-14,GSCI.TR,2664.254
2021-12-14,XAUUSD.Curncy,1770.85
2021-12-14,COM.US.Equity,24.1048
2021-12-15,BCOM.TR,203.9981
2021-12-15,GSCI.TR,2651.588
2021-12-15,XAUUSD.Curncy,1776.92
2021-12-15,COM.US.Equity,24.1201
2021-12-16,BCOM.TR,207.2389
2021-12-16,GSCI.TR,2699.951
2021-12-16,XAUUSD.Curncy,1799.35
2021-12-16,COM.US.Equity,24.2573
2021-12-17,BCOM.TR,205.9289
2021-12-17,GSCI.TR,2671.342
2021-12-17,XAUUSD.Curncy,1798.11
2021-12-17,COM.US.Equity,24.1201
2021-12-20,BCOM.TR,203.7065
2021-12-20,GSCI.TR,2623.87
2021-12-20,XAUUSD.Curncy,1790.93
2021-12-20,COM.US.Equity,23.9752
2021-12-21,BCOM.TR,207.475
2021-12-21,GSCI.TR,2692.887
2021-12-21,XAUUSD.Curncy,1789.27
2021-12-21,COM.US.Equity,24.262
2021-12-22,BCOM.TR,210.8496
2021-12-22,GSCI.TR,2738.495
2021-12-22,XAUUSD.Curncy,1803.67
2021-12-22,COM.US.Equity,24.4727
2021-12-23,BCOM.TR,211.2218
2021-12-23,GSCI.TR,2760.662
2021-12-23,XAUUSD.Curncy,1808.81
2021-12-23,COM.US.Equity,24.5739
2021-12-24,BCOM.TR,211.2218
2021-12-24,GSCI.TR,2760.662
2021-12-24,XAUUSD.Curncy,1810.26
2021-12-24,COM.US.Equity,24.5739
2021-12-27,BCOM.TR,214.3779
2021-12-27,GSCI.TR,2801.153
2021-12-27,XAUUSD.Curncy,1812.13
2021-12-27,COM.US.Equity,24.7341
2021-12-28,BCOM.TR,213.6978
2021-12-28,GSCI.TR,2799.403
2021-12-28,XAUUSD.Curncy,1806.18
2021-12-28,COM.US.Equity,24.5233
2021-12-29,BCOM.TR,213.974
2021-12-29,GSCI.TR,2812.378
2021-12-29,XAUUSD.Curncy,1804.71
2021-12-29,COM.US.Equity,24.6835
2021-12-30,BCOM.TR,212.3561
2021-12-30,GSCI.TR,2808.291
2021-12-30,XAUUSD.Curncy,1814.67
2021-12-30,COM.US.Equity,24.6413
2021-12-31,BCOM.TR,211.8033
2021-12-31,GSCI.TR,2774.726
2021-12-31,XAUUSD.Curncy,1829.2
2021-12-31,COM.US.Equity,24.5992
2022-01-03,BCOM.TR,212.4339
2022-01-03,GSCI.TR,2791.076
2022-01-03,XAUUSD.Curncy,1801.45
2022-01-03,COM.US.Equity,24.5486
2022-01-04,BCOM.TR,214.8169
2022-01-04,GSCI.TR,2823.22
2022-01-04,XAUUSD.Curncy,1814.6
2022-01-04,COM.US.Equity,24.7847
2022-01-05,BCOM.TR,216.0515
2022-01-05,GSCI.TR,2843.812
2022-01-05,XAUUSD.Curncy,1810.44
2022-01-05,COM.US.Equity,24.6666
2022-01-06,BCOM.TR,215.256
2022-01-06,GSCI.TR,2858.134
2022-01-06,XAUUSD.Curncy,1791.16
2022-01-06,COM.US.Equity,24.6161
2022-01-07,BCOM.TR,216.3284
2022-01-07,GSCI.TR,2859.877
2022-01-07,XAUUSD.Curncy,1796.55
2022-01-07,COM.US.Equity,24.7341
2022-01-10,BCOM.TR,215.4161
2022-01-10,GSCI.TR,2843.564
2022-01-10,XAUUSD.Curncy,1801.68
2022-01-10,COM.US.Equity,24.6329
2022-01-11,BCOM.TR,219.489
2022-01-11,GSCI.TR,2913.263
2022-01-11,XAUUSD.Curncy,1821.6
2022-01-11,COM.US.Equity,24.8437
2022-01-12,BCOM.TR,223.0197
2022-01-12,GSCI.TR,2954.651
2022-01-12,XAUUSD.Curncy,1826.15
2022-01-12,COM.US.Equity,25.0291
2022-01-13,BCOM.TR,220.0946
2022-01-13,GSCI.TR,2929.896
2022-01-13,XAUUSD.Curncy,1822.54
2022-01-13,COM.US.Equity,24.8851
2022-01-14,BCOM.TR,221.1529
2022-01-14,GSCI.TR,2963.094
2022-01-14,XAUUSD.Curncy,1817.94
2022-01-14,COM.US.Equity,25.0881
2022-01-17,BCOM.TR,221.1529
2022-01-17,GSCI.TR,2963.094
2022-01-17,XAUUSD.Curncy,1819.23
2022-01-17,COM.US.Equity,25.0881
2022-01-18,BCOM.TR,222.3965
2022-01-18,GSCI.TR,2997.685
2022-01-18,XAUUSD.Curncy,1813.74
2022-01-18,COM.US.Equity,25.0291
2022-01-19,BCOM.TR,225.2129
2022-01-19,GSCI.TR,3033.775
2022-01-19,XAUUSD.Curncy,1840.54
2022-01-19,COM.US.Equity,25.341
2022-01-20,BCOM.TR,225.8312
2022-01-20,GSCI.TR,3035.978
2022-01-20,XAUUSD.Curncy,1839.29
2022-01-20,COM.US.Equity,25.3073
2022-01-21,BCOM.TR,225.0369
2022-01-21,GSCI.TR,3023.373
2022-01-21,XAUUSD.Curncy,1835.38
2022-01-21,COM.US.Equity,25.2567
2022-01-24,BCOM.TR,223.4527
2022-01-24,GSCI.TR,2987.147
2022-01-24,XAUUSD.Curncy,1843.06
2022-01-24,COM.US.Equity,25.282
2022-01-25,BCOM.TR,225.5912
2022-01-25,GSCI.TR,3034.137
2022-01-25,XAUUSD.Curncy,1848.02
2022-01-25,COM.US.Equity,25.4422
2022-01-26,BCOM.TR,227.753
2022-01-26,GSCI.TR,3076.413
2022-01-26,XAUUSD.Curncy,1819.59
2022-01-26,COM.US.Equity,25.4085
2022-01-27,BCOM.TR,226.8174
2022-01-27,GSCI.TR,3062.499
2022-01-27,XAUUSD.Curncy,1797.43
2022-01-27,COM.US.Equity,25.2989
2022-01-28,BCOM.TR,228.8661
2022-01-28,GSCI.TR,3080.42
2022-01-28,XAUUSD.Curncy,1791.53
2022-01-28,COM.US.Equity,25.3495
2022-01-31,BCOM.TR,230.397
2022-01-31,GSCI.TR,3097.529
2022-01-31,XAUUSD.Curncy,1797.17
2022-01-31,COM.US.Equity,25.4928
2022-02-01,BCOM.TR,231.9168
2022-02-01,GSCI.TR,3111.999
2022-02-01,XAUUSD.Curncy,1801.19
2022-02-01,COM.US.Equity,25.7457
2022-02-02,BCOM.TR,235.5391
2022-02-02,GSCI.TR,3132.84
2022-02-02,XAUUSD.Curncy,1806.8
2022-02-02,COM.US.Equity,25.6614
2022-02-03,BCOM.TR,233.5573
2022-02-03,GSCI.TR,3153.45
2022-02-03,XAUUSD.Curncy,1804.85
2022-02-03,COM.US.Equity,25.8721
2022-02-04,BCOM.TR,234.058
2022-02-04,GSCI.TR,3193.099
2022-02-04,XAUUSD.Curncy,1808.28
2022-02-04,COM.US.Equity,25.7626
2022-02-07,BCOM.TR,233.6842
2022-02-07,GSCI.TR,3183.159
2022-02-07,XAUUSD.Curncy,1820.47
2022-02-07,COM.US.Equity,25.9227
2022-02-08,BCOM.TR,232.6531
2022-02-08,GSCI.TR,3147.008
2022-02-08,XAUUSD.Curncy,1825.92
2022-02-08,COM.US.Equity,25.8637
2022-02-09,BCOM.TR,234.428
2022-02-09,GSCI.TR,3177.708
2022-02-09,XAUUSD.Curncy,1833.36
2022-02-09,COM.US.Equity,26.1335
2022-02-10,BCOM.TR,233.8932
2022-02-10,GSCI.TR,3174.8
2022-02-10,XAUUSD.Curncy,1826.85
2022-02-10,COM.US.Equity,26.0239
2022-02-11,BCOM.TR,234.7617
2022-02-11,GSCI.TR,3218.686
2022-02-11,XAUUSD.Curncy,1858.76
2022-02-11,COM.US.Equity,26.3105
2022-02-14,BCOM.TR,237.3438
2022-02-14,GSCI.TR,3265.29
2022-02-14,XAUUSD.Curncy,1871.18
2022-02-14,COM.US.Equity,26.3442
2022-02-15,BCOM.TR,234.7536
2022-02-15,GSCI.TR,3196.611
2022-02-15,XAUUSD.Curncy,1853.61
2022-02-15,COM.US.Equity,26.0829
2022-02-16,BCOM.TR,238.5683
2022-02-16,GSCI.TR,3243.343
2022-02-16,XAUUSD.Curncy,1869.8
2022-02-16,COM.US.Equity,26.1082
2022-02-17,BCOM.TR,238.2768
2022-02-17,GSCI.TR,3213.097
2022-02-17,XAUUSD.Curncy,1898.43
2022-02-17,COM.US.Equity,26.3189
2022-02-18,BCOM.TR,238.4807
2022-02-18,GSCI.TR,3221.505
2022-02-18,XAUUSD.Curncy,1898.43
2022-02-18,COM.US.Equity,26.3695
2022-02-21,BCOM.TR,238.4807
2022-02-21,GSCI.TR,3221.505
2022-02-21,XAUUSD.Curncy,1906.29
2022-02-21,COM.US.Equity,26.3695
2022-02-22,BCOM.TR,242.5735
2022-02-22,GSCI.TR,3284.847
2022-02-22,XAUUSD.Curncy,1898.64
2022-02-22,COM.US.Equity,26.7657
2022-02-23,BCOM.TR,244.282
2022-02-23,GSCI.TR,3298.06
2022-02-23,XAUUSD.Curncy,1909.01
2022-02-23,COM.US.Equity,26.7657
2022-02-24,BCOM.TR,246.267
2022-02-24,GSCI.TR,3341.861
2022-02-24,XAUUSD.Curncy,1903.89
2022-02-24,COM.US.Equity,26.8332
2022-02-25,BCOM.TR,240.1389
2022-02-25,GSCI.TR,3266.911
2022-02-25,XAUUSD.Curncy,1889.34
2022-02-25,COM.US.Equity,26.3442
2022-02-28,BCOM.TR,244.7501
2022-02-28,GSCI.TR,3369.301
2022-02-28,XAUUSD.Curncy,1908.99
2022-02-28,COM.US.Equity,26.8838
2022-03-01,BCOM.TR,254.8871
2022-03-01,GSCI.TR,3558.34
2022-03-01,XAUUSD.Curncy,1945.28
2022-03-01,COM.US.Equity,27.6088
2022-03-02,BCOM.TR,260.8818
2022-03-02,GSCI.TR,3734.894
2022-03-02,XAUUSD.Curncy,1928.72
2022-03-02,COM.US.Equity,27.9291
2022-03-03,BCOM.TR,262.6514
2022-03-03,GSCI.TR,3733.847
2022-03-03,XAUUSD.Curncy,1935.95
2022-03-03,COM.US.Equity,28.4686
2022-03-04,BCOM.TR,271.4194
2022-03-04,GSCI.TR,3921.458
2022-03-04,XAUUSD.Curncy,1970.7
2022-03-04,COM.US.Equity,29.1009
2022-03-07,BCOM.TR,279.6246
2022-03-07,GSCI.TR,4040.192
2022-03-07,XAUUSD.Curncy,1998.11
2022-03-07,COM.US.Equity,29.5983
2022-03-08,BCOM.TR,283.4054
2022-03-08,GSCI.TR,4152.16
2022-03-08,XAUUSD.Curncy,2050.76
2022-03-08,COM.US.Equity,30.1884
2022-03-09,BCOM.TR,268.8902
2022-03-09,GSCI.TR,3780.442
2022-03-09,XAUUSD.Curncy,1991.83
2022-03-09,COM.US.Equity,28.5276
2022-03-10,BCOM.TR,267.3671
2022-03-10,GSCI.TR,3698.862
2022-03-10,XAUUSD.Curncy,1996.98
2022-03-10,COM.US.Equity,28.3253
2022-03-11,BCOM.TR,270.0767
2022-03-11,GSCI.TR,3777.805
2022-03-11,XAUUSD.Curncy,1988.46
2022-03-11,COM.US.Equity,28.6457
2022-03-14,BCOM.TR,264.5446
2022-03-14,GSCI.TR,3651.788
2022-03-14,XAUUSD.Curncy,1950.88
2022-03-14,COM.US.Equity,28.1904
2022-03-15,BCOM.TR,260.4877
2022-03-15,GSCI.TR,3534.095
2022-03-15,XAUUSD.Curncy,1917.94
2022-03-15,COM.US.Equity,27.9965
2022-03-16,BCOM.TR,257.8663
2022-03-16,GSCI.TR,3490.324
2022-03-16,XAUUSD.Curncy,1927.29
2022-03-16,COM.US.Equity,27.7521
2022-03-17,BCOM.TR,265.7291
2022-03-17,GSCI.TR,3687.875
2022-03-17,XAUUSD.Curncy,1942.89
2022-03-17,COM.US.Equity,28.2494
2022-03-18,BCOM.TR,263.6217
2022-03-18,GSCI.TR,3700.45
2022-03-18,XAUUSD.Curncy,1921.62
2022-03-18,COM.US.Equity,28.3169
2022-03-21,BCOM.TR,268.5637
2022-03-21,GSCI.TR,3855.364
2022-03-21,XAUUSD.Curncy,1935.91
2022-03-21,COM.US.Equity,28.6878
2022-03-22,BCOM.TR,268.3123
2022-03-22,GSCI.TR,3850.54
2022-03-22,XAUUSD.Curncy,1921.69
2022-03-22,COM.US.Equity,28.648
2022-03-23,BCOM.TR,275.3577
2022-03-23,GSCI.TR,3992.658
2022-03-23,XAUUSD.Curncy,1943.86
2022-03-23,COM.US.Equity,28.8705
2022-03-24,BCOM.TR,276.0297
2022-03-24,GSCI.TR,3951.414
2022-03-24,XAUUSD.Curncy,1957.69
2022-03-24,COM.US.Equity,28.7935
2022-03-25,BCOM.TR,277.5093
2022-03-25,GSCI.TR,3986.328
2022-03-25,XAUUSD.Curncy,1958.29
2022-03-25,COM.US.Equity,28.8448
2022-03-28,BCOM.TR,269.737
2022-03-28,GSCI.TR,3808.178
2022-03-28,XAUUSD.Curncy,1922.8
2022-03-28,COM.US.Equity,28.3742
2022-03-29,BCOM.TR,264.2235
2022-03-29,GSCI.TR,3732.617
2022-03-29,XAUUSD.Curncy,1919.43
2022-03-29,COM.US.Equity,28.3999
2022-03-30,BCOM.TR,270.2754
2022-03-30,GSCI.TR,3830.184
2022-03-30,XAUUSD.Curncy,1932.87
2022-03-30,COM.US.Equity,28.5539
2022-03-31,BCOM.TR,265.9137
2022-03-31,GSCI.TR,3693.877
2022-03-31,XAUUSD.Curncy,1937.44
2022-03-31,COM.US.Equity,28.3999
2022-04-01,BCOM.TR,264.7779
2022-04-01,GSCI.TR,3678.741
2022-04-01,XAUUSD.Curncy,1925.68
2022-04-01,COM.US.Equity,28.3742
2022-04-04,BCOM.TR,268.3985
2022-04-04,GSCI.TR,3762.87
2022-04-04,XAUUSD.Curncy,1932.73
2022-04-04,COM.US.Equity,28.5967
2022-04-05,BCOM.TR,269.773
2022-04-05,GSCI.TR,3748.478
2022-04-05,XAUUSD.Curncy,1923.6
2022-04-05,COM.US.Equity,28.5967
2022-04-06,BCOM.TR,266.1579
2022-04-06,GSCI.TR,3640.302
2022-04-06,XAUUSD.Curncy,1925.35
2022-04-06,COM.US.Equity,28.5453
2022-04-07,BCOM.TR,267.0472
2022-04-07,GSCI.TR,3621.453
2022-04-07,XAUUSD.Curncy,1931.86
2022-04-07,COM.US.Equity,28.6822
2022-04-08,BCOM.TR,270.2348
2022-04-08,GSCI.TR,3683.371
2022-04-08,XAUUSD.Curncy,1947.54
2022-04-08,COM.US.Equity,28.8833
2022-04-11,BCOM.TR,269.2364
2022-04-11,GSCI.TR,3617.53
2022-04-11,XAUUSD.Curncy,1953.52
2022-04-11,COM.US.Equity,28.9646
2022-04-12,BCOM.TR,275.3668
2022-04-12,GSCI.TR,3760.309
2022-04-12,XAUUSD.Curncy,1966.76
2022-04-12,COM.US.Equity,29.2898
2022-04-13,BCOM.TR,280.0912
2022-04-13,GSCI.TR,3852.811
2022-04-13,XAUUSD.Curncy,1977.8
2022-04-13,COM.US.Equity,29.5379
2022-04-14,BCOM.TR,283.1331
2022-04-14,GSCI.TR,3923.402
2022-04-14,XAUUSD.Curncy,1973.71
2022-04-14,COM.US.Equity,29.5465
2022-04-15,BCOM.TR,283.1331
2022-04-15,GSCI.TR,3923.402
2022-04-15,XAUUSD.Curncy,1978.24
2022-04-15,COM.US.Equity,29.5465
2022-04-18,BCOM.TR,288.6331
2022-04-18,GSCI.TR,3982.135
2022-04-18,XAUUSD.Curncy,1978.91
2022-04-18,COM.US.Equity,29.7861
2022-04-19,BCOM.TR,280.7956
2022-04-19,GSCI.TR,3846.807
2022-04-19,XAUUSD.Curncy,1950.09
2022-04-19,COM.US.Equity,29.4096
2022-04-20,BCOM.TR,280.1704
2022-04-20,GSCI.TR,3852.901
2022-04-20,XAUUSD.Curncy,1957.77
2022-04-20,COM.US.Equity,29.3154
2022-04-21,BCOM.TR,280.755
2022-04-21,GSCI.TR,3873.083
2022-04-21,XAUUSD.Curncy,1951.62
2022-04-21,COM.US.Equity,29.1999
2022-04-22,BCOM.TR,275.9103
2022-04-22,GSCI.TR,3822.046
2022-04-22,XAUUSD.Curncy,1931.6
2022-04-22,COM.US.Equity,28.7592
2022-04-25,BCOM.TR,271.2336
2022-04-25,GSCI.TR,3729.64
2022-04-25,XAUUSD.Curncy,1897.83
2022-04-25,COM.US.Equity,28.5881
2022-04-26,BCOM.TR,274.3652
2022-04-26,GSCI.TR,3807.184
2022-04-26,XAUUSD.Curncy,1905.51
2022-04-26,COM.US.Equity,28.725
2022-04-27,BCOM.TR,277.2801
2022-04-27,GSCI.TR,3844.82
2022-04-27,XAUUSD.Curncy,1886.1
2022-04-27,COM.US.Equity,28.879
2022-04-28,BCOM.TR,276.2525
2022-04-28,GSCI.TR,3884.427
2022-04-28,XAUUSD.Curncy,1894.45
2022-04-28,COM.US.Equity,28.9732
2022-04-29,BCOM.TR,276.9244
2022-04-29,GSCI.TR,3882.991
2022-04-29,XAUUSD.Curncy,1896.93
2022-04-29,COM.US.Equity,28.8191
2022-05-02,BCOM.TR,275.8506
2022-05-02,GSCI.TR,3903.085
2022-05-02,XAUUSD.Curncy,1863.02
2022-05-02,COM.US.Equity,28.9133
2022-05-03,BCOM.TR,275.1066
2022-05-03,GSCI.TR,3837.059
2022-05-03,XAUUSD.Curncy,1868.12
2022-05-03,COM.US.Equity,28.7421
2022-05-04,BCOM.TR,281.1523
2022-05-04,GSCI.TR,3958.503
2022-05-04,XAUUSD.Curncy,1881.22
2022-05-04,COM.US.Equity,29.1614
2022-05-05,BCOM.TR,283.2163
2022-05-05,GSCI.TR,3974.441
2022-05-05,XAUUSD.Curncy,1877.18
2022-05-05,COM.US.Equity,29.0074
2022-05-06,BCOM.TR,278.8146
2022-05-06,GSCI.TR,3955.303
2022-05-06,XAUUSD.Curncy,1883.81
2022-05-06,COM.US.Equity,28.9133
2022-05-09,BCOM.TR,266.8905
2022-05-09,GSCI.TR,3779.158
2022-05-09,XAUUSD.Curncy,1854.17
2022-05-09,COM.US.Equity,28.3276
2022-05-10,BCOM.TR,266.5973
2022-05-10,GSCI.TR,3733.113
2022-05-10,XAUUSD.Curncy,1838.27
2022-05-10,COM.US.Equity,28.2629
2022-05-11,BCOM.TR,272.5785
2022-05-11,GSCI.TR,3857.544
2022-05-11,XAUUSD.Curncy,1852.4
2022-05-11,COM.US.Equity,28.5368
2022-05-12,BCOM.TR,272.0226
2022-05-12,GSCI.TR,3860.275
2022-05-12,XAUUSD.Curncy,1821.82
2022-05-12,COM.US.Equity,28.648
2022-05-13,BCOM.TR,274.5183
2022-05-13,GSCI.TR,3938.942
2022-05-13,XAUUSD.Curncy,1811.79
2022-05-13,COM.US.Equity,28.8534
2022-05-16,BCOM.TR,279.9468
2022-05-16,GSCI.TR,4025.907
2022-05-16,XAUUSD.Curncy,1824.14
2022-05-16,COM.US.Equity,29.2299
2022-05-17,BCOM.TR,281.6431
2022-05-17,GSCI.TR,4005.183
2022-05-17,XAUUSD.Curncy,1815.16
2022-05-17,COM.US.Equity,29.1614
2022-05-18,BCOM.TR,277.3817
2022-05-18,GSCI.TR,3913.762
2022-05-18,XAUUSD.Curncy,1816.6
2022-05-18,COM.US.Equity,28.879
2022-05-19,BCOM.TR,280.5499
2022-05-19,GSCI.TR,3974.637
2022-05-19,XAUUSD.Curncy,1841.85
2022-05-19,COM.US.Equity,28.8705
2022-05-20,BCOM.TR,279.3501
2022-05-20,GSCI.TR,3971.231
2022-05-20,XAUUSD.Curncy,1846.5
2022-05-20,COM.US.Equity,28.8662
2022-05-23,BCOM.TR,283.2343
2022-05-23,GSCI.TR,4004.786
2022-05-23,XAUUSD.Curncy,1853.59
2022-05-23,COM.US.Equity,28.9304
2022-05-24,BCOM.TR,282.3443
2022-05-24,GSCI.TR,3988.577
2022-05-24,XAUUSD.Curncy,1866.45
2022-05-24,COM.US.Equity,28.7764
2022-05-25,BCOM.TR,282.7279
2022-05-25,GSCI.TR,4003.628
2022-05-25,XAUUSD.Curncy,1853.46
2022-05-25,COM.US.Equity,28.802
2022-05-26,BCOM.TR,285.2108
2022-05-26,GSCI.TR,4075.892
2022-05-26,XAUUSD.Curncy,1850.63
2022-05-26,COM.US.Equity,28.9475
2022-05-27,BCOM.TR,286.5252
2022-05-27,GSCI.TR,4112.006
2022-05-27,XAUUSD.Curncy,1853.72
2022-05-27,COM.US.Equity,29.0159
2022-05-30,BCOM.TR,286.5252
2022-05-30,GSCI.TR,4112.006
2022-05-30,XAUUSD.Curncy,1855.23
2022-05-30,COM.US.Equity,29.0159
2022-05-31,BCOM.TR,281.1473
2022-05-31,GSCI.TR,4079.848
2022-05-31,XAUUSD.Curncy,1837.35
2022-05-31,COM.US.Equity,28.8576
2022-06-01,BCOM.TR,284.2805
2022-06-01,GSCI.TR,4116.403
2022-06-01,XAUUSD.Curncy,1846.6
2022-06-01,COM.US.Equity,28.7165
2022-06-02,BCOM.TR,286.4908
2022-06-02,GSCI.TR,4152.133
2022-06-02,XAUUSD.Curncy,1868.58
2022-06-02,COM.US.Equity,28.9304
2022-06-03,BCOM.TR,286.4713
2022-06-03,GSCI.TR,4193.538
2022-06-03,XAUUSD.Curncy,1851.19
2022-06-03,COM.US.Equity,28.9389
2022-06-06,BCOM.TR,291.839
2022-06-06,GSCI.TR,4236.18
2022-06-06,XAUUSD.Curncy,1841.43
2022-06-06,COM.US.Equity,29.0758
2022-06-07,BCOM.TR,292.0548
2022-06-07,GSCI.TR,4242.936
2022-06-07,XAUUSD.Curncy,1852.37
2022-06-07,COM.US.Equity,29.0844
2022-06-08,BCOM.TR,291.2716
2022-06-08,GSCI.TR,4284.167
2022-06-08,XAUUSD.Curncy,1853.36
2022-06-08,COM.US.Equity,29.2386
2022-06-09,BCOM.TR,292.5047
2022-06-09,GSCI.TR,4294.659
2022-06-09,XAUUSD.Curncy,1847.95
2022-06-09,COM.US.Equity,29.4096
2022-06-10,BCOM.TR,289.9981
2022-06-10,GSCI.TR,4251.62
2022-06-10,XAUUSD.Curncy,1871.6
2022-06-10,COM.US.Equity,29.247
2022-06-13,BCOM.TR,285.3394
2022-06-13,GSCI.TR,4215.402
2022-06-13,XAUUSD.Curncy,1819.26
2022-06-13,COM.US.Equity,29.1443
2022-06-14,BCOM.TR,276.3995
2022-06-14,GSCI.TR,4147.112
2022-06-14,XAUUSD.Curncy,1808.49
2022-06-14,COM.US.Equity,29.0074
2022-06-15,BCOM.TR,277.2277
2022-06-15,GSCI.TR,4122.352
2022-06-15,XAUUSD.Curncy,1833.82
2022-06-15,COM.US.Equity,28.879
2022-06-16,BCOM.TR,279.1219
2022-06-16,GSCI.TR,4157.582
2022-06-16,XAUUSD.Curncy,1857.33
2022-06-16,COM.US.Equity,29.0349
2022-06-17,BCOM.TR,271.5359
2022-06-17,GSCI.TR,4001.36
2022-06-17,XAUUSD.Curncy,1839.39
2022-06-17,COM.US.Equity,28.7336
2022-06-20,BCOM.TR,271.5359
2022-06-20,GSCI.TR,4001.36
2022-06-20,XAUUSD.Curncy,1838.74
2022-06-20,COM.US.Equity,28.7336
2022-06-21,BCOM.TR,270.6293
2022-06-21,GSCI.TR,4011.817
2022-06-21,XAUUSD.Curncy,1832.98
2022-06-21,COM.US.Equity,28.4598
2022-06-22,BCOM.TR,267.2196
2022-06-22,GSCI.TR,3940.651
2022-06-22,XAUUSD.Curncy,1837.72
2022-06-22,COM.US.Equity,28.2417
2022-06-23,BCOM.TR,259.0467
2022-06-23,GSCI.TR,3848.566
2022-06-23,XAUUSD.Curncy,1822.77
2022-06-23,COM.US.Equity,27.7895
2022-06-24,BCOM.TR,259.9202
2022-06-24,GSCI.TR,3903.959
2022-06-24,XAUUSD.Curncy,1826.88
2022-06-24,COM.US.Equity,27.7762
2022-06-27,BCOM.TR,261.0944
2022-06-27,GSCI.TR,3915.802
2022-06-27,XAUUSD.Curncy,1822.85
2022-06-27,COM.US.Equity,27.6919
2022-06-28,BCOM.TR,262.9382
2022-06-28,GSCI.TR,3957.207
2022-06-28,XAUUSD.Curncy,1820.01
2022-06-28,COM.US.Equity,27.8161
2022-06-29,BCOM.TR,262.051
2022-06-29,GSCI.TR,3916.191
2022-06-29,XAUUSD.Curncy,1817.73
2022-06-29,COM.US.Equity,27.7895
2022-06-30,BCOM.TR,250.8549
2022-06-30,GSCI.TR,3768.017
2022-06-30,XAUUSD.Curncy,1807.27
2022-06-30,COM.US.Equity,27.4839
2022-07-01,BCOM.TR,251.0391
2022-07-01,GSCI.TR,3823.672
2022-07-01,XAUUSD.Curncy,1811.43
2022-07-01,COM.US.Equity,27.3372
2022-07-04,BCOM.TR,251.0391
2022-07-04,GSCI.TR,3823.672
2022-07-04,XAUUSD.Curncy,1808.15
2022-07-04,COM.US.Equity,27.3372
2022-07-05,BCOM.TR,239.8189
2022-07-05,GSCI.TR,3585.404
2022-07-05,XAUUSD.Curncy,1764.76
2022-07-05,COM.US.Equity,26.6811
2022-07-06,BCOM.TR,237.4346
2022-07-06,GSCI.TR,3529.565
2022-07-06,XAUUSD.Curncy,1738.86
2022-07-06,COM.US.Equity,26.6101
2022-07-07,BCOM.TR,246.8495
2022-07-07,GSCI.TR,3673.521
2022-07-07,XAUUSD.Curncy,1740.16
2022-07-07,COM.US.Equity,26.9205
2022-07-08,BCOM.TR,248.523
2022-07-08,GSCI.TR,3723.763
2022-07-08,XAUUSD.Curncy,1742.48
2022-07-08,COM.US.Equity,27.1688
2022-07-11,BCOM.TR,249.5716
2022-07-11,GSCI.TR,3732.403
2022-07-11,XAUUSD.Curncy,1733.96
2022-07-11,COM.US.Equity,27.1688
2022-07-12,BCOM.TR,240.1036
2022-07-12,GSCI.TR,3540.996
2022-07-12,XAUUSD.Curncy,1726
2022-07-12,COM.US.Equity,26.8723
2022-07-13,BCOM.TR,243.7699
2022-07-13,GSCI.TR,3566.66
2022-07-13,XAUUSD.Curncy,1735.51
2022-07-13,COM.US.Equity,26.956
2022-07-14,BCOM.TR,239.611
2022-07-14,GSCI.TR,3520.66
2022-07-14,XAUUSD.Curncy,1709.94
2022-07-14,COM.US.Equity,26.9116
2022-07-15,BCOM.TR,243.3765
2022-07-15,GSCI.TR,3577.252
2022-07-15,XAUUSD.Curncy,1708.17
2022-07-15,COM.US.Equity,26.9737
2022-07-18,BCOM.TR,251.2938
2022-07-18,GSCI.TR,3702.39
2022-07-18,XAUUSD.Curncy,1709.22
2022-07-18,COM.US.Equity,27.0801
2022-07-19,BCOM.TR,248.9658
2022-07-19,GSCI.TR,3694.82
2022-07-19,XAUUSD.Curncy,1711.67
2022-07-19,COM.US.Equity,27.0358
2022-07-20,BCOM.TR,252.218
2022-07-20,GSCI.TR,3705.696
2022-07-20,XAUUSD.Curncy,1696.58
2022-07-20,COM.US.Equity,27.0269
2022-07-21,BCOM.TR,248.5906
2022-07-21,GSCI.TR,3617.691
2022-07-21,XAUUSD.Curncy,1718.81
2022-07-21,COM.US.Equity,26.8584
2022-07-22,BCOM.TR,250.0411
2022-07-22,GSCI.TR,3605.949
2022-07-22,XAUUSD.Curncy,1727.64
2022-07-22,COM.US.Equity,26.6811
2022-07-25,BCOM.TR,253.4153
2022-07-25,GSCI.TR,3657.545
2022-07-25,XAUUSD.Curncy,1719.78
2022-07-25,COM.US.Equity,26.7825
2022-07-26,BCOM.TR,256.1514
2022-07-26,GSCI.TR,3666.348
2022-07-26,XAUUSD.Curncy,1717.32
2022-07-26,COM.US.Equity,26.752
2022-07-27,BCOM.TR,257.4535
2022-07-27,GSCI.TR,3718.866
2022-07-27,XAUUSD.Curncy,1734.19
2022-07-27,COM.US.Equity,26.8141
2022-07-28,BCOM.TR,258.2257
2022-07-28,GSCI.TR,3718.785
2022-07-28,XAUUSD.Curncy,1755.84
2022-07-28,COM.US.Equity,26.7697
2022-07-29,BCOM.TR,261.5476
2022-07-29,GSCI.TR,3766.424
2022-07-29,XAUUSD.Curncy,1765.94
2022-07-29,COM.US.Equity,26.7343
2022-08-01,BCOM.TR,257.2579
2022-08-01,GSCI.TR,3653.27
2022-08-01,XAUUSD.Curncy,1772.17
2022-08-01,COM.US.Equity,26.6456
2022-08-02,BCOM.TR,252.9389
2022-08-02,GSCI.TR,3627.928
2022-08-02,XAUUSD.Curncy,1760.39
2022-08-02,COM.US.Equity,26.6279
2022-08-03,BCOM.TR,253.1391
2022-08-03,GSCI.TR,3573.011
2022-08-03,XAUUSD.Curncy,1765.29
2022-08-03,COM.US.Equity,26.6279
2022-08-04,BCOM.TR,253.5348
2022-08-04,GSCI.TR,3533.181
2022-08-04,XAUUSD.Curncy,1791.28
2022-08-04,COM.US.Equity,26.5259
2022-08-05,BCOM.TR,253.1367
2022-08-05,GSCI.TR,3539.819
2022-08-05,XAUUSD.Curncy,1775.5
2022-08-05,COM.US.Equity,26.4771
2022-08-08,BCOM.TR,252.0043
2022-08-08,GSCI.TR,3555.046
2022-08-08,XAUUSD.Curncy,1788.96
2022-08-08,COM.US.Equity,26.5215
2022-08-09,BCOM.TR,254.9389
2022-08-09,GSCI.TR,3586.563
2022-08-09,XAUUSD.Curncy,1794.29
2022-08-09,COM.US.Equity,26.6456
2022-08-10,BCOM.TR,259.3724
2022-08-10,GSCI.TR,3642.243
2022-08-10,XAUUSD.Curncy,1792.38
2022-08-10,COM.US.Equity,26.7077
2022-08-11,BCOM.TR,265.6729
2022-08-11,GSCI.TR,3724.257
2022-08-11,XAUUSD.Curncy,1789.72
2022-08-11,COM.US.Equity,26.7609
2022-08-12,BCOM.TR,264.7642
2022-08-12,GSCI.TR,3697.477
2022-08-12,XAUUSD.Curncy,1802.4
2022-08-12,COM.US.Equity,26.7343
2022-08-15,BCOM.TR,260.9048
2022-08-15,GSCI.TR,3625.964
2022-08-15,XAUUSD.Curncy,1779.71
2022-08-15,COM.US.Equity,26.6811
2022-08-16,BCOM.TR,261.2736
2022-08-16,GSCI.TR,3585.895
2022-08-16,XAUUSD.Curncy,1775.69
2022-08-16,COM.US.Equity,26.6899
2022-08-17,BCOM.TR,260.9004
2022-08-17,GSCI.TR,3615.595
2022-08-17,XAUUSD.Curncy,1761.77
2022-08-17,COM.US.Equity,26.7165
2022-08-18,BCOM.TR,261.1644
2022-08-18,GSCI.TR,3659.848
2022-08-18,XAUUSD.Curncy,1758.61
2022-08-18,COM.US.Equity,26.7963
2022-08-19,BCOM.TR,262.9908
2022-08-19,GSCI.TR,3685.105
2022-08-19,XAUUSD.Curncy,1747.06
2022-08-19,COM.US.Equity,26.8141
2022-08-22,BCOM.TR,265.3259
2022-08-22,GSCI.TR,3698.211
2022-08-22,XAUUSD.Curncy,1736.3
2022-08-22,COM.US.Equity,26.8318
2022-08-23,BCOM.TR,266.5167
2022-08-23,GSCI.TR,3767.78
2022-08-23,XAUUSD.Curncy,1748.15
2022-08-23,COM.US.Equity,26.9205
2022-08-24,BCOM.TR,268.3201
2022-08-24,GSCI.TR,3805.551
2022-08-24,XAUUSD.Curncy,1751.19
2022-08-24,COM.US.Equity,26.9294
2022-08-25,BCOM.TR,267.0522
2022-08-25,GSCI.TR,3762.942
2022-08-25,XAUUSD.Curncy,1758.71
2022-08-25,COM.US.Equity,26.8983
2022-08-26,BCOM.TR,268.0347
2022-08-26,GSCI.TR,3790.846
2022-08-26,XAUUSD.Curncy,1738.14
2022-08-26,COM.US.Equity,26.9294
2022-08-29,BCOM.TR,270.2641
2022-08-29,GSCI.TR,3864.715
2022-08-29,XAUUSD.Curncy,1737.09
2022-08-29,COM.US.Equity,26.9382
2022-08-30,BCOM.TR,263.7414
2022-08-30,GSCI.TR,3721.25
2022-08-30,XAUUSD.Curncy,1724.02
2022-08-30,COM.US.Equity,26.8052
2022-08-31,BCOM.TR,261.778
2022-08-31,GSCI.TR,3665.538
2022-08-31,XAUUSD.Curncy,1711.04
2022-08-31,COM.US.Equity,26.7343
2022-09-01,BCOM.TR,257.1138
2022-09-01,GSCI.TR,3571.646
2022-09-01,XAUUSD.Curncy,1697.52
2022-09-01,COM.US.Equity,26.6811
2022-09-02,BCOM.TR,256.3515
2022-09-02,GSCI.TR,3586.432
2022-09-02,XAUUSD.Curncy,1712.19
2022-09-02,COM.US.Equity,26.7609
2022-09-05,BCOM.TR,256.3515
2022-09-05,GSCI.TR,3586.432
2022-09-05,XAUUSD.Curncy,1710.4
2022-09-05,COM.US.Equity,26.7609
2022-09-06,BCOM.TR,252.9186
2022-09-06,GSCI.TR,3566.7
2022-09-06,XAUUSD.Curncy,1702.14
2022-09-06,COM.US.Equity,26.6988
2022-09-07,BCOM.TR,249.1794
2022-09-07,GSCI.TR,3475.068
2022-09-07,XAUUSD.Curncy,1718.37
2022-09-07,COM.US.Equity,26.559
2022-09-08,BCOM.TR,250.1743
2022-09-08,GSCI.TR,3496.532
2022-09-08,XAUUSD.Curncy,1708.46
2022-09-08,COM.US.Equity,26.5569
2022-09-09,BCOM.TR,255.2441
2022-09-09,GSCI.TR,3591.436
2022-09-09,XAUUSD.Curncy,1716.83
2022-09-09,COM.US.Equity,26.6046
2022-09-12,BCOM.TR,260.1791
2022-09-12,GSCI.TR,3640.879
2022-09-12,XAUUSD.Curncy,1724.54
2022-09-12,COM.US.Equity,26.6545
2022-09-13,BCOM.TR,258.7516
2022-09-13,GSCI.TR,3618.722
2022-09-13,XAUUSD.Curncy,1702.17
2022-09-13,COM.US.Equity,26.6545
2022-09-14,BCOM.TR,261.537
2022-09-14,GSCI.TR,3631.128
2022-09-14,XAUUSD.Curncy,1697.32
2022-09-14,COM.US.Equity,26.6633
2022-09-15,BCOM.TR,253.7312
2022-09-15,GSCI.TR,3514.86
2022-09-15,XAUUSD.Curncy,1665.11
2022-09-15,COM.US.Equity,26.6367
2022-09-16,BCOM.TR,251.57
2022-09-16,GSCI.TR,3507.617
2022-09-16,XAUUSD.Curncy,1675.06
2022-09-16,COM.US.Equity,26.5658
2022-09-19,BCOM.TR,251.9188
2022-09-19,GSCI.TR,3522.843
2022-09-19,XAUUSD.Curncy,1675.84
2022-09-19,COM.US.Equity,26.6013
2022-09-20,BCOM.TR,252.9102
2022-09-20,GSCI.TR,3521.92
2022-09-20,XAUUSD.Curncy,1664.89
2022-09-20,COM.US.Equity,26.5842
2022-09-21,BCOM.TR,252.2274
2022-09-21,GSCI.TR,3500.199
2022-09-21,XAUUSD.Curncy,1673.89
2022-09-21,COM.US.Equity,26.5614
2022-09-22,BCOM.TR,250.1316
2022-09-22,GSCI.TR,3507.865
2022-09-22,XAUUSD.Curncy,1671.22
2022-09-22,COM.US.Equity,26.5214
2022-09-23,BCOM.TR,242.3667
2022-09-23,GSCI.TR,3369.407
2022-09-23,XAUUSD.Curncy,1643.94
2022-09-23,COM.US.Equity,26.4505
2022-09-26,BCOM.TR,238.5504
2022-09-26,GSCI.TR,3301.441
2022-09-26,XAUUSD.Curncy,1622.36
2022-09-26,COM.US.Equity,26.4151
2022-09-27,BCOM.TR,238.2528
2022-09-27,GSCI.TR,3341.122
2022-09-27,XAUUSD.Curncy,1628.9
2022-09-27,COM.US.Equity,26.4594
2022-09-28,BCOM.TR,243.2327
2022-09-28,GSCI.TR,3439.4
2022-09-28,XAUUSD.Curncy,1659.97
2022-09-28,COM.US.Equity,26.4417
2022-09-29,BCOM.TR,242.8646
2022-09-29,GSCI.TR,3423.948
2022-09-29,XAUUSD.Curncy,1660.54
2022-09-29,COM.US.Equity,26.4239
2022-09-30,BCOM.TR,240.5519
2022-09-30,GSCI.TR,3379.581
2022-09-30,XAUUSD.Curncy,1660.61
2022-09-30,COM.US.Equity,26.4328
2022-10-03,BCOM.TR,243.348
2022-10-03,GSCI.TR,3466.571
2022-10-03,XAUUSD.Curncy,1699.89
2022-10-03,COM.US.Equity,26.4328
2022-10-04,BCOM.TR,249.7462
2022-10-04,GSCI.TR,3571.453
2022-10-04,XAUUSD.Curncy,1726.13
2022-10-04,COM.US.Equity,26.4683
2022-10-05,BCOM.TR,251.4412
2022-10-05,GSCI.TR,3619.487
2022-10-05,XAUUSD.Curncy,1716.26
2022-10-05,COM.US.Equity,26.5215
2022-10-06,BCOM.TR,251.9873
2022-10-06,GSCI.TR,3640.389
2022-10-06,XAUUSD.Curncy,1712.53
2022-10-06,COM.US.Equity,26.5037
2022-10-07,BCOM.TR,252.8977
2022-10-07,GSCI.TR,3720.665
2022-10-07,XAUUSD.Curncy,1694.82
2022-10-07,COM.US.Equity,26.4655
2022-10-10,BCOM.TR,250.533
2022-10-10,GSCI.TR,3684.34
2022-10-10,XAUUSD.Curncy,1668.61
2022-10-10,COM.US.Equity,26.5215
2022-10-11,BCOM.TR,249.3476
2022-10-11,GSCI.TR,3631.398
2022-10-11,XAUUSD.Curncy,1666.34
2022-10-11,COM.US.Equity,26.4949
2022-10-12,BCOM.TR,247.5773
2022-10-12,GSCI.TR,3603.872
2022-10-12,XAUUSD.Curncy,1673.19
2022-10-12,COM.US.Equity,26.4683
2022-10-13,BCOM.TR,250.5846
2022-10-13,GSCI.TR,3661.753
2022-10-13,XAUUSD.Curncy,1666.37
2022-10-13,COM.US.Equity,26.5215
2022-10-14,BCOM.TR,245.572
2022-10-14,GSCI.TR,3571.607
2022-10-14,XAUUSD.Curncy,1644.47
2022-10-14,COM.US.Equity,26.5126
2022-10-17,BCOM.TR,244.4679
2022-10-17,GSCI.TR,3567.162
2022-10-17,XAUUSD.Curncy,1650.09
2022-10-17,COM.US.Equity,26.4683
2022-10-18,BCOM.TR,241.6474
2022-10-18,GSCI.TR,3510.208
2022-10-18,XAUUSD.Curncy,1652.22
2022-10-18,COM.US.Equity,26.4594
2022-10-19,BCOM.TR,240.3685
2022-10-19,GSCI.TR,3530.066
2022-10-19,XAUUSD.Curncy,1629.44
2022-10-19,COM.US.Equity,26.4239
2022-10-20,BCOM.TR,240.9303
2022-10-20,GSCI.TR,3532.61
2022-10-20,XAUUSD.Curncy,1628.02
2022-10-20,COM.US.Equity,26.435
2022-10-21,BCOM.TR,240.5712
2022-10-21,GSCI.TR,3538.49
2022-10-21,XAUUSD.Curncy,1657.69
2022-10-21,COM.US.Equity,26.4328
2022-10-24,BCOM.TR,241.4196
2022-10-24,GSCI.TR,3543.675
2022-10-24,XAUUSD.Curncy,1649.78
2022-10-24,COM.US.Equity,26.5037
2022-10-25,BCOM.TR,244.045
2022-10-25,GSCI.TR,3570.812
2022-10-25,XAUUSD.Curncy,1653.17
2022-10-25,COM.US.Equity,26.4328
2022-10-26,BCOM.TR,246.3745
2022-10-26,GSCI.TR,3633.542
2022-10-26,XAUUSD.Curncy,1664.57
2022-10-26,COM.US.Equity,26.4505
2022-10-27,BCOM.TR,245.0076
2022-10-27,GSCI.TR,3644.126
2022-10-27,XAUUSD.Curncy,1663.31
2022-10-27,COM.US.Equity,26.486
2022-10-28,BCOM.TR,241.805
2022-10-28,GSCI.TR,3603.202
2022-10-28,XAUUSD.Curncy,1644.86
2022-10-28,COM.US.Equity,26.4594
2022-10-31,BCOM.TR,245.3416
2022-10-31,GSCI.TR,3606.179
2022-10-31,XAUUSD.Curncy,1633.56
2022-10-31,COM.US.Equity,26.4594
2022-11-01,BCOM.TR,245.7234
2022-11-01,GSCI.TR,3633.1
2022-11-01,XAUUSD.Curncy,1647.98
2022-11-01,COM.US.Equity,26.4771
2022-11-02,BCOM.TR,249.1531
2022-11-02,GSCI.TR,3677.393
2022-11-02,XAUUSD.Curncy,1635.24
2022-11-02,COM.US.Equity,26.4771
2022-11-03,BCOM.TR,245.9628
2022-11-03,GSCI.TR,3652.697
2022-11-03,XAUUSD.Curncy,1629.49
2022-11-03,COM.US.Equity,26.4683
2022-11-04,BCOM.TR,254.42
2022-11-04,GSCI.TR,3772.675
2022-11-04,XAUUSD.Curncy,1681.87
2022-11-04,COM.US.Equity,26.4727
2022-11-07,BCOM.TR,255.9078
2022-11-07,GSCI.TR,3759.257
2022-11-07,XAUUSD.Curncy,1675.63
2022-11-07,COM.US.Equity,26.5126
2022-11-08,BCOM.TR,252.0446
2022-11-08,GSCI.TR,3690.786
2022-11-08,XAUUSD.Curncy,1712.42
2022-11-08,COM.US.Equity,26.4771
2022-11-09,BCOM.TR,248.2078
2022-11-09,GSCI.TR,3605.633
2022-11-09,XAUUSD.Curncy,1706.74
2022-11-09,COM.US.Equity,26.5037
2022-11-10,BCOM.TR,251.3491
2022-11-10,GSCI.TR,3626.945
2022-11-10,XAUUSD.Curncy,1755.45
2022-11-10,COM.US.Equity,26.4771
2022-11-11,BCOM.TR,253.2909
2022-11-11,GSCI.TR,3682.667
2022-11-11,XAUUSD.Curncy,1771.24
2022-11-11,COM.US.Equity,26.5392
2022-11-14,BCOM.TR,252.827
2022-11-14,GSCI.TR,3632.066
2022-11-14,XAUUSD.Curncy,1771.4
2022-11-14,COM.US.Equity,26.5924
2022-11-15,BCOM.TR,254.8105
2022-11-15,GSCI.TR,3665.811
2022-11-15,XAUUSD.Curncy,1778.94
2022-11-15,COM.US.Equity,26.5835
2022-11-16,BCOM.TR,253.353
2022-11-16,GSCI.TR,3637.788
2022-11-16,XAUUSD.Curncy,1773.87
2022-11-16,COM.US.Equity,26.5126
2022-11-17,BCOM.TR,249.6538
2022-11-17,GSCI.TR,3555.412
2022-11-17,XAUUSD.Curncy,1760.44
2022-11-17,COM.US.Equity,26.3796
2022-11-18,BCOM.TR,248.9733
2022-11-18,GSCI.TR,3526.812
2022-11-18,XAUUSD.Curncy,1750.68
2022-11-18,COM.US.Equity,26.3973
2022-11-21,BCOM.TR,250.2299
2022-11-21,GSCI.TR,3522.259
2022-11-21,XAUUSD.Curncy,1738.05
2022-11-21,COM.US.Equity,26.3175
2022-11-22,BCOM.TR,252.5147
2022-11-22,GSCI.TR,3557.67
2022-11-22,XAUUSD.Curncy,1740.25
2022-11-22,COM.US.Equity,26.3441
2022-11-23,BCOM.TR,252.8412
2022-11-23,GSCI.TR,3506.217
2022-11-23,XAUUSD.Curncy,1749.68
2022-11-23,COM.US.Equity,26.3796
2022-11-24,BCOM.TR,252.8412
2022-11-24,GSCI.TR,3506.217
2022-11-24,XAUUSD.Curncy,1755.24
2022-11-24,COM.US.Equity,26.3796
2022-11-25,BCOM.TR,249.4455
2022-11-25,GSCI.TR,3450.175
2022-11-25,XAUUSD.Curncy,1754.93
2022-11-25,COM.US.Equity,26.3663
2022-11-28,BCOM.TR,248.3951
2022-11-28,GSCI.TR,3442.881
2022-11-28,XAUUSD.Curncy,1741.36
2022-11-28,COM.US.Equity,26.2954
2022-11-29,BCOM.TR,250.1511
2022-11-29,GSCI.TR,3471.131
2022-11-29,XAUUSD.Curncy,1749.85
2022-11-29,COM.US.Equity,26.3441
2022-11-30,BCOM.TR,252.0594
2022-11-30,GSCI.TR,3544.677
2022-11-30,XAUUSD.Curncy,1768.52
2022-11-30,COM.US.Equity,26.5481
2022-12-01,BCOM.TR,252.1463
2022-12-01,GSCI.TR,3544.012
2022-12-01,XAUUSD.Curncy,1803.1
2022-12-01,COM.US.Equity,26.5924
2022-12-02,BCOM.TR,248.6778
2022-12-02,GSCI.TR,3490.809
2022-12-02,XAUUSD.Curncy,1797.63
2022-12-02,COM.US.Equity,26.6101
2022-12-05,BCOM.TR,241.5184
2022-12-05,GSCI.TR,3390.649
2022-12-05,XAUUSD.Curncy,1768.68
2022-12-05,COM.US.Equity,26.5391
2022-12-06,BCOM.TR,239.0421
2022-12-06,GSCI.TR,3308.062
2022-12-06,XAUUSD.Curncy,1771.04
2022-12-06,COM.US.Equity,26.5261
2022-12-07,BCOM.TR,240.6912
2022-12-07,GSCI.TR,3272.654
2022-12-07,XAUUSD.Curncy,1786.27
2022-12-07,COM.US.Equity,26.6456
2022-12-08,BCOM.TR,241.7302
2022-12-08,GSCI.TR,3270.094
2022-12-08,XAUUSD.Curncy,1789.14
2022-12-08,COM.US.Equity,26.7254
2022-12-09,BCOM.TR,242.9404
2022-12-09,GSCI.TR,3270.173
2022-12-09,XAUUSD.Curncy,1797.32
2022-12-09,COM.US.Equity,26.7254
2022-12-12,BCOM.TR,245.2109
2022-12-12,GSCI.TR,3330.169
2022-12-12,XAUUSD.Curncy,1781.44
2022-12-12,COM.US.Equity,26.6395
2022-12-13,BCOM.TR,250.0779
2022-12-13,GSCI.TR,3410.393
2022-12-13,XAUUSD.Curncy,1810.8
2022-12-13,COM.US.Equity,26.7786
2022-12-14,BCOM.TR,249.211
2022-12-14,GSCI.TR,3447.879
2022-12-14,XAUUSD.Curncy,1807.32
2022-12-14,COM.US.Equity,26.8544
2022-12-15,BCOM.TR,247.5894
2022-12-15,GSCI.TR,3419.278
2022-12-15,XAUUSD.Curncy,1776.85
2022-12-15,COM.US.Equity,26.7077
2022-12-16,BCOM.TR,245.2675
2022-12-16,GSCI.TR,3364.855
2022-12-16,XAUUSD.Curncy,1793.08
2022-12-16,COM.US.Equity,26.7431
2022-12-19,BCOM.TR,243.0309
2022-12-19,GSCI.TR,3356.364
2022-12-19,XAUUSD.Curncy,1787.62
2022-12-19,COM.US.Equity,26.7077
2022-12-20,BCOM.TR,243.6389
2022-12-20,GSCI.TR,3366.526
2022-12-20,XAUUSD.Curncy,1817.94
2022-12-20,COM.US.Equity,26.9001
2022-12-21,BCOM.TR,246.3316
2022-12-21,GSCI.TR,3431.044
2022-12-21,XAUUSD.Curncy,1814.39
2022-12-21,COM.US.Equity,26.8545
2022-12-22,BCOM.TR,242.3377
2022-12-22,GSCI.TR,3400.524
2022-12-22,XAUUSD.Curncy,1792.52
2022-12-22,COM.US.Equity,26.8271
2022-12-23,BCOM.TR,245.139
2022-12-23,GSCI.TR,3468.329
2022-12-23,XAUUSD.Curncy,1798.2
2022-12-23,COM.US.Equity,26.9457
2022-12-26,BCOM.TR,245.139
2022-12-26,GSCI.TR,3468.329
2022-12-26,XAUUSD.Curncy,1798.2
2022-12-26,COM.US.Equity,26.9457
2022-12-27,BCOM.TR,247.0004
2022-12-27,GSCI.TR,3498.157
2022-12-27,XAUUSD.Curncy,1813.69
2022-12-27,COM.US.Equity,26.8818
2022-12-28,BCOM.TR,245.5165
2022-12-28,GSCI.TR,3471.004
2022-12-28,XAUUSD.Curncy,1804.35
2022-12-28,COM.US.Equity,26.8408
2022-12-29,BCOM.TR,244.9626
2022-12-29,GSCI.TR,3453.918
2022-12-29,XAUUSD.Curncy,1814.91
2022-12-29,COM.US.Equity,26.9183
2022-12-30,BCOM.TR,245.8892
2022-12-30,GSCI.TR,3495.765
2022-12-30,XAUUSD.Curncy,1824.02
2022-12-30,COM.US.Equity,26.8545
2023-01-02,BCOM.TR,245.8892
2023-01-02,GSCI.TR,3495.765
2023-01-02,XAUUSD.Curncy,1824.02
2023-01-02,COM.US.Equity,26.8545
2023-01-03,BCOM.TR,240.5821
2023-01-03,GSCI.TR,3386.029
2023-01-03,XAUUSD.Curncy,1839.48
2023-01-03,COM.US.Equity,26.8088
2023-01-04,BCOM.TR,236.7927
2023-01-04,GSCI.TR,3275.259
2023-01-04,XAUUSD.Curncy,1854.56
2023-01-04,COM.US.Equity,26.7906
2023-01-05,BCOM.TR,234.1986
2023-01-05,GSCI.TR,3275.045
2023-01-05,XAUUSD.Curncy,1832.89
2023-01-05,COM.US.Equity,26.6354
2023-01-06,BCOM.TR,235.8627
2023-01-06,GSCI.TR,3287.865
2023-01-06,XAUUSD.Curncy,1865.69
2023-01-06,COM.US.Equity,26.8271
2023-01-09,BCOM.TR,238.4183
2023-01-09,GSCI.TR,3329.556
2023-01-09,XAUUSD.Curncy,1871.81
2023-01-09,COM.US.Equity,26.9275
2023-01-10,BCOM.TR,237.16
2023-01-10,GSCI.TR,3336.369
2023-01-10,XAUUSD.Curncy,1877.03
2023-01-10,COM.US.Equity,27.0005
2023-01-11,BCOM.TR,239.4069
2023-01-11,GSCI.TR,3403.493
2023-01-11,XAUUSD.Curncy,1875.69
2023-01-11,COM.US.Equity,27.0827
2023-01-12,BCOM.TR,242.2151
2023-01-12,GSCI.TR,3446.147
2023-01-12,XAUUSD.Curncy,1897.09
2023-01-12,COM.US.Equity,27.2013
2023-01-13,BCOM.TR,243.6364
2023-01-13,GSCI.TR,3483.13
2023-01-13,XAUUSD.Curncy,1920.23
2023-01-13,COM.US.Equity,27.3656
2023-01-16,BCOM.TR,243.6364
2023-01-16,GSCI.TR,3483.13
2023-01-16,XAUUSD.Curncy,1916.02
2023-01-16,COM.US.Equity,27.3656
2023-01-17,BCOM.TR,244.718
2023-01-17,GSCI.TR,3503.746
2023-01-17,XAUUSD.Curncy,1908.69
2023-01-17,COM.US.Equity,27.4113
2023-01-18,BCOM.TR,243.8282
2023-01-18,GSCI.TR,3490.57
2023-01-18,XAUUSD.Curncy,1904.11
2023-01-18,COM.US.Equity,27.2652
2023-01-19,BCOM.TR,244.4109
2023-01-19,GSCI.TR,3507.611
2023-01-19,XAUUSD.Curncy,1932.24
2023-01-19,COM.US.Equity,27.3426
2023-01-20,BCOM.TR,245.0564
2023-01-20,GSCI.TR,3545.934
2023-01-20,XAUUSD.Curncy,1926.08
2023-01-20,COM.US.Equity,27.3382
2023-01-23,BCOM.TR,246.0041
2023-01-23,GSCI.TR,3563.288
2023-01-23,XAUUSD.Curncy,1931.04
2023-01-23,COM.US.Equity,27.2378
2023-01-24,BCOM.TR,244.7141
2023-01-24,GSCI.TR,3525.086
2023-01-24,XAUUSD.Curncy,1937.36
2023-01-24,COM.US.Equity,27.32
2023-01-25,BCOM.TR,244.3633
2023-01-25,GSCI.TR,3513.419
2023-01-25,XAUUSD.Curncy,1946.11
2023-01-25,COM.US.Equity,27.3839
2023-01-26,BCOM.TR,245.8143
2023-01-26,GSCI.TR,3543.065
2023-01-26,XAUUSD.Curncy,1929.21
2023-01-26,COM.US.Equity,27.5391
2023-01-27,BCOM.TR,244.1451
2023-01-27,GSCI.TR,3507.31
2023-01-27,XAUUSD.Curncy,1928.04
2023-01-27,COM.US.Equity,27.4934
2023-01-30,BCOM.TR,242.461
2023-01-30,GSCI.TR,3456.619
2023-01-30,XAUUSD.Curncy,1923.17
2023-01-30,COM.US.Equity,27.5391
2023-01-31,BCOM.TR,244.6844
2023-01-31,GSCI.TR,3492.708
2023-01-31,XAUUSD.Curncy,1928.36
2023-01-31,COM.US.Equity,27.7307
2023-02-01,BCOM.TR,239.7579
2023-02-01,GSCI.TR,3406.4
2023-02-01,XAUUSD.Curncy,1950.52
2023-02-01,COM.US.Equity,27.6942
2023-02-02,BCOM.TR,239.5191
2023-02-02,GSCI.TR,3388.895
2023-02-02,XAUUSD.Curncy,1912.72
2023-02-02,COM.US.Equity,27.5117
2023-02-03,BCOM.TR,234.4262
2023-02-03,GSCI.TR,3312.146
2023-02-03,XAUUSD.Curncy,1864.97
2023-02-03,COM.US.Equity,27.2104
2023-02-06,BCOM.TR,233.6495
2023-02-06,GSCI.TR,3311.607
2023-02-06,XAUUSD.Curncy,1867.48
2023-02-06,COM.US.Equity,27.0918
2023-02-07,BCOM.TR,236.8308
2023-02-07,GSCI.TR,3389.584
2023-02-07,XAUUSD.Curncy,1873.1
2023-02-07,COM.US.Equity,27.1374
2023-02-08,BCOM.TR,236.8162
2023-02-08,GSCI.TR,3413.053
2023-02-08,XAUUSD.Curncy,1875.49
2023-02-08,COM.US.Equity,27.2196
2023-02-09,BCOM.TR,236.4296
2023-02-09,GSCI.TR,3395.822
2023-02-09,XAUUSD.Curncy,1861.78
2023-02-09,COM.US.Equity,27.1557
2023-02-10,BCOM.TR,238.1528
2023-02-10,GSCI.TR,3443.096
2023-02-10,XAUUSD.Curncy,1865.57
2023-02-10,COM.US.Equity,27.1922
2023-02-13,BCOM.TR,237.9951
2023-02-13,GSCI.TR,3455.063
2023-02-13,XAUUSD.Curncy,1853.49
2023-02-13,COM.US.Equity,27.1648
2023-02-14,BCOM.TR,238.4578
2023-02-14,GSCI.TR,3443.583
2023-02-14,XAUUSD.Curncy,1854.31
2023-02-14,COM.US.Equity,27.1739
2023-02-15,BCOM.TR,235.5118
2023-02-15,GSCI.TR,3410.633
2023-02-15,XAUUSD.Curncy,1836.01
2023-02-15,COM.US.Equity,27.0534
2023-02-16,BCOM.TR,235.6354
2023-02-16,GSCI.TR,3404.216
2023-02-16,XAUUSD.Curncy,1836.36
2023-02-16,COM.US.Equity,27.0553
2023-02-17,BCOM.TR,233.6694
2023-02-17,GSCI.TR,3352.154
2023-02-17,XAUUSD.Curncy,1842.36
2023-02-17,COM.US.Equity,27.1192
2023-02-20,BCOM.TR,233.6694
2023-02-20,GSCI.TR,3352.154
2023-02-20,XAUUSD.Curncy,1841.38
2023-02-20,COM.US.Equity,27.1192
2023-02-21,BCOM.TR,234.9137
2023-02-21,GSCI.TR,3370.058
2023-02-21,XAUUSD.Curncy,1835.09
2023-02-21,COM.US.Equity,27.2926
2023-02-22,BCOM.TR,232.9444
2023-02-22,GSCI.TR,3310.041
2023-02-22,XAUUSD.Curncy,1825.39
2023-02-22,COM.US.Equity,27.1831
2023-02-23,BCOM.TR,232.6426
2023-02-23,GSCI.TR,3324.089
2023-02-23,XAUUSD.Curncy,1822.28
2023-02-23,COM.US.Equity,27.1329
2023-02-24,BCOM.TR,231.7241
2023-02-24,GSCI.TR,3332.57
2023-02-24,XAUUSD.Curncy,1811.04
2023-02-24,COM.US.Equity,26.8453
2023-02-27,BCOM.TR,232.74
2023-02-27,GSCI.TR,3333.566
2023-02-27,XAUUSD.Curncy,1817.14
2023-02-27,COM.US.Equity,26.9914
2023-02-28,BCOM.TR,233.1867
2023-02-28,GSCI.TR,3359.08
2023-02-28,XAUUSD.Curncy,1826.92
2023-02-28,COM.US.Equity,26.9183
2023-03-01,BCOM.TR,235.7066
2023-03-01,GSCI.TR,3394.167
2023-03-01,XAUUSD.Curncy,1836.72
2023-03-01,COM.US.Equity,27.1192
2023-03-02,BCOM.TR,234.959
2023-03-02,GSCI.TR,3396.076
2023-03-02,XAUUSD.Curncy,1835.87
2023-03-02,COM.US.Equity,27.0553
2023-03-03,BCOM.TR,238.0065
2023-03-03,GSCI.TR,3441.17
2023-03-03,XAUUSD.Curncy,1856.48
2023-03-03,COM.US.Equity,27.2789
2023-03-06,BCOM.TR,235.9373
2023-03-06,GSCI.TR,3433.261
2023-03-06,XAUUSD.Curncy,1846.86
2023-03-06,COM.US.Equity,27.2652
2023-03-07,BCOM.TR,232.5571
2023-03-07,GSCI.TR,3361.967
2023-03-07,XAUUSD.Curncy,1813.45
2023-03-07,COM.US.Equity,27.037
2023-03-08,BCOM.TR,230.9914
2023-03-08,GSCI.TR,3335.922
2023-03-08,XAUUSD.Curncy,1813.8
2023-03-08,COM.US.Equity,27.0416
2023-03-09,BCOM.TR,229.1545
2023-03-09,GSCI.TR,3295.828
2023-03-09,XAUUSD.Curncy,1831.03
2023-03-09,COM.US.Equity,27.0918
2023-03-10,BCOM.TR,229.9658
2023-03-10,GSCI.TR,3325.079
2023-03-10,XAUUSD.Curncy,1868.26
2023-03-10,COM.US.Equity,27.1831
2023-03-13,BCOM.TR,231.3293
2023-03-13,GSCI.TR,3296.562
2023-03-13,XAUUSD.Curncy,1913.7
2023-03-13,COM.US.Equity,27.3382
2023-03-14,BCOM.TR,229.3293
2023-03-14,GSCI.TR,3233.384
2023-03-14,XAUUSD.Curncy,1904.01
2023-03-14,COM.US.Equity,27.247
2023-03-15,BCOM.TR,224.834
2023-03-15,GSCI.TR,3123.354
2023-03-15,XAUUSD.Curncy,1918.58
2023-03-15,COM.US.Equity,27.1831
2023-03-16,BCOM.TR,226.204
2023-03-16,GSCI.TR,3150.293
2023-03-16,XAUUSD.Curncy,1919.52
2023-03-16,COM.US.Equity,27.215
2023-03-17,BCOM.TR,225.8677
2023-03-17,GSCI.TR,3129.711
2023-03-17,XAUUSD.Curncy,1989.25
2023-03-17,COM.US.Equity,27.4067
2023-03-20,BCOM.TR,225.9034
2023-03-20,GSCI.TR,3141.535
2023-03-20,XAUUSD.Curncy,1978.84
2023-03-20,COM.US.Equity,27.4067
2023-03-21,BCOM.TR,226.2349
2023-03-21,GSCI.TR,3169.833
2023-03-21,XAUUSD.Curncy,1940.07
2023-03-21,COM.US.Equity,27.3291
2023-03-22,BCOM.TR,225.9653
2023-03-22,GSCI.TR,3194.413
2023-03-22,XAUUSD.Curncy,1970.11
2023-03-22,COM.US.Equity,27.4752
2023-03-23,BCOM.TR,225.9503
2023-03-23,GSCI.TR,3181.554
2023-03-23,XAUUSD.Curncy,1993.4
2023-03-23,COM.US.Equity,27.5025
2023-03-24,BCOM.TR,227.0217
2023-03-24,GSCI.TR,3177.433
2023-03-24,XAUUSD.Curncy,1978.21
2023-03-24,COM.US.Equity,27.4752
2023-03-27,BCOM.TR,228.7081
2023-03-27,GSCI.TR,3255.308
2023-03-27,XAUUSD.Curncy,1956.67
2023-03-27,COM.US.Equity,27.5208
2023-03-28,BCOM.TR,230.0899
2023-03-28,GSCI.TR,3274.328
2023-03-28,XAUUSD.Curncy,1973.54
2023-03-28,COM.US.Equity,27.7125
2023-03-29,BCOM.TR,229.6727
2023-03-29,GSCI.TR,3259.625
2023-03-29,XAUUSD.Curncy,1964.7
2023-03-29,COM.US.Equity,27.676
2023-03-30,BCOM.TR,230.2165
2023-03-30,GSCI.TR,3279.879
2023-03-30,XAUUSD.Curncy,1980.37
2023-03-30,COM.US.Equity,27.8859
2023-03-31,BCOM.TR,232.7065
2023-03-31,GSCI.TR,3323.013
2023-03-31,XAUUSD.Curncy,1969.28
2023-03-31,COM.US.Equity,27.9954
2023-04-03,BCOM.TR,235.0608
2023-04-03,GSCI.TR,3415.951
2023-04-03,XAUUSD.Curncy,1984.65
2023-04-03,COM.US.Equity,28.032
2023-04-04,BCOM.TR,235.0552
2023-04-04,GSCI.TR,3407.706
2023-04-04,XAUUSD.Curncy,2020.42
2023-04-04,COM.US.Equity,28.1465
2023-04-05,BCOM.TR,235.3459
2023-04-05,GSCI.TR,3418.594
2023-04-05,XAUUSD.Curncy,2020.73
2023-04-05,COM.US.Equity,28.2328
2023-04-06,BCOM.TR,234.5064
2023-04-06,GSCI.TR,3410.594
2023-04-06,XAUUSD.Curncy,2007.91
2023-04-06,COM.US.Equity,28.3058
2023-04-07,BCOM.TR,234.5064
2023-04-07,GSCI.TR,3410.594
2023-04-07,XAUUSD.Curncy,2007.91
2023-04-07,COM.US.Equity,28.3058
2023-04-10,BCOM.TR,234.6555
2023-04-10,GSCI.TR,3404.812
2023-04-10,XAUUSD.Curncy,1991.48
2023-04-10,COM.US.Equity,28.2602
2023-04-11,BCOM.TR,236.6494
2023-04-11,GSCI.TR,3437.619
2023-04-11,XAUUSD.Curncy,2003.62
2023-04-11,COM.US.Equity,28.4241
2023-04-12,BCOM.TR,237.7442
2023-04-12,GSCI.TR,3475.123
2023-04-12,XAUUSD.Curncy,2014.93
2023-04-12,COM.US.Equity,28.461
2023-04-13,BCOM.TR,237.997
2023-04-13,GSCI.TR,3455.149
2023-04-13,XAUUSD.Curncy,2040.22
2023-04-13,COM.US.Equity,28.5751
2023-04-14,BCOM.TR,238.2548
2023-04-14,GSCI.TR,3465.635
2023-04-14,XAUUSD.Curncy,2004.17
2023-04-14,COM.US.Equity,28.4245
2023-04-17,BCOM.TR,238.8274
2023-04-17,GSCI.TR,3446.619
2023-04-17,XAUUSD.Curncy,1995.19
2023-04-17,COM.US.Equity,28.4518
2023-04-18,BCOM.TR,240.4493
2023-04-18,GSCI.TR,3457.462
2023-04-18,XAUUSD.Curncy,2005.45
2023-04-18,COM.US.Equity,28.5066
2023-04-19,BCOM.TR,237.3389
2023-04-19,GSCI.TR,3402.574
2023-04-19,XAUUSD.Curncy,1994.93
2023-04-19,COM.US.Equity,28.4792
2023-04-20,BCOM.TR,235.2911
2023-04-20,GSCI.TR,3348.461
2023-04-20,XAUUSD.Curncy,2004.8
2023-04-20,COM.US.Equity,28.5751
2023-04-21,BCOM.TR,233.5242
2023-04-21,GSCI.TR,3346.627
2023-04-21,XAUUSD.Curncy,1983.06
2023-04-21,COM.US.Equity,28.4062
2023-04-24,BCOM.TR,234.555
2023-04-24,GSCI.TR,3369.507
2023-04-24,XAUUSD.Curncy,1989.14
2023-04-24,COM.US.Equity,28.5431
2023-04-25,BCOM.TR,231.5306
2023-04-25,GSCI.TR,3313.839
2023-04-25,XAUUSD.Curncy,1997.39
2023-04-25,COM.US.Equity,28.5879
2023-04-26,BCOM.TR,228.9936
2023-04-26,GSCI.TR,3250.034
2023-04-26,XAUUSD.Curncy,1989.04
2023-04-26,COM.US.Equity,28.5063
2023-04-27,BCOM.TR,228.7664
2023-04-27,GSCI.TR,3246.533
2023-04-27,XAUUSD.Curncy,1987.78
2023-04-27,COM.US.Equity,28.5979
2023-04-28,BCOM.TR,230.9578
2023-04-28,GSCI.TR,3297.806
2023-04-28,XAUUSD.Curncy,1990
2023-04-28,COM.US.Equity,28.6344
2023-05-01,BCOM.TR,229.6255
2023-05-01,GSCI.TR,3270.83
2023-05-01,XAUUSD.Curncy,1982.56
2023-05-01,COM.US.Equity,28.5431
2023-05-02,BCOM.TR,226.6963
2023-05-02,GSCI.TR,3172.969
2023-05-02,XAUUSD.Curncy,2016.68
2023-05-02,COM.US.Equity,28.5249
2023-05-03,BCOM.TR,224.9859
2023-05-03,GSCI.TR,3107.991
2023-05-03,XAUUSD.Curncy,2038.97
2023-05-03,COM.US.Equity,28.534
2023-05-04,BCOM.TR,225.2652
2023-05-04,GSCI.TR,3112.559
2023-05-04,XAUUSD.Curncy,2050.28
2023-05-04,COM.US.Equity,28.7074
2023-05-05,BCOM.TR,228.1858
2023-05-05,GSCI.TR,3187.353
2023-05-05,XAUUSD.Curncy,2016.79
2023-05-05,COM.US.Equity,28.7805
2023-05-08,BCOM.TR,229.9316
2023-05-08,GSCI.TR,3234.768
2023-05-08,XAUUSD.Curncy,2021.16
2023-05-08,COM.US.Equity,28.7622
2023-05-09,BCOM.TR,229.6308
2023-05-09,GSCI.TR,3238.555
2023-05-09,XAUUSD.Curncy,2034.56
2023-05-09,COM.US.Equity,28.7531
2023-05-10,BCOM.TR,227.8561
2023-05-10,GSCI.TR,3217.354
2023-05-10,XAUUSD.Curncy,2030.09
2023-05-10,COM.US.Equity,28.7029
2023-05-11,BCOM.TR,224.3088
2023-05-11,GSCI.TR,3160.392
2023-05-11,XAUUSD.Curncy,2015.05
2023-05-11,COM.US.Equity,28.388
2023-05-12,BCOM.TR,224.4831
2023-05-12,GSCI.TR,3150.342
2023-05-12,XAUUSD.Curncy,2010.77
2023-05-12,COM.US.Equity,28.3423
2023-05-15,BCOM.TR,227.1104
2023-05-15,GSCI.TR,3195.402
2023-05-15,XAUUSD.Curncy,2016.49
2023-05-15,COM.US.Equity,28.3788
2023-05-16,BCOM.TR,224.5717
2023-05-16,GSCI.TR,3174.143
2023-05-16,XAUUSD.Curncy,1989.17
2023-05-16,COM.US.Equity,28.1963
2023-05-17,BCOM.TR,225.1755
2023-05-17,GSCI.TR,3213.212
2023-05-17,XAUUSD.Curncy,1981.84
2023-05-17,COM.US.Equity,28.1141
2023-05-18,BCOM.TR,224.1906
2023-05-18,GSCI.TR,3188.676
2023-05-18,XAUUSD.Curncy,1957.55
2023-05-18,COM.US.Equity,28.0776
2023-05-19,BCOM.TR,224.4625
2023-05-19,GSCI.TR,3179.877
2023-05-19,XAUUSD.Curncy,1977.81
2023-05-19,COM.US.Equity,28.1141
2023-05-22,BCOM.TR,224.1141
2023-05-22,GSCI.TR,3187.224
2023-05-22,XAUUSD.Curncy,1971.86
2023-05-22,COM.US.Equity,28.1367
2023-05-23,BCOM.TR,223.3029
2023-05-23,GSCI.TR,3199.597
2023-05-23,XAUUSD.Curncy,1975.23
2023-05-23,COM.US.Equity,28.1232
2023-05-24,BCOM.TR,223.5198
2023-05-24,GSCI.TR,3228.02
2023-05-24,XAUUSD.Curncy,1957.16
2023-05-24,COM.US.Equity,28.0137
2023-05-25,BCOM.TR,220.7006
2023-05-25,GSCI.TR,3170.968
2023-05-25,XAUUSD.Curncy,1941.41
2023-05-25,COM.US.Equity,27.8677
2023-05-26,BCOM.TR,222.4788
2023-05-26,GSCI.TR,3203.255
2023-05-26,XAUUSD.Curncy,1946.46
2023-05-26,COM.US.Equity,27.9863
2023-05-29,BCOM.TR,222.4788
2023-05-29,GSCI.TR,3203.255
2023-05-29,XAUUSD.Curncy,1943.19
2023-05-29,COM.US.Equity,27.9863
2023-05-30,BCOM.TR,218.717
2023-05-30,GSCI.TR,3121.404
2023-05-30,XAUUSD.Curncy,1959.33
2023-05-30,COM.US.Equity,28.0502
2023-05-31,BCOM.TR,217.9403
2023-05-31,GSCI.TR,3096.398
2023-05-31,XAUUSD.Curncy,1962.73
2023-05-31,COM.US.Equity,28.0685
2023-06-01,BCOM.TR,220.7035
2023-06-01,GSCI.TR,3150.68
2023-06-01,XAUUSD.Curncy,1977.61
2023-06-01,COM.US.Equity,28.0593
2023-06-02,BCOM.TR,222.136
2023-06-02,GSCI.TR,3199.057
2023-06-02,XAUUSD.Curncy,1947.97
2023-06-02,COM.US.Equity,27.9954
2023-06-05,BCOM.TR,222.7733
2023-06-05,GSCI.TR,3212.88
2023-06-05,XAUUSD.Curncy,1961.86
2023-06-05,COM.US.Equity,28.0137
2023-06-06,BCOM.TR,223.6171
2023-06-06,GSCI.TR,3216.308
2023-06-06,XAUUSD.Curncy,1963.52
2023-06-06,COM.US.Equity,27.9954
2023-06-07,BCOM.TR,224.2099
2023-06-07,GSCI.TR,3231.839
2023-06-07,XAUUSD.Curncy,1940.02
2023-06-07,COM.US.Equity,27.9348
2023-06-08,BCOM.TR,225.821
2023-06-08,GSCI.TR,3222.141
2023-06-08,XAUUSD.Curncy,1965.46
2023-06-08,COM.US.Equity,28.178
2023-06-09,BCOM.TR,224.8997
2023-06-09,GSCI.TR,3199.568
2023-06-09,XAUUSD.Curncy,1961.19
2023-06-09,COM.US.Equity,28.1661
2023-06-12,BCOM.TR,222.7154
2023-06-12,GSCI.TR,3136.887
2023-06-12,XAUUSD.Curncy,1957.84
2023-06-12,COM.US.Equity,28.1141
2023-06-13,BCOM.TR,225.3628
2023-06-13,GSCI.TR,3201.648
2023-06-13,XAUUSD.Curncy,1943.74
2023-06-13,COM.US.Equity,28.0593
2023-06-14,BCOM.TR,225.7784
2023-06-14,GSCI.TR,3182.487
2023-06-14,XAUUSD.Curncy,1942.52
2023-06-14,COM.US.Equity,28.0776
2023-06-15,BCOM.TR,230.777
2023-06-15,GSCI.TR,3270.17
2023-06-15,XAUUSD.Curncy,1958.01
2023-06-15,COM.US.Equity,28.1232
2023-06-16,BCOM.TR,234.4529
2023-06-16,GSCI.TR,3325.847
2023-06-16,XAUUSD.Curncy,1957.98
2023-06-16,COM.US.Equity,28.1871
2023-06-19,BCOM.TR,234.4529
2023-06-19,GSCI.TR,3325.847
2023-06-19,XAUUSD.Curncy,1950.48
2023-06-19,COM.US.Equity,28.1871
2023-06-20,BCOM.TR,231.2041
2023-06-20,GSCI.TR,3288.323
2023-06-20,XAUUSD.Curncy,1936.42
2023-06-20,COM.US.Equity,28.1007
2023-06-21,BCOM.TR,233.7883
2023-06-21,GSCI.TR,3344.383
2023-06-21,XAUUSD.Curncy,1932.55
2023-06-21,COM.US.Equity,28.028
2023-06-22,BCOM.TR,230.3602
2023-06-22,GSCI.TR,3267.905
2023-06-22,XAUUSD.Curncy,1914.01
2023-06-22,COM.US.Equity,27.9204
2023-06-23,BCOM.TR,228.4501
2023-06-23,GSCI.TR,3235.677
2023-06-23,XAUUSD.Curncy,1921.2
2023-06-23,COM.US.Equity,27.7515
2023-06-26,BCOM.TR,228.8429
2023-06-26,GSCI.TR,3243.502
2023-06-26,XAUUSD.Curncy,1923.26
2023-06-26,COM.US.Equity,27.7693
2023-06-27,BCOM.TR,226.0771
2023-06-27,GSCI.TR,3190.611
2023-06-27,XAUUSD.Curncy,1913.69
2023-06-27,COM.US.Equity,27.6284
2023-06-28,BCOM.TR,224.1119
2023-06-28,GSCI.TR,3201.02
2023-06-28,XAUUSD.Curncy,1907.32
2023-06-28,COM.US.Equity,27.4518
2023-06-29,BCOM.TR,223.9679
2023-06-29,GSCI.TR,3202.498
2023-06-29,XAUUSD.Curncy,1908.2
2023-06-29,COM.US.Equity,27.3865
2023-06-30,BCOM.TR,226.7436
2023-06-30,GSCI.TR,3232.346
2023-06-30,XAUUSD.Curncy,1919.35
2023-06-30,COM.US.Equity,27.3496
2023-07-03,BCOM.TR,226.3374
2023-07-03,GSCI.TR,3211.011
2023-07-03,XAUUSD.Curncy,1921.64
2023-07-03,COM.US.Equity,27.413
2023-07-04,BCOM.TR,226.3374
2023-07-04,GSCI.TR,3211.011
2023-07-04,XAUUSD.Curncy,1925.48
2023-07-04,COM.US.Equity,27.413
2023-07-05,BCOM.TR,228.1342
2023-07-05,GSCI.TR,3266.406
2023-07-05,XAUUSD.Curncy,1915.3
2023-07-05,COM.US.Equity,27.4147
2023-07-06,BCOM.TR,226.7417
2023-07-06,GSCI.TR,3257.173
2023-07-06,XAUUSD.Curncy,1910.9
2023-07-06,COM.US.Equity,27.2892
2023-07-07,BCOM.TR,227.9446
2023-07-07,GSCI.TR,3303.768
2023-07-07,XAUUSD.Curncy,1925.05
2023-07-07,COM.US.Equity,27.3124
2023-07-10,BCOM.TR,228.5856
2023-07-10,GSCI.TR,3296.083
2023-07-10,XAUUSD.Curncy,1925.35
2023-07-10,COM.US.Equity,27.3775
2023-07-11,BCOM.TR,230.7364
2023-07-11,GSCI.TR,3346.297
2023-07-11,XAUUSD.Curncy,1932.23
2023-07-11,COM.US.Equity,27.4333
2023-07-12,BCOM.TR,231.4123
2023-07-12,GSCI.TR,3358.908
2023-07-12,XAUUSD.Curncy,1957.35
2023-07-12,COM.US.Equity,27.5541
2023-07-13,BCOM.TR,233.9729
2023-07-13,GSCI.TR,3399.192
2023-07-13,XAUUSD.Curncy,1960.51
2023-07-13,COM.US.Equity,27.7399
2023-07-14,BCOM.TR,234.1889
2023-07-14,GSCI.TR,3384.62
2023-07-14,XAUUSD.Curncy,1955.21
2023-07-14,COM.US.Equity,27.7306
2023-07-17,BCOM.TR,232.0408
2023-07-17,GSCI.TR,3345.865
2023-07-17,XAUUSD.Curncy,1955.04
2023-07-17,COM.US.Equity,27.6749
2023-07-18,BCOM.TR,235.0285
2023-07-18,GSCI.TR,3396.762
2023-07-18,XAUUSD.Curncy,1978.72
2023-07-18,COM.US.Equity,27.7771
2023-07-19,BCOM.TR,236.4306
2023-07-19,GSCI.TR,3419.021
2023-07-19,XAUUSD.Curncy,1976.64
2023-07-19,COM.US.Equity,27.7957
2023-07-20,BCOM.TR,237.6355
2023-07-20,GSCI.TR,3431.972
2023-07-20,XAUUSD.Curncy,1969.53
2023-07-20,COM.US.Equity,27.7957
2023-07-21,BCOM.TR,238.0204
2023-07-21,GSCI.TR,3461.59
2023-07-21,XAUUSD.Curncy,1961.94
2023-07-21,COM.US.Equity,27.8654
2023-07-24,BCOM.TR,241.3862
2023-07-24,GSCI.TR,3531.359
2023-07-24,XAUUSD.Curncy,1954.73
2023-07-24,COM.US.Equity,27.9723
2023-07-25,BCOM.TR,242.7403
2023-07-25,GSCI.TR,3548.854
2023-07-25,XAUUSD.Curncy,1964.96
2023-07-25,COM.US.Equity,27.9815
2023-07-26,BCOM.TR,241.187
2023-07-26,GSCI.TR,3527.39
2023-07-26,XAUUSD.Curncy,1972.07
2023-07-26,COM.US.Equity,28.1209
2023-07-27,BCOM.TR,239.8672
2023-07-27,GSCI.TR,3547.154
2023-07-27,XAUUSD.Curncy,1946
2023-07-27,COM.US.Equity,27.8143
2023-07-28,BCOM.TR,240.5769
2023-07-28,GSCI.TR,3562.914
2023-07-28,XAUUSD.Curncy,1959.49
2023-07-28,COM.US.Equity,27.805
2023-07-31,BCOM.TR,240.9295
2023-07-31,GSCI.TR,3579.358
2023-07-31,XAUUSD.Curncy,1965.09
2023-07-31,COM.US.Equity,27.7585
2023-08-01,BCOM.TR,239.4478
2023-08-01,GSCI.TR,3569.522
2023-08-01,XAUUSD.Curncy,1944.29
2023-08-01,COM.US.Equity,27.8003
2023-08-02,BCOM.TR,235.7838
2023-08-02,GSCI.TR,3503.839
2023-08-02,XAUUSD.Curncy,1934.45
2023-08-02,COM.US.Equity,27.5448
2023-08-03,BCOM.TR,237.0084
2023-08-03,GSCI.TR,3544.751
2023-08-03,XAUUSD.Curncy,1934.06
2023-08-03,COM.US.Equity,27.5448
2023-08-04,BCOM.TR,237.911
2023-08-04,GSCI.TR,3571.115
2023-08-04,XAUUSD.Curncy,1942.91
2023-08-04,COM.US.Equity,27.5169
2023-08-07,BCOM.TR,237.6233
2023-08-07,GSCI.TR,3555.033
2023-08-07,XAUUSD.Curncy,1936.56
2023-08-07,COM.US.Equity,27.4983
2023-08-08,BCOM.TR,237.5535
2023-08-08,GSCI.TR,3571.873
2023-08-08,XAUUSD.Curncy,1925.24
2023-08-08,COM.US.Equity,27.4797
2023-08-09,BCOM.TR,239.4509
2023-08-09,GSCI.TR,3619.933
2023-08-09,XAUUSD.Curncy,1914.46
2023-08-09,COM.US.Equity,27.6227
2023-08-10,BCOM.TR,237.9871
2023-08-10,GSCI.TR,3588.569
2023-08-10,XAUUSD.Curncy,1912.48
2023-08-10,COM.US.Equity,27.6005
2023-08-11,BCOM.TR,237.3799
2023-08-11,GSCI.TR,3585.986
2023-08-11,XAUUSD.Curncy,1913.76
2023-08-11,COM.US.Equity,27.6563
2023-08-14,BCOM.TR,236.3871
2023-08-14,GSCI.TR,3560.768
2023-08-14,XAUUSD.Curncy,1907.1
2023-08-14,COM.US.Equity,27.5076
2023-08-15,BCOM.TR,233.5127
2023-08-15,GSCI.TR,3507.399
2023-08-15,XAUUSD.Curncy,1902
2023-08-15,COM.US.Equity,27.1823
2023-08-16,BCOM.TR,232.7167
2023-08-16,GSCI.TR,3484.201
2023-08-16,XAUUSD.Curncy,1891.81
2023-08-16,COM.US.Equity,27.1637
2023-08-17,BCOM.TR,233.491
2023-08-17,GSCI.TR,3506.697
2023-08-17,XAUUSD.Curncy,1889.43
2023-08-17,COM.US.Equity,27.1916
2023-08-18,BCOM.TR,234.6069
2023-08-18,GSCI.TR,3536.751
2023-08-18,XAUUSD.Curncy,1889.31
2023-08-18,COM.US.Equity,27.3124
2023-08-21,BCOM.TR,234.7456
2023-08-21,GSCI.TR,3522.959
2023-08-21,XAUUSD.Curncy,1894.93
2023-08-21,COM.US.Equity,27.2195
2023-08-22,BCOM.TR,234.0501
2023-08-22,GSCI.TR,3515.093
2023-08-22,XAUUSD.Curncy,1897.48
2023-08-22,COM.US.Equity,27.2753
2023-08-23,BCOM.TR,235.67
2023-08-23,GSCI.TR,3513.287
2023-08-23,XAUUSD.Curncy,1915.48
2023-08-23,COM.US.Equity,27.4054
2023-08-24,BCOM.TR,236.264
2023-08-24,GSCI.TR,3521.962
2023-08-24,XAUUSD.Curncy,1916.91
2023-08-24,COM.US.Equity,27.4147
2023-08-25,BCOM.TR,237.6234
2023-08-25,GSCI.TR,3558.551
2023-08-25,XAUUSD.Curncy,1914.96
2023-08-25,COM.US.Equity,27.7028
2023-08-28,BCOM.TR,238.1287
2023-08-28,GSCI.TR,3560.76
2023-08-28,XAUUSD.Curncy,1920.17
2023-08-28,COM.US.Equity,27.6059
2023-08-29,BCOM.TR,238.4552
2023-08-29,GSCI.TR,3571.062
2023-08-29,XAUUSD.Curncy,1937.54
2023-08-29,COM.US.Equity,27.5634
2023-08-30,BCOM.TR,239.2602
2023-08-30,GSCI.TR,3571.842
2023-08-30,XAUUSD.Curncy,1942.32
2023-08-30,COM.US.Equity,27.5448
2023-08-31,BCOM.TR,239.0835
2023-08-31,GSCI.TR,3600.722
2023-08-31,XAUUSD.Curncy,1940.19
2023-08-31,COM.US.Equity,27.5448
2023-09-01,BCOM.TR,240.6852
2023-09-01,GSCI.TR,3647.289
2023-09-01,XAUUSD.Curncy,1940.06
2023-09-01,COM.US.Equity,27.7864
2023-09-04,BCOM.TR,240.6852
2023-09-04,GSCI.TR,3647.289
2023-09-04,XAUUSD.Curncy,1942.69
2023-09-04,COM.US.Equity,27.7864
2023-09-05,BCOM.TR,240.6377
2023-09-05,GSCI.TR,3681.287
2023-09-05,XAUUSD.Curncy,1926.12
2023-09-05,COM.US.Equity,27.8793
2023-09-06,BCOM.TR,240.1021
2023-09-06,GSCI.TR,3687.274
2023-09-06,XAUUSD.Curncy,1916.56
2023-09-06,COM.US.Equity,27.8421
2023-09-07,BCOM.TR,239.2941
2023-09-07,GSCI.TR,3680.361
2023-09-07,XAUUSD.Curncy,1919.68
2023-09-07,COM.US.Equity,27.8143
2023-09-08,BCOM.TR,239.4902
2023-09-08,GSCI.TR,3703.594
2023-09-08,XAUUSD.Curncy,1919.08
2023-09-08,COM.US.Equity,27.9072
2023-09-11,BCOM.TR,240.9511
2023-09-11,GSCI.TR,3723.454
2023-09-11,XAUUSD.Curncy,1922.3
2023-09-11,COM.US.Equity,28.1302
2023-09-12,BCOM.TR,241.2923
2023-09-12,GSCI.TR,3747.606
2023-09-12,XAUUSD.Curncy,1913.67
2023-09-12,COM.US.Equity,28.1581
2023-09-13,BCOM.TR,241.637
2023-09-13,GSCI.TR,3756.152
2023-09-13,XAUUSD.Curncy,1908.12
2023-09-13,COM.US.Equity,28.251
2023-09-14,BCOM.TR,243.3844
2023-09-14,GSCI.TR,3801.667
2023-09-14,XAUUSD.Curncy,1910.79
2023-09-14,COM.US.Equity,28.3672
2023-09-15,BCOM.TR,242.8744
2023-09-15,GSCI.TR,3792.547
2023-09-15,XAUUSD.Curncy,1923.91
2023-09-15,COM.US.Equity,28.2046
2023-09-18,BCOM.TR,242.8248
2023-09-18,GSCI.TR,3787.272
2023-09-18,XAUUSD.Curncy,1933.84
2023-09-18,COM.US.Equity,28.1488
2023-09-19,BCOM.TR,243.0053
2023-09-19,GSCI.TR,3791.548
2023-09-19,XAUUSD.Curncy,1931.36
2023-09-19,COM.US.Equity,28.2466
2023-09-20,BCOM.TR,242.5484
2023-09-20,GSCI.TR,3773.372
2023-09-20,XAUUSD.Curncy,1930.3
2023-09-20,COM.US.Equity,28.0306
2023-09-21,BCOM.TR,239.9236
2023-09-21,GSCI.TR,3759.382
2023-09-21,XAUUSD.Curncy,1920.02
2023-09-21,COM.US.Equity,28.04
2023-09-22,BCOM.TR,240.3097
2023-09-22,GSCI.TR,3754.661
2023-09-22,XAUUSD.Curncy,1925.23
2023-09-22,COM.US.Equity,27.9743
2023-09-25,BCOM.TR,239.3486
2023-09-25,GSCI.TR,3743.776
2023-09-25,XAUUSD.Curncy,1915.92
2023-09-25,COM.US.Equity,27.9649
2023-09-26,BCOM.TR,238.5983
2023-09-26,GSCI.TR,3743.431
2023-09-26,XAUUSD.Curncy,1900.65
2023-09-26,COM.US.Equity,27.9931
2023-09-27,BCOM.TR,239.4572
2023-09-27,GSCI.TR,3800.864
2023-09-27,XAUUSD.Curncy,1875.12
2023-09-27,COM.US.Equity,28.1058
2023-09-28,BCOM.TR,239.7739
2023-09-28,GSCI.TR,3785.591
2023-09-28,XAUUSD.Curncy,1864.87
2023-09-28,COM.US.Equity,28.0736
2023-09-29,BCOM.TR,237.4235
2023-09-29,GSCI.TR,3748.922
2023-09-29,XAUUSD.Curncy,1848.63
2023-09-29,COM.US.Equity,27.8804
2023-10-02,BCOM.TR,235.0587
2023-10-02,GSCI.TR,3703.5
2023-10-02,XAUUSD.Curncy,1828.03
2023-10-02,COM.US.Equity,27.8428
2023-10-03,BCOM.TR,234.4455
2023-10-03,GSCI.TR,3693.408
2023-10-03,XAUUSD.Curncy,1823.02
2023-10-03,COM.US.Equity,27.7114
2023-10-04,BCOM.TR,230.3262
2023-10-04,GSCI.TR,3567.506
2023-10-04,XAUUSD.Curncy,1821.36
2023-10-04,COM.US.Equity,27.3451
2023-10-05,BCOM.TR,230.3996
2023-10-05,GSCI.TR,3528.324
2023-10-05,XAUUSD.Curncy,1820.3
2023-10-05,COM.US.Equity,27.2115
2023-10-06,BCOM.TR,232.5387
2023-10-06,GSCI.TR,3549.106
2023-10-06,XAUUSD.Curncy,1833.01
2023-10-06,COM.US.Equity,27.2418
2023-10-09,BCOM.TR,235.3223
2023-10-09,GSCI.TR,3630.779
2023-10-09,XAUUSD.Curncy,1861.41
2023-10-09,COM.US.Equity,27.4756
2023-10-10,BCOM.TR,235.0159
2023-10-10,GSCI.TR,3621.915
2023-10-10,XAUUSD.Curncy,1860.4
2023-10-10,COM.US.Equity,27.4578
2023-10-11,BCOM.TR,233.7578
2023-10-11,GSCI.TR,3578.413
2023-10-11,XAUUSD.Curncy,1874.36
2023-10-11,COM.US.Equity,27.3639
2023-10-12,BCOM.TR,234.5219
2023-10-12,GSCI.TR,3588.142
2023-10-12,XAUUSD.Curncy,1868.9
2023-10-12,COM.US.Equity,27.4015
2023-10-13,BCOM.TR,238.9369
2023-10-13,GSCI.TR,3699.597
2023-10-13,XAUUSD.Curncy,1932.82
2023-10-13,COM.US.Equity,27.6926
2023-10-16,BCOM.TR,237.7244
2023-10-16,GSCI.TR,3673.182
2023-10-16,XAUUSD.Curncy,1920.2
2023-10-16,COM.US.Equity,27.6456
2023-10-17,BCOM.TR,238.0495
2023-10-17,GSCI.TR,3674.2
2023-10-17,XAUUSD.Curncy,1923.18
2023-10-17,COM.US.Equity,27.6456
2023-10-18,BCOM.TR,240.5028
2023-10-18,GSCI.TR,3721.83
2023-10-18,XAUUSD.Curncy,1947.55
2023-10-18,COM.US.Equity,27.7771
2023-10-19,BCOM.TR,240.953
2023-10-19,GSCI.TR,3743.664
2023-10-19,XAUUSD.Curncy,1974.46
2023-10-19,COM.US.Equity,27.7865
2023-10-20,BCOM.TR,240.3877
2023-10-20,GSCI.TR,3734.228
2023-10-20,XAUUSD.Curncy,1981.4
2023-10-20,COM.US.Equity,27.6738
2023-10-23,BCOM.TR,238.3287
2023-10-23,GSCI.TR,3673.531
2023-10-23,XAUUSD.Curncy,1972.85
2023-10-23,COM.US.Equity,27.6174
2023-10-24,BCOM.TR,237.7295
2023-10-24,GSCI.TR,3628.637
2023-10-24,XAUUSD.Curncy,1970.97
2023-10-24,COM.US.Equity,27.4578
2023-10-25,BCOM.TR,238.8534
2023-10-25,GSCI.TR,3663.673
2023-10-25,XAUUSD.Curncy,1979.72
2023-10-25,COM.US.Equity,27.6081
2023-10-26,BCOM.TR,237.8384
2023-10-26,GSCI.TR,3625.481
2023-10-26,XAUUSD.Curncy,1984.71
2023-10-26,COM.US.Equity,27.5379
2023-10-27,BCOM.TR,240.2172
2023-10-27,GSCI.TR,3679.745
2023-10-27,XAUUSD.Curncy,2006.37
2023-10-27,COM.US.Equity,27.6456
2023-10-30,BCOM.TR,237.6952
2023-10-30,GSCI.TR,3607.285
2023-10-30,XAUUSD.Curncy,1996.1
2023-10-30,COM.US.Equity,27.3473
2023-10-31,BCOM.TR,238.0541
2023-10-31,GSCI.TR,3592.039
2023-10-31,XAUUSD.Curncy,1983.88
2023-10-31,COM.US.Equity,27.4202
2023-11-01,BCOM.TR,237.0499
2023-11-01,GSCI.TR,3582.081
2023-11-01,XAUUSD.Curncy,1982.53
2023-11-01,COM.US.Equity,27.3451
2023-11-02,BCOM.TR,239.1071
2023-11-02,GSCI.TR,3638.006
2023-11-02,XAUUSD.Curncy,1985.78
2023-11-02,COM.US.Equity,27.5329
2023-11-03,BCOM.TR,239.5512
2023-11-03,GSCI.TR,3599.385
2023-11-03,XAUUSD.Curncy,1992.65
2023-11-03,COM.US.Equity,27.4578
2023-11-06,BCOM.TR,239.1353
2023-11-06,GSCI.TR,3605.816
2023-11-06,XAUUSD.Curncy,1978.14
2023-11-06,COM.US.Equity,27.4672
2023-11-07,BCOM.TR,234.6582
2023-11-07,GSCI.TR,3503.217
2023-11-07,XAUUSD.Curncy,1969.45
2023-11-07,COM.US.Equity,27.1104
2023-11-08,BCOM.TR,233.1712
2023-11-08,GSCI.TR,3458.077
2023-11-08,XAUUSD.Curncy,1950.2
2023-11-08,COM.US.Equity,26.8662
2023-11-09,BCOM.TR,232.7869
2023-11-09,GSCI.TR,3449.197
2023-11-09,XAUUSD.Curncy,1958.55
2023-11-09,COM.US.Equity,26.8661
2023-11-10,BCOM.TR,231.555
2023-11-10,GSCI.TR,3466.977
2023-11-10,XAUUSD.Curncy,1940.2
2023-11-10,COM.US.Equity,26.9038
2023-11-13,BCOM.TR,235.1177
2023-11-13,GSCI.TR,3522.033
2023-11-13,XAUUSD.Curncy,1946.92
2023-11-13,COM.US.Equity,27.1573
2023-11-14,BCOM.TR,235.7611
2023-11-14,GSCI.TR,3526.169
2023-11-14,XAUUSD.Curncy,1964.29
2023-11-14,COM.US.Equity,27.0909
2023-11-15,BCOM.TR,235.7352
2023-11-15,GSCI.TR,3501.581
2023-11-15,XAUUSD.Curncy,1959.85
2023-11-15,COM.US.Equity,27.0916
2023-11-16,BCOM.TR,232.1522
2023-11-16,GSCI.TR,3403.269
2023-11-16,XAUUSD.Curncy,1980.9
2023-11-16,COM.US.Equity,26.7723
2023-11-17,BCOM.TR,232.5044
2023-11-17,GSCI.TR,3460.568
2023-11-17,XAUUSD.Curncy,1980.82
2023-11-17,COM.US.Equity,26.9225
2023-11-20,BCOM.TR,234.364
2023-11-20,GSCI.TR,3513.428
2023-11-20,XAUUSD.Curncy,1978.07
2023-11-20,COM.US.Equity,27.1291
2023-11-21,BCOM.TR,234.9662
2023-11-21,GSCI.TR,3522.294
2023-11-21,XAUUSD.Curncy,1998.29
2023-11-21,COM.US.Equity,27.2606
2023-11-22,BCOM.TR,233.2772
2023-11-22,GSCI.TR,3494.001
2023-11-22,XAUUSD.Curncy,1990.17
2023-11-22,COM.US.Equity,27.0916
2023-11-23,BCOM.TR,233.2772
2023-11-23,GSCI.TR,3494.001
2023-11-23,XAUUSD.Curncy,1992.25
2023-11-23,COM.US.Equity,27.0916
2023-11-24,BCOM.TR,231.6
2023-11-24,GSCI.TR,3450.425
2023-11-24,XAUUSD.Curncy,2000.82
2023-11-24,COM.US.Equity,26.9883
2023-11-27,BCOM.TR,230.6728
2023-11-27,GSCI.TR,3422.024
2023-11-27,XAUUSD.Curncy,2014.13
2023-11-27,COM.US.Equity,26.9969
2023-11-28,BCOM.TR,233.0069
2023-11-28,GSCI.TR,3476.943
2023-11-28,XAUUSD.Curncy,2040.97
2023-11-28,COM.US.Equity,27.101
2023-11-29,BCOM.TR,233.8605
2023-11-29,GSCI.TR,3507.964
2023-11-29,XAUUSD.Curncy,2044.24
2023-11-29,COM.US.Equity,27.2043
2023-11-30,BCOM.TR,232.6916
2023-11-30,GSCI.TR,3461.114
2023-11-30,XAUUSD.Curncy,2036.41
2023-11-30,COM.US.Equity,26.885
2023-12-01,BCOM.TR,231.9574
2023-12-01,GSCI.TR,3417.63
2023-12-01,XAUUSD.Curncy,2072.22
2023-12-01,COM.US.Equity,26.8286
2023-12-04,BCOM.TR,228.6803
2023-12-04,GSCI.TR,3383.886
2023-12-04,XAUUSD.Curncy,2029.42
2023-12-04,COM.US.Equity,26.7535
2023-12-05,BCOM.TR,227.7513
2023-12-05,GSCI.TR,3364.748
2023-12-05,XAUUSD.Curncy,2019.36
2023-12-05,COM.US.Equity,26.5939
2023-12-06,BCOM.TR,223.1599
2023-12-06,GSCI.TR,3272.73
2023-12-06,XAUUSD.Curncy,2025.55
2023-12-06,COM.US.Equity,26.2666
2023-12-07,BCOM.TR,223.8133
2023-12-07,GSCI.TR,3273.27
2023-12-07,XAUUSD.Curncy,2028.47
2023-12-07,COM.US.Equity,26.2374
2023-12-08,BCOM.TR,223.9447
2023-12-08,GSCI.TR,3315.514
2023-12-08,XAUUSD.Curncy,2004.67
2023-12-08,COM.US.Equity,26.0868
2023-12-11,BCOM.TR,222.763
2023-12-11,GSCI.TR,3307.137
2023-12-11,XAUUSD.Curncy,1981.95
2023-12-11,COM.US.Equity,26.0211
2023-12-12,BCOM.TR,220.648
2023-12-12,GSCI.TR,3243.44
2023-12-12,XAUUSD.Curncy,1979.54
2023-12-12,COM.US.Equity,25.9553
2023-12-13,BCOM.TR,220.7654
2023-12-13,GSCI.TR,3258.114
2023-12-13,XAUUSD.Curncy,2027.74
2023-12-13,COM.US.Equity,26.1976
2023-12-14,BCOM.TR,225.8068
2023-12-14,GSCI.TR,3338.231
2023-12-14,XAUUSD.Curncy,2036.36
2023-12-14,COM.US.Equity,26.3263
2023-12-15,BCOM.TR,226.5481
2023-12-15,GSCI.TR,3351.665
2023-12-15,XAUUSD.Curncy,2019.62
2023-12-15,COM.US.Equity,26.2569
2023-12-18,BCOM.TR,227.1268
2023-12-18,GSCI.TR,3378.046
2023-12-18,XAUUSD.Curncy,2027.19
2023-12-18,COM.US.Equity,26.3346
2023-12-19,BCOM.TR,228.2327
2023-12-19,GSCI.TR,3407.937
2023-12-19,XAUUSD.Curncy,2040.35
2023-12-19,COM.US.Equity,26.3779
2023-12-20,BCOM.TR,227.2423
2023-12-20,GSCI.TR,3405.63
2023-12-20,XAUUSD.Curncy,2031.39
2023-12-20,COM.US.Equity,26.3582
2023-12-21,BCOM.TR,227.0183
2023-12-21,GSCI.TR,3393.51
2023-12-21,XAUUSD.Curncy,2045.95
2023-12-21,COM.US.Equity,26.3954
2023-12-22,BCOM.TR,227.8247
2023-12-22,GSCI.TR,3393.599
2023-12-22,XAUUSD.Curncy,2053.08
2023-12-22,COM.US.Equity,26.3824
2023-12-25,BCOM.TR,227.8247
2023-12-25,GSCI.TR,3393.599
2023-12-25,XAUUSD.Curncy,2053.08
2023-12-25,COM.US.Equity,26.3824
2023-12-26,BCOM.TR,229.2362
2023-12-26,GSCI.TR,3441.969
2023-12-26,XAUUSD.Curncy,2067.81
2023-12-26,COM.US.Equity,26.4303
2023-12-27,BCOM.TR,229.7626
2023-12-27,GSCI.TR,3416.898
2023-12-27,XAUUSD.Curncy,2077.49
2023-12-27,COM.US.Equity,26.4317
2023-12-28,BCOM.TR,228.5087
2023-12-28,GSCI.TR,3366.458
2023-12-28,XAUUSD.Curncy,2065.61
2023-12-28,COM.US.Equity,26.3641
2023-12-29,BCOM.TR,226.433
2023-12-29,GSCI.TR,3346.584
2023-12-29,XAUUSD.Curncy,2062.98
2023-12-29,COM.US.Equity,26.2933
2024-01-01,BCOM.TR,226.433
2024-01-01,GSCI.TR,3346.584
2024-01-01,XAUUSD.Curncy,2062.98
2024-01-01,COM.US.Equity,26.2933
2024-01-02,BCOM.TR,225.307
2024-01-02,GSCI.TR,3316.324
2024-01-02,XAUUSD.Curncy,2058.96
2024-01-02,COM.US.Equity,26.1974
2024-01-03,BCOM.TR,225.8626
2024-01-03,GSCI.TR,3371.067
2024-01-03,XAUUSD.Curncy,2041.49
2024-01-03,COM.US.Equity,26.1542
2024-01-04,BCOM.TR,225.8701
2024-01-04,GSCI.TR,3357.997
2024-01-04,XAUUSD.Curncy,2043.65
2024-01-04,COM.US.Equity,26.1526
2024-01-05,BCOM.TR,226.6358
2024-01-05,GSCI.TR,3388.268
2024-01-05,XAUUSD.Curncy,2045.45
2024-01-05,COM.US.Equity,26.1965
2024-01-08,BCOM.TR,223.9071
2024-01-08,GSCI.TR,3317.931
2024-01-08,XAUUSD.Curncy,2028.07
2024-01-08,COM.US.Equity,26.1495
2024-01-09,BCOM.TR,225.95
2024-01-09,GSCI.TR,3370.46
2024-01-09,XAUUSD.Curncy,2030.2
2024-01-09,COM.US.Equity,26.1609
2024-01-10,BCOM.TR,224.1736
2024-01-10,GSCI.TR,3344.939
2024-01-10,XAUUSD.Curncy,2024.41
2024-01-10,COM.US.Equity,26.1277
2024-01-11,BCOM.TR,224.611
2024-01-11,GSCI.TR,3369.175
2024-01-11,XAUUSD.Curncy,2028.91
2024-01-11,COM.US.Equity,26.1513
2024-01-12,BCOM.TR,225.3199
2024-01-12,GSCI.TR,3381.265
2024-01-12,XAUUSD.Curncy,2049.06
2024-01-12,COM.US.Equity,26.2666
2024-01-15,BCOM.TR,225.3199
2024-01-15,GSCI.TR,3381.265
2024-01-15,XAUUSD.Curncy,2056.55
2024-01-15,COM.US.Equity,26.2666
2024-01-16,BCOM.TR,224.2429
2024-01-16,GSCI.TR,3374.913
2024-01-16,XAUUSD.Curncy,2028.44
2024-01-16,COM.US.Equity,26.1561
2024-01-17,BCOM.TR,222.4535
2024-01-17,GSCI.TR,3358.431
2024-01-17,XAUUSD.Curncy,2006.25
2024-01-17,COM.US.Equity,26.1009
2024-01-18,BCOM.TR,223.7704
2024-01-18,GSCI.TR,3398.715
2024-01-18,XAUUSD.Curncy,2023.34
2024-01-18,COM.US.Equity,26.2033
2024-01-19,BCOM.TR,222.8805
2024-01-19,GSCI.TR,3387.838
2024-01-19,XAUUSD.Curncy,2029.49
2024-01-19,COM.US.Equity,26.1797
2024-01-22,BCOM.TR,223.2103
2024-01-22,GSCI.TR,3420.976
2024-01-22,XAUUSD.Curncy,2021.7
2024-01-22,COM.US.Equity,26.1277
2024-01-23,BCOM.TR,224.8672
2024-01-23,GSCI.TR,3431.35
2024-01-23,XAUUSD.Curncy,2029.28
2024-01-23,COM.US.Equity,26.1702
2024-01-24,BCOM.TR,226.9331
2024-01-24,GSCI.TR,3459.723
2024-01-24,XAUUSD.Curncy,2013.89
2024-01-24,COM.US.Equity,26.175
2024-01-25,BCOM.TR,227.5041
2024-01-25,GSCI.TR,3515.513
2024-01-25,XAUUSD.Curncy,2020.84
2024-01-25,COM.US.Equity,26.2616
2024-01-26,BCOM.TR,227.6772
2024-01-26,GSCI.TR,3533.674
2024-01-26,XAUUSD.Curncy,2018.52
2024-01-26,COM.US.Equity,26.3122
2024-01-29,BCOM.TR,225.7697
2024-01-29,GSCI.TR,3502.026
2024-01-29,XAUUSD.Curncy,2033.23
2024-01-29,COM.US.Equity,26.3641
2024-01-30,BCOM.TR,227.9875
2024-01-30,GSCI.TR,3534.333
2024-01-30,XAUUSD.Curncy,2037.01
2024-01-30,COM.US.Equity,26.3641
2024-01-31,BCOM.TR,227.3339
2024-01-31,GSCI.TR,3496.057
2024-01-31,XAUUSD.Curncy,2039.52
2024-01-31,COM.US.Equity,26.3546
2024-02-01,BCOM.TR,225.1357
2024-02-01,GSCI.TR,3449.311
2024-02-01,XAUUSD.Curncy,2054.99
2024-02-01,COM.US.Equity,26.3688
2024-02-02,BCOM.TR,223.0392
2024-02-02,GSCI.TR,3402.208
2024-02-02,XAUUSD.Curncy,2039.76
2024-02-02,COM.US.Equity,26.2317
2024-02-05,BCOM.TR,222.6777
2024-02-05,GSCI.TR,3411.759
2024-02-05,XAUUSD.Curncy,2025.11
2024-02-05,COM.US.Equity,26.2245
2024-02-06,BCOM.TR,223.0833
2024-02-06,GSCI.TR,3433.685
2024-02-06,XAUUSD.Curncy,2036.14
2024-02-06,COM.US.Equity,26.2622
2024-02-07,BCOM.TR,223.1669
2024-02-07,GSCI.TR,3452.002
2024-02-07,XAUUSD.Curncy,2035.36
2024-02-07,COM.US.Equity,26.2884
2024-02-08,BCOM.TR,223.9827
2024-02-08,GSCI.TR,3504.586
2024-02-08,XAUUSD.Curncy,2034.52
2024-02-08,COM.US.Equity,26.3763
2024-02-09,BCOM.TR,223.9136
2024-02-09,GSCI.TR,3523.119
2024-02-09,XAUUSD.Curncy,2024.26
2024-02-09,COM.US.Equity,26.3856
2024-02-12,BCOM.TR,223.4839
2024-02-12,GSCI.TR,3518.5
2024-02-12,XAUUSD.Curncy,2020.05
2024-02-12,COM.US.Equity,26.4114
2024-02-13,BCOM.TR,222.4928
2024-02-13,GSCI.TR,3526.927
2024-02-13,XAUUSD.Curncy,1993.15
2024-02-13,COM.US.Equity,26.2884
2024-02-14,BCOM.TR,220.5032
2024-02-14,GSCI.TR,3485.827
2024-02-14,XAUUSD.Curncy,1992.33
2024-02-14,COM.US.Equity,26.2525
2024-02-15,BCOM.TR,221.0454
2024-02-15,GSCI.TR,3507.69
2024-02-15,XAUUSD.Curncy,2004.4
2024-02-15,COM.US.Equity,26.3641
2024-02-16,BCOM.TR,222.5334
2024-02-16,GSCI.TR,3526.29
2024-02-16,XAUUSD.Curncy,2013.59
2024-02-16,COM.US.Equity,26.4014
2024-02-19,BCOM.TR,222.5334
2024-02-19,GSCI.TR,3526.29
2024-02-19,XAUUSD.Curncy,2017.21
2024-02-19,COM.US.Equity,26.4014
2024-02-20,BCOM.TR,221.6948
2024-02-20,GSCI.TR,3496.275
2024-02-20,XAUUSD.Curncy,2024.41
2024-02-20,COM.US.Equity,26.2695
2024-02-21,BCOM.TR,223.3913
2024-02-21,GSCI.TR,3518.618
2024-02-21,XAUUSD.Curncy,2025.99
2024-02-21,COM.US.Equity,26.2813
2024-02-22,BCOM.TR,223.1049
2024-02-22,GSCI.TR,3531.488
2024-02-22,XAUUSD.Curncy,2024.39
2024-02-22,COM.US.Equity,26.279
2024-02-23,BCOM.TR,220.7999
2024-02-23,GSCI.TR,3479.27
2024-02-23,XAUUSD.Curncy,2035.4
2024-02-23,COM.US.Equity,26.2716
2024-02-26,BCOM.TR,221.8008
2024-02-26,GSCI.TR,3512.266
2024-02-26,XAUUSD.Curncy,2031.24
2024-02-26,COM.US.Equity,26.3095
2024-02-27,BCOM.TR,223.8306
2024-02-27,GSCI.TR,3546.375
2024-02-27,XAUUSD.Curncy,2030.48
2024-02-27,COM.US.Equity,26.3168
2024-02-28,BCOM.TR,223.8565
2024-02-28,GSCI.TR,3524.798
2024-02-28,XAUUSD.Curncy,2034.55
2024-02-28,COM.US.Equity,26.2884
2024-02-29,BCOM.TR,223.9899
2024-02-29,GSCI.TR,3526.54
2024-02-29,XAUUSD.Curncy,2044.3
2024-02-29,COM.US.Equity,26.3357
2024-03-01,BCOM.TR,225.2198
2024-03-01,GSCI.TR,3569.601
2024-03-01,XAUUSD.Curncy,2082.92
2024-03-01,COM.US.Equity,26.4587
2024-03-04,BCOM.TR,226.3365
2024-03-04,GSCI.TR,3549.443
2024-03-04,XAUUSD.Curncy,2114.48
2024-03-04,COM.US.Equity,26.6005
2024-03-05,BCOM.TR,225.5385
2024-03-05,GSCI.TR,3526.619
2024-03-05,XAUUSD.Curncy,2128.04
2024-03-05,COM.US.Equity,26.5627
2024-03-06,BCOM.TR,226.8924
2024-03-06,GSCI.TR,3555.49
2024-03-06,XAUUSD.Curncy,2148.18
2024-03-06,COM.US.Equity,26.6856
2024-03-07,BCOM.TR,227.9138
2024-03-07,GSCI.TR,3566.034
2024-03-07,XAUUSD.Curncy,2159.98
2024-03-07,COM.US.Equity,26.7991
2024-03-08,BCOM.TR,227.2789
2024-03-08,GSCI.TR,3540.08
2024-03-08,XAUUSD.Curncy,2178.95
2024-03-08,COM.US.Equity,26.7615
2024-03-11,BCOM.TR,228.0623
2024-03-11,GSCI.TR,3555.381
2024-03-11,XAUUSD.Curncy,2182.75
2024-03-11,COM.US.Equity,26.7942
2024-03-12,BCOM.TR,227.8295
2024-03-12,GSCI.TR,3551.854
2024-03-12,XAUUSD.Curncy,2158.34
2024-03-12,COM.US.Equity,26.7514
2024-03-13,BCOM.TR,229.7371
2024-03-13,GSCI.TR,3608.085
2024-03-13,XAUUSD.Curncy,2174.41
2024-03-13,COM.US.Equity,26.9031
2024-03-14,BCOM.TR,229.9719
2024-03-14,GSCI.TR,3631.134
2024-03-14,XAUUSD.Curncy,2162.19
2024-03-14,COM.US.Equity,26.8747
2024-03-15,BCOM.TR,230.2639
2024-03-15,GSCI.TR,3641.131
2024-03-15,XAUUSD.Curncy,2155.9
2024-03-15,COM.US.Equity,26.9977
2024-03-18,BCOM.TR,231.5004
2024-03-18,GSCI.TR,3687.446
2024-03-18,XAUUSD.Curncy,2160.36
2024-03-18,COM.US.Equity,27.1064
2024-03-19,BCOM.TR,231.3304
2024-03-19,GSCI.TR,3691.183
2024-03-19,XAUUSD.Curncy,2157.59
2024-03-19,COM.US.Equity,27.0142
2024-03-20,BCOM.TR,230.5711
2024-03-20,GSCI.TR,3655.232
2024-03-20,XAUUSD.Curncy,2186.39
2024-03-20,COM.US.Equity,27.1145
2024-03-21,BCOM.TR,231.0563
2024-03-21,GSCI.TR,3654.5
2024-03-21,XAUUSD.Curncy,2181.33
2024-03-21,COM.US.Equity,26.9474
2024-03-22,BCOM.TR,229.3722
2024-03-22,GSCI.TR,3639.161
2024-03-22,XAUUSD.Curncy,2165.44
2024-03-22,COM.US.Equity,26.7993
2024-03-25,BCOM.TR,230.8179
2024-03-25,GSCI.TR,3674.5
2024-03-25,XAUUSD.Curncy,2171.83
2024-03-25,COM.US.Equity,26.8853
2024-03-26,BCOM.TR,229.446
2024-03-26,GSCI.TR,3648.454
2024-03-26,XAUUSD.Curncy,2178.8
2024-03-26,COM.US.Equity,26.8089
2024-03-27,BCOM.TR,228.6254
2024-03-27,GSCI.TR,3638.317
2024-03-27,XAUUSD.Curncy,2194.79
2024-03-27,COM.US.Equity,26.8471
2024-03-28,BCOM.TR,231.3998
2024-03-28,GSCI.TR,3693.328
2024-03-28,XAUUSD.Curncy,2229.87
2024-03-28,COM.US.Equity,27.0285
2024-03-29,BCOM.TR,231.3998
2024-03-29,GSCI.TR,3693.328
2024-03-29,XAUUSD.Curncy,2229.87
2024-03-29,COM.US.Equity,27.0285
2024-04-01,BCOM.TR,232.5008
2024-04-01,GSCI.TR,3704.4
2024-04-01,XAUUSD.Curncy,2251.44
2024-04-01,COM.US.Equity,27.1813
2024-04-02,BCOM.TR,234.3827
2024-04-02,GSCI.TR,3747.381
2024-04-02,XAUUSD.Curncy,2280.67
2024-04-02,COM.US.Equity,27.4649
2024-04-03,BCOM.TR,237.2353
2024-04-03,GSCI.TR,3776.219
2024-04-03,XAUUSD.Curncy,2300
2024-04-03,COM.US.Equity,27.8212
2024-04-04,BCOM.TR,238.0849
2024-04-04,GSCI.TR,3803.108
2024-04-04,XAUUSD.Curncy,2290.94
2024-04-04,COM.US.Equity,27.783
2024-04-05,BCOM.TR,239.6019
2024-04-05,GSCI.TR,3821.67
2024-04-05,XAUUSD.Curncy,2329.75
2024-04-05,COM.US.Equity,27.9645
2024-04-08,BCOM.TR,239.7588
2024-04-08,GSCI.TR,3806.443
2024-04-08,XAUUSD.Curncy,2339.03
2024-04-08,COM.US.Equity,28.0982
2024-04-09,BCOM.TR,239.5279
2024-04-09,GSCI.TR,3785.368
2024-04-09,XAUUSD.Curncy,2352.78
2024-04-09,COM.US.Equity,28.0505
2024-04-10,BCOM.TR,239.7185
2024-04-10,GSCI.TR,3801.556
2024-04-10,XAUUSD.Curncy,2334.04
2024-04-10,COM.US.Equity,28.0218
2024-04-11,BCOM.TR,238.5379
2024-04-11,GSCI.TR,3776.357
2024-04-11,XAUUSD.Curncy,2372.52
2024-04-11,COM.US.Equity,28.1078
2024-04-12,BCOM.TR,239.9148
2024-04-12,GSCI.TR,3803.526
2024-04-12,XAUUSD.Curncy,2344.37
2024-04-12,COM.US.Equity,28.0452
2024-04-15,BCOM.TR,239.7582
2024-04-15,GSCI.TR,3796.512
2024-04-15,XAUUSD.Curncy,2383.34
2024-04-15,COM.US.Equity,28.3609
2024-04-16,BCOM.TR,239.8436
2024-04-16,GSCI.TR,3796.177
2024-04-16,XAUUSD.Curncy,2382.89
2024-04-16,COM.US.Equity,28.1746
2024-04-17,BCOM.TR,238.4571
2024-04-17,GSCI.TR,3735.247
2024-04-17,XAUUSD.Curncy,2361.02
2024-04-17,COM.US.Equity,28.0123
2024-04-18,BCOM.TR,238.1887
2024-04-18,GSCI.TR,3731.408
2024-04-18,XAUUSD.Curncy,2379.04
2024-04-18,COM.US.Equity,27.9932
2024-04-19,BCOM.TR,240.4654
2024-04-19,GSCI.TR,3756.185
2024-04-19,XAUUSD.Curncy,2391.93
2024-04-19,COM.US.Equity,28.1364
2024-04-22,BCOM.TR,239.9357
2024-04-22,GSCI.TR,3755.889
2024-04-22,XAUUSD.Curncy,2327.3
2024-04-22,COM.US.Equity,27.9263
2024-04-23,BCOM.TR,240.3674
2024-04-23,GSCI.TR,3781.014
2024-04-23,XAUUSD.Curncy,2322.02
2024-04-23,COM.US.Equity,27.8786
2024-04-24,BCOM.TR,239.7799
2024-04-24,GSCI.TR,3770.996
2024-04-24,XAUUSD.Curncy,2316.17
2024-04-24,COM.US.Equity,27.9263
2024-04-25,BCOM.TR,240.5957
2024-04-25,GSCI.TR,3787.116
2024-04-25,XAUUSD.Curncy,2332.46
2024-04-25,COM.US.Equity,28.0409
2024-04-26,BCOM.TR,240.3944
2024-04-26,GSCI.TR,3796.187
2024-04-26,XAUUSD.Curncy,2337.96
2024-04-26,COM.US.Equity,28.1078
2024-04-29,BCOM.TR,241.5707
2024-04-29,GSCI.TR,3776.329
2024-04-29,XAUUSD.Curncy,2335.66
2024-04-29,COM.US.Equity,28.1269
2024-04-30,BCOM.TR,237.6268
2024-04-30,GSCI.TR,3736.138
2024-04-30,XAUUSD.Curncy,2286.25
2024-04-30,COM.US.Equity,27.7448
2024-05-01,BCOM.TR,234.9927
2024-05-01,GSCI.TR,3650.645
2024-05-01,XAUUSD.Curncy,2319.56
2024-05-01,COM.US.Equity,27.6364
2024-05-02,BCOM.TR,235.7516
2024-05-02,GSCI.TR,3654.383
2024-05-02,XAUUSD.Curncy,2303.83
2024-05-02,COM.US.Equity,27.6016
2024-05-03,BCOM.TR,236.9492
2024-05-03,GSCI.TR,3655.049
2024-05-03,XAUUSD.Curncy,2301.74
2024-05-03,COM.US.Equity,27.5825
2024-05-06,BCOM.TR,239.8625
2024-05-06,GSCI.TR,3680.628
2024-05-06,XAUUSD.Curncy,2323.97
2024-05-06,COM.US.Equity,27.8133
2024-05-07,BCOM.TR,239.9078
2024-05-07,GSCI.TR,3684.607
2024-05-07,XAUUSD.Curncy,2314.1
2024-05-07,COM.US.Equity,27.755
2024-05-08,BCOM.TR,238.8102
2024-05-08,GSCI.TR,3681.064
2024-05-08,XAUUSD.Curncy,2308.85
2024-05-08,COM.US.Equity,27.7334
2024-05-09,BCOM.TR,239.7972
2024-05-09,GSCI.TR,3691.392
2024-05-09,XAUUSD.Curncy,2346.33
2024-05-09,COM.US.Equity,27.955
2024-05-10,BCOM.TR,240.5783
2024-05-10,GSCI.TR,3679.23
2024-05-10,XAUUSD.Curncy,2360.5
2024-05-10,COM.US.Equity,28.0107
2024-05-13,BCOM.TR,241.819
2024-05-13,GSCI.TR,3695.106
2024-05-13,XAUUSD.Curncy,2336.32
2024-05-13,COM.US.Equity,28.1934
2024-05-14,BCOM.TR,241.5141
2024-05-14,GSCI.TR,3670.279
2024-05-14,XAUUSD.Curncy,2358.12
2024-05-14,COM.US.Equity,28.1173
2024-05-15,BCOM.TR,243.3693
2024-05-15,GSCI.TR,3692.184
2024-05-15,XAUUSD.Curncy,2385.99
2024-05-15,COM.US.Equity,28.3513
2024-05-16,BCOM.TR,243.8854
2024-05-16,GSCI.TR,3709.967
2024-05-16,XAUUSD.Curncy,2376.86
2024-05-16,COM.US.Equity,28.3797
2024-05-17,BCOM.TR,247.7532
2024-05-17,GSCI.TR,3748.216
2024-05-17,XAUUSD.Curncy,2415.22
2024-05-17,COM.US.Equity,28.7838
2024-05-20,BCOM.TR,251.3686
2024-05-20,GSCI.TR,3772.631
2024-05-20,XAUUSD.Curncy,2425.31
2024-05-20,COM.US.Equity,28.9482
2024-05-21,BCOM.TR,250.8065
2024-05-21,GSCI.TR,3759.733
2024-05-21,XAUUSD.Curncy,2421.05
2024-05-21,COM.US.Equity,28.9626
2024-05-22,BCOM.TR,249.4899
2024-05-22,GSCI.TR,3723.572
2024-05-22,XAUUSD.Curncy,2378.85
2024-05-22,COM.US.Equity,28.5478
2024-05-23,BCOM.TR,246.5162
2024-05-23,GSCI.TR,3703.049
2024-05-23,XAUUSD.Curncy,2329.27
2024-05-23,COM.US.Equity,28.3845
2024-05-24,BCOM.TR,246.3258
2024-05-24,GSCI.TR,3715.09
2024-05-24,XAUUSD.Curncy,2333.83
2024-05-24,COM.US.Equity,28.4659
2024-05-27,BCOM.TR,246.3258
2024-05-27,GSCI.TR,3715.09
2024-05-27,XAUUSD.Curncy,2350.97
2024-05-27,COM.US.Equity,28.4659
2024-05-28,BCOM.TR,250.2716
2024-05-28,GSCI.TR,3785.953
2024-05-28,XAUUSD.Curncy,2361.31
2024-05-28,COM.US.Equity,28.8527
2024-05-29,BCOM.TR,247.6404
2024-05-29,GSCI.TR,3755.117
2024-05-29,XAUUSD.Curncy,2338.12
2024-05-29,COM.US.Equity,28.6523
2024-05-30,BCOM.TR,244.2421
2024-05-30,GSCI.TR,3696.738
2024-05-30,XAUUSD.Curncy,2343.07
2024-05-30,COM.US.Equity,28.4229
2024-05-31,BCOM.TR,241.7985
2024-05-31,GSCI.TR,3665.095
2024-05-31,XAUUSD.Curncy,2327.33
2024-05-31,COM.US.Equity,28.294
2024-06-03,BCOM.TR,241.3153
2024-06-03,GSCI.TR,3606.257
2024-06-03,XAUUSD.Curncy,2350.75
2024-06-03,COM.US.Equity,28.165
2024-06-04,BCOM.TR,237.926
2024-06-04,GSCI.TR,3568.932
2024-06-04,XAUUSD.Curncy,2327.01
2024-06-04,COM.US.Equity,27.9072
2024-06-05,BCOM.TR,239.3502
2024-06-05,GSCI.TR,3582.936
2024-06-05,XAUUSD.Curncy,2355.32
2024-06-05,COM.US.Equity,27.9932
2024-06-06,BCOM.TR,243.1099
2024-06-06,GSCI.TR,3641.767
2024-06-06,XAUUSD.Curncy,2376.06
2024-06-06,COM.US.Equity,28.2094
2024-06-07,BCOM.TR,239.2888
2024-06-07,GSCI.TR,3612.384
2024-06-07,XAUUSD.Curncy,2293.78
2024-06-07,COM.US.Equity,27.7171
2024-06-10,BCOM.TR,240.7287
2024-06-10,GSCI.TR,3661.467
2024-06-10,XAUUSD.Curncy,2310.88
2024-06-10,COM.US.Equity,27.8977
2024-06-11,BCOM.TR,241.5169
2024-06-11,GSCI.TR,3671.182
2024-06-11,XAUUSD.Curncy,2317.01
2024-06-11,COM.US.Equity,27.9073
2024-06-12,BCOM.TR,243.0167
2024-06-12,GSCI.TR,3695.222
2024-06-12,XAUUSD.Curncy,2324.98
2024-06-12,COM.US.Equity,27.9356
2024-06-13,BCOM.TR,241.7617
2024-06-13,GSCI.TR,3700.519
2024-06-13,XAUUSD.Curncy,2304.21
2024-06-13,COM.US.Equity,27.8775
2024-06-14,BCOM.TR,240.9946
2024-06-14,GSCI.TR,3688.612
2024-06-14,XAUUSD.Curncy,2333.04
2024-06-14,COM.US.Equity,27.9359
2024-06-17,BCOM.TR,239.8527
2024-06-17,GSCI.TR,3704.781
2024-06-17,XAUUSD.Curncy,2319.14
2024-06-17,COM.US.Equity,27.8786
2024-06-18,BCOM.TR,241.8229
2024-06-18,GSCI.TR,3737.274
2024-06-18,XAUUSD.Curncy,2329.46
2024-06-18,COM.US.Equity,27.9417
2024-06-19,BCOM.TR,241.8229
2024-06-19,GSCI.TR,3737.274
2024-06-19,XAUUSD.Curncy,2328.16
2024-06-19,COM.US.Equity,27.9417
2024-06-20,BCOM.TR,241.9382
2024-06-20,GSCI.TR,3742.771
2024-06-20,XAUUSD.Curncy,2360.09
2024-06-20,COM.US.Equity,28.1317
2024-06-21,BCOM.TR,239.5644
2024-06-21,GSCI.TR,3717.881
2024-06-21,XAUUSD.Curncy,2321.98
2024-06-21,COM.US.Equity,27.919
2024-06-24,BCOM.TR,241.6397
2024-06-24,GSCI.TR,3739.807
2024-06-24,XAUUSD.Curncy,2334.65
2024-06-24,COM.US.Equity,27.9836
2024-06-25,BCOM.TR,238.9785
2024-06-25,GSCI.TR,3709.256
2024-06-25,XAUUSD.Curncy,2319.62
2024-06-25,COM.US.Equity,27.834
2024-06-26,BCOM.TR,238.2483
2024-06-26,GSCI.TR,3711.737
2024-06-26,XAUUSD.Curncy,2298.23
2024-06-26,COM.US.Equity,27.7906
2024-06-27,BCOM.TR,238.8401
2024-06-27,GSCI.TR,3730.344
2024-06-27,XAUUSD.Curncy,2327.73
2024-06-27,COM.US.Equity,27.9292
2024-06-28,BCOM.TR,238.0796
2024-06-28,GSCI.TR,3717.393
2024-06-28,XAUUSD.Curncy,2326.75
2024-06-28,COM.US.Equity,27.9247
2024-07-01,BCOM.TR,238.9754
2024-07-01,GSCI.TR,3758.662
2024-07-01,XAUUSD.Curncy,2331.9
2024-07-01,COM.US.Equity,28.1431
2024-07-02,BCOM.TR,238.7986
2024-07-02,GSCI.TR,3758.59
2024-07-02,XAUUSD.Curncy,2329.46
2024-07-02,COM.US.Equity,28.1189
2024-07-03,BCOM.TR,241.0545
2024-07-03,GSCI.TR,3786.551
2024-07-03,XAUUSD.Curncy,2356.2
2024-07-03,COM.US.Equity,28.2493
2024-07-04,BCOM.TR,241.0545
2024-07-04,GSCI.TR,3786.551
2024-07-04,XAUUSD.Curncy,2356.69
2024-07-04,COM.US.Equity,28.2493
2024-07-05,BCOM.TR,241.8936
2024-07-05,GSCI.TR,3777.235
2024-07-05,XAUUSD.Curncy,2392.16
2024-07-05,COM.US.Equity,28.4511
2024-07-08,BCOM.TR,239.2455
2024-07-08,GSCI.TR,3736.718
2024-07-08,XAUUSD.Curncy,2359.13
2024-07-08,COM.US.Equity,28.2638
2024-07-09,BCOM.TR,237.7596
2024-07-09,GSCI.TR,3703.027
2024-07-09,XAUUSD.Curncy,2364.09
2024-07-09,COM.US.Equity,28.1962
2024-07-10,BCOM.TR,237.207
2024-07-10,GSCI.TR,3703.729
2024-07-10,XAUUSD.Curncy,2371.26
2024-07-10,COM.US.Equity,28.2067
2024-07-11,BCOM.TR,237.9962
2024-07-11,GSCI.TR,3718.579
2024-07-11,XAUUSD.Curncy,2415.48
2024-07-11,COM.US.Equity,28.3313
2024-07-12,BCOM.TR,238.0083
2024-07-12,GSCI.TR,3712.408
2024-07-12,XAUUSD.Curncy,2411.43
2024-07-12,COM.US.Equity,28.2445
2024-07-15,BCOM.TR,235.3997
2024-07-15,GSCI.TR,3690.818
2024-07-15,XAUUSD.Curncy,2422.27
2024-07-15,COM.US.Equity,28.1407
2024-07-16,BCOM.TR,235.3982
2024-07-16,GSCI.TR,3661.502
2024-07-16,XAUUSD.Curncy,2469.08
2024-07-16,COM.US.Equity,28.1914
2024-07-17,BCOM.TR,234.5405
2024-07-17,GSCI.TR,3689.591
2024-07-17,XAUUSD.Curncy,2458.79
2024-07-17,COM.US.Equity,28.1508
2024-07-18,BCOM.TR,234.022
2024-07-18,GSCI.TR,3678.881
2024-07-18,XAUUSD.Curncy,2445.08
2024-07-18,COM.US.Equity,28.0073
2024-07-19,BCOM.TR,230.5225
2024-07-19,GSCI.TR,3608.826
2024-07-19,XAUUSD.Curncy,2400.83
2024-07-19,COM.US.Equity,27.805
2024-07-22,BCOM.TR,232.0451
2024-07-22,GSCI.TR,3617.187
2024-07-22,XAUUSD.Curncy,2396.59
2024-07-22,COM.US.Equity,27.7857
2024-07-23,BCOM.TR,230.6743
2024-07-23,GSCI.TR,3582.069
2024-07-23,XAUUSD.Curncy,2409.64
2024-07-23,COM.US.Equity,27.6892
2024-07-24,BCOM.TR,230.2434
2024-07-24,GSCI.TR,3598.9
2024-07-24,XAUUSD.Curncy,2397.7
2024-07-24,COM.US.Equity,27.6527
2024-07-25,BCOM.TR,229.0519
2024-07-25,GSCI.TR,3606.402
2024-07-25,XAUUSD.Curncy,2364.56
2024-07-25,COM.US.Equity,27.5887
2024-07-26,BCOM.TR,227.1521
2024-07-26,GSCI.TR,3569.816
2024-07-26,XAUUSD.Curncy,2387.19
2024-07-26,COM.US.Equity,27.5648
2024-07-29,BCOM.TR,225.9391
2024-07-29,GSCI.TR,3531.419
2024-07-29,XAUUSD.Curncy,2384.19
2024-07-29,COM.US.Equity,27.4863
2024-07-30,BCOM.TR,226.0121
2024-07-30,GSCI.TR,3505.759
2024-07-30,XAUUSD.Curncy,2410.78
2024-07-30,COM.US.Equity,27.5622
2024-07-31,BCOM.TR,228.4705
2024-07-31,GSCI.TR,3586.432
2024-07-31,XAUUSD.Curncy,2447.6
2024-07-31,COM.US.Equity,27.8966
2024-08-01,BCOM.TR,226.3636
2024-08-01,GSCI.TR,3540.966
2024-08-01,XAUUSD.Curncy,2446.26
2024-08-01,COM.US.Equity,27.7297
2024-08-02,BCOM.TR,224.467
2024-08-02,GSCI.TR,3467.93
2024-08-02,XAUUSD.Curncy,2443.24
2024-08-02,COM.US.Equity,27.5492
2024-08-05,BCOM.TR,222.6073
2024-08-05,GSCI.TR,3445.245
2024-08-05,XAUUSD.Curncy,2410.79
2024-08-05,COM.US.Equity,27.3917
2024-08-06,BCOM.TR,223.228
2024-08-06,GSCI.TR,3454.917
2024-08-06,XAUUSD.Curncy,2390.82
2024-08-06,COM.US.Equity,27.2971
2024-08-07,BCOM.TR,224.7552
2024-08-07,GSCI.TR,3501.674
2024-08-07,XAUUSD.Curncy,2382.92
2024-08-07,COM.US.Equity,27.3162
2024-08-08,BCOM.TR,225.8776
2024-08-08,GSCI.TR,3518.766
2024-08-08,XAUUSD.Curncy,2427.53
2024-08-08,COM.US.Equity,27.4622
2024-08-09,BCOM.TR,226.5462
2024-08-09,GSCI.TR,3540.34
2024-08-09,XAUUSD.Curncy,2431.32
2024-08-09,COM.US.Equity,27.5029
2024-08-12,BCOM.TR,229.2926
2024-08-12,GSCI.TR,3610.16
2024-08-12,XAUUSD.Curncy,2472.9
2024-08-12,COM.US.Equity,27.6766
2024-08-13,BCOM.TR,226.7083
2024-08-13,GSCI.TR,3566.352
2024-08-13,XAUUSD.Curncy,2465.16
2024-08-13,COM.US.Equity,27.6602
2024-08-14,BCOM.TR,226.42
2024-08-14,GSCI.TR,3550.13
2024-08-14,XAUUSD.Curncy,2447.85
2024-08-14,COM.US.Equity,27.5636
2024-08-15,BCOM.TR,228.1459
2024-08-15,GSCI.TR,3581.121
2024-08-15,XAUUSD.Curncy,2456.79
2024-08-15,COM.US.Equity,27.6673
2024-08-16,BCOM.TR,227.2406
2024-08-16,GSCI.TR,3539.523
2024-08-16,XAUUSD.Curncy,2508.01
2024-08-16,COM.US.Equity,27.7648
2024-08-19,BCOM.TR,228.6242
2024-08-19,GSCI.TR,3519.18
2024-08-19,XAUUSD.Curncy,2504.28
2024-08-19,COM.US.Equity,27.7374
2024-08-20,BCOM.TR,228.5577
2024-08-20,GSCI.TR,3503.837
2024-08-20,XAUUSD.Curncy,2513.99
2024-08-20,COM.US.Equity,27.7568
2024-08-21,BCOM.TR,227.988
2024-08-21,GSCI.TR,3479.254
2024-08-21,XAUUSD.Curncy,2512.56
2024-08-21,COM.US.Equity,27.7135
2024-08-22,BCOM.TR,226.3192
2024-08-22,GSCI.TR,3490.47
2024-08-22,XAUUSD.Curncy,2484.75
2024-08-22,COM.US.Equity,27.6314
2024-08-23,BCOM.TR,229.239
2024-08-23,GSCI.TR,3545.489
2024-08-23,XAUUSD.Curncy,2512.59
2024-08-23,COM.US.Equity,27.8002
2024-08-26,BCOM.TR,231.0902
2024-08-26,GSCI.TR,3605.019
2024-08-26,XAUUSD.Curncy,2518.03
2024-08-26,COM.US.Equity,27.8784
2024-08-27,BCOM.TR,231.0526
2024-08-27,GSCI.TR,3574.278
2024-08-27,XAUUSD.Curncy,2524.64
2024-08-27,COM.US.Equity,27.8531
2024-08-28,BCOM.TR,229.0021
2024-08-28,GSCI.TR,3532.849
2024-08-28,XAUUSD.Curncy,2504.61
2024-08-28,COM.US.Equity,27.7526
2024-08-29,BCOM.TR,230.7321
2024-08-29,GSCI.TR,3572.247
2024-08-29,XAUUSD.Curncy,2521.4
2024-08-29,COM.US.Equity,27.8244
2024-08-30,BCOM.TR,228.5818
2024-08-30,GSCI.TR,3524.629
2024-08-30,XAUUSD.Curncy,2503.39
2024-08-30,COM.US.Equity,27.6925
2024-09-02,BCOM.TR,228.5818
2024-09-02,GSCI.TR,3524.629
2024-09-02,XAUUSD.Curncy,2499.51
2024-09-02,COM.US.Equity,27.6925
2024-09-03,BCOM.TR,226.6134
2024-09-03,GSCI.TR,3448.037
2024-09-03,XAUUSD.Curncy,2492.91
2024-09-03,COM.US.Equity,27.5448
2024-09-04,BCOM.TR,225.8497
2024-09-04,GSCI.TR,3418.356
2024-09-04,XAUUSD.Curncy,2495.72
2024-09-04,COM.US.Equity,27.5332
2024-09-05,BCOM.TR,226.557
2024-09-05,GSCI.TR,3418.48
2024-09-05,XAUUSD.Curncy,2516.76
2024-09-05,COM.US.Equity,27.6117
2024-09-06,BCOM.TR,223.1574
2024-09-06,GSCI.TR,3359.222
2024-09-06,XAUUSD.Curncy,2497.41
2024-09-06,COM.US.Equity,27.5298
2024-09-09,BCOM.TR,224.4593
2024-09-09,GSCI.TR,3386.677
2024-09-09,XAUUSD.Curncy,2506.38
2024-09-09,COM.US.Equity,27.5816
2024-09-10,BCOM.TR,222.3648
2024-09-10,GSCI.TR,3318.443
2024-09-10,XAUUSD.Curncy,2516.73
2024-09-10,COM.US.Equity,27.6026
2024-09-11,BCOM.TR,224.3756
2024-09-11,GSCI.TR,3363.499
2024-09-11,XAUUSD.Curncy,2511.76
2024-09-11,COM.US.Equity,27.6312
2024-09-12,BCOM.TR,227.9721
2024-09-12,GSCI.TR,3419.723
2024-09-12,XAUUSD.Curncy,2557.9
2024-09-12,COM.US.Equity,27.7702
2024-09-13,BCOM.TR,229.2582
2024-09-13,GSCI.TR,3423.033
2024-09-13,XAUUSD.Curncy,2577.7
2024-09-13,COM.US.Equity,27.8777
2024-09-16,BCOM.TR,230.6876
2024-09-16,GSCI.TR,3454.018
2024-09-16,XAUUSD.Curncy,2582.45
2024-09-16,COM.US.Equity,27.8811
2024-09-17,BCOM.TR,231.385
2024-09-17,GSCI.TR,3481.256
2024-09-17,XAUUSD.Curncy,2569.5
2024-09-17,COM.US.Equity,27.863
2024-09-18,BCOM.TR,231.648
2024-09-18,GSCI.TR,3487.939
2024-09-18,XAUUSD.Curncy,2558.91
2024-09-18,COM.US.Equity,27.7857
2024-09-19,BCOM.TR,233.4347
2024-09-19,GSCI.TR,3524.102
2024-09-19,XAUUSD.Curncy,2586.74
2024-09-19,COM.US.Equity,27.8929
2024-09-20,BCOM.TR,234.1752
2024-09-20,GSCI.TR,3520.717
2024-09-20,XAUUSD.Curncy,2621.88
2024-09-20,COM.US.Equity,27.9899
2024-09-23,BCOM.TR,236.4148
2024-09-23,GSCI.TR,3528.407
2024-09-23,XAUUSD.Curncy,2628.72
2024-09-23,COM.US.Equity,28.0075
2024-09-24,BCOM.TR,239.2404
2024-09-24,GSCI.TR,3573.638
2024-09-24,XAUUSD.Curncy,2657.1
2024-09-24,COM.US.Equity,28.1835
2024-09-25,BCOM.TR,239.1655
2024-09-25,GSCI.TR,3545.428
2024-09-25,XAUUSD.Curncy,2656.89
2024-09-25,COM.US.Equity,28.2128
2024-09-26,BCOM.TR,238.5592
2024-09-26,GSCI.TR,3508.783
2024-09-26,XAUUSD.Curncy,2672.38
2024-09-26,COM.US.Equity,28.2323
2024-09-27,BCOM.TR,239.4118
2024-09-27,GSCI.TR,3520.747
2024-09-27,XAUUSD.Curncy,2658.24
2024-09-27,COM.US.Equity,28.1084
2024-09-30,BCOM.TR,239.6944
2024-09-30,GSCI.TR,3521.77
2024-09-30,XAUUSD.Curncy,2634.58
2024-09-30,COM.US.Equity,28.076
2024-10-01,BCOM.TR,241.9984
2024-10-01,GSCI.TR,3574.983
2024-10-01,XAUUSD.Curncy,2663.23
2024-10-01,COM.US.Equity,28.1417
2024-10-02,BCOM.TR,242.6207
2024-10-02,GSCI.TR,3592.916
2024-10-02,XAUUSD.Curncy,2658.69
2024-10-02,COM.US.Equity,28.1249
2024-10-03,BCOM.TR,244.4851
2024-10-03,GSCI.TR,3672.84
2024-10-03,XAUUSD.Curncy,2655.89
2024-10-03,COM.US.Equity,28.1895
2024-10-04,BCOM.TR,243.9649
2024-10-04,GSCI.TR,3685.462
2024-10-04,XAUUSD.Curncy,2653.6
2024-10-04,COM.US.Equity,28.1696
2024-10-07,BCOM.TR,244.2613
2024-10-07,GSCI.TR,3746.829
2024-10-07,XAUUSD.Curncy,2642.59
2024-10-07,COM.US.Equity,28.076
2024-10-08,BCOM.TR,239.4249
2024-10-08,GSCI.TR,3640.639
2024-10-08,XAUUSD.Curncy,2621.83
2024-10-08,COM.US.Equity,27.9991
2024-10-09,BCOM.TR,237.7414
2024-10-09,GSCI.TR,3619.497
2024-10-09,XAUUSD.Curncy,2607.77
2024-10-09,COM.US.Equity,27.9393
2024-10-10,BCOM.TR,240.4906
2024-10-10,GSCI.TR,3694.905
2024-10-10,XAUUSD.Curncy,2629.74
2024-10-10,COM.US.Equity,27.9881
2024-10-11,BCOM.TR,241.1413
2024-10-11,GSCI.TR,3696.911
2024-10-11,XAUUSD.Curncy,2656.59
2024-10-11,COM.US.Equity,28.0907
2024-10-14,BCOM.TR,238.027
2024-10-14,GSCI.TR,3637.245
2024-10-14,XAUUSD.Curncy,2648.54
2024-10-14,COM.US.Equity,28.0663
2024-10-15,BCOM.TR,235.5336
2024-10-15,GSCI.TR,3547.561
2024-10-15,XAUUSD.Curncy,2662.58
2024-10-15,COM.US.Equity,28.1347
2024-10-16,BCOM.TR,235.223
2024-10-16,GSCI.TR,3543.403
2024-10-16,XAUUSD.Curncy,2673.83
2024-10-16,COM.US.Equity,28.1287
2024-10-17,BCOM.TR,235.3989
2024-10-17,GSCI.TR,3550.152
2024-10-17,XAUUSD.Curncy,2692.71
2024-10-17,COM.US.Equity,28.1671
2024-10-18,BCOM.TR,235.2045
2024-10-18,GSCI.TR,3517.375
2024-10-18,XAUUSD.Curncy,2721.46
2024-10-18,COM.US.Equity,28.3105
2024-10-21,BCOM.TR,236.5247
2024-10-21,GSCI.TR,3548.468
2024-10-21,XAUUSD.Curncy,2719.85
2024-10-21,COM.US.Equity,28.3387
2024-10-22,BCOM.TR,239.7155
2024-10-22,GSCI.TR,3607.667
2024-10-22,XAUUSD.Curncy,2749.01
2024-10-22,COM.US.Equity,28.418
2024-10-23,BCOM.TR,238.6301
2024-10-23,GSCI.TR,3585.834
2024-10-23,XAUUSD.Curncy,2715.55
2024-10-23,COM.US.Equity,28.3789
2024-10-24,BCOM.TR,239.1937
2024-10-24,GSCI.TR,3576.029
2024-10-24,XAUUSD.Curncy,2736.17
2024-10-24,COM.US.Equity,28.3838
2024-10-25,BCOM.TR,240.2077
2024-10-25,GSCI.TR,3615.277
2024-10-25,XAUUSD.Curncy,2747.56
2024-10-25,COM.US.Equity,28.416
2024-10-28,BCOM.TR,235.558
2024-10-28,GSCI.TR,3492.108
2024-10-28,XAUUSD.Curncy,2742.46
2024-10-28,COM.US.Equity,28.3789
2024-10-29,BCOM.TR,236.0473
2024-10-29,GSCI.TR,3492.574
2024-10-29,XAUUSD.Curncy,2774.74
2024-10-29,COM.US.Equity,28.5068
2024-10-30,BCOM.TR,237.1275
2024-10-30,GSCI.TR,3531.947
2024-10-30,XAUUSD.Curncy,2787.61
2024-10-30,COM.US.Equity,28.4863
2024-10-31,BCOM.TR,235.2524
2024-10-31,GSCI.TR,3537.794
2024-10-31,XAUUSD.Curncy,2743.97
2024-10-31,COM.US.Equity,28.4375
2024-11-01,BCOM.TR,235.2222
2024-11-01,GSCI.TR,3542.191
2024-11-01,XAUUSD.Curncy,2736.53
2024-11-01,COM.US.Equity,28.3105
2024-11-04,BCOM.TR,237.3158
2024-11-04,GSCI.TR,3598.097
2024-11-04,XAUUSD.Curncy,2736.78
2024-11-04,COM.US.Equity,28.3132
2024-11-05,BCOM.TR,237.79
2024-11-05,GSCI.TR,3614.867
2024-11-05,XAUUSD.Curncy,2743.99
2024-11-05,COM.US.Equity,28.3496
2024-11-06,BCOM.TR,235.5025
2024-11-06,GSCI.TR,3588.671
2024-11-06,XAUUSD.Curncy,2659.06
2024-11-06,COM.US.Equity,28.1542
2024-11-07,BCOM.TR,238.389
2024-11-07,GSCI.TR,3623.311
2024-11-07,XAUUSD.Curncy,2706.71
2024-11-07,COM.US.Equity,28.3105
2024-11-08,BCOM.TR,235.5803
2024-11-08,GSCI.TR,3561.053
2024-11-08,XAUUSD.Curncy,2684.77
2024-11-08,COM.US.Equity,28.1737
2024-11-11,BCOM.TR,233.4285
2024-11-11,GSCI.TR,3505.07
2024-11-11,XAUUSD.Curncy,2618.82
2024-11-11,COM.US.Equity,28.0174
2024-11-12,BCOM.TR,232.5131
2024-11-12,GSCI.TR,3502.06
2024-11-12,XAUUSD.Curncy,2598.39
2024-11-12,COM.US.Equity,27.9783
2024-11-13,BCOM.TR,232.3413
2024-11-13,GSCI.TR,3505.047
2024-11-13,XAUUSD.Curncy,2572.98
2024-11-13,COM.US.Equity,27.8514
2024-11-14,BCOM.TR,230.5525
2024-11-14,GSCI.TR,3497.989
2024-11-14,XAUUSD.Curncy,2564.85
2024-11-14,COM.US.Equity,27.888
2024-11-15,BCOM.TR,230.9042
2024-11-15,GSCI.TR,3477.628
2024-11-15,XAUUSD.Curncy,2563.25
2024-11-15,COM.US.Equity,27.91
2024-11-18,BCOM.TR,234.777
2024-11-18,GSCI.TR,3550.603
2024-11-18,XAUUSD.Curncy,2611.83
2024-11-18,COM.US.Equity,28.1151
2024-11-19,BCOM.TR,235.3564
2024-11-19,GSCI.TR,3558.992
2024-11-19,XAUUSD.Curncy,2632.08
2024-11-19,COM.US.Equity,28.1542
2024-11-20,BCOM.TR,236.8184
2024-11-20,GSCI.TR,3559.534
2024-11-20,XAUUSD.Curncy,2650.6
2024-11-20,COM.US.Equity,28.0956
2024-11-21,BCOM.TR,237.8158
2024-11-21,GSCI.TR,3590.148
2024-11-21,XAUUSD.Curncy,2669.72
2024-11-21,COM.US.Equity,28.1444
2024-11-22,BCOM.TR,238.0078
2024-11-22,GSCI.TR,3612.714
2024-11-22,XAUUSD.Curncy,2716.19
2024-11-22,COM.US.Equity,28.2315
2024-11-25,BCOM.TR,236.17
2024-11-25,GSCI.TR,3557.249
2024-11-25,XAUUSD.Curncy,2625.01
2024-11-25,COM.US.Equity,28.0272
2024-11-26,BCOM.TR,236.6647
2024-11-26,GSCI.TR,3560.293
2024-11-26,XAUUSD.Curncy,2633.15
2024-11-26,COM.US.Equity,28.0808
2024-11-27,BCOM.TR,235.2029
2024-11-27,GSCI.TR,3546.202
2024-11-27,XAUUSD.Curncy,2636.02
2024-11-27,COM.US.Equity,28.0467
2024-11-28,BCOM.TR,235.2029
2024-11-28,GSCI.TR,3546.202
2024-11-28,XAUUSD.Curncy,2637.92
2024-11-28,COM.US.Equity,28.0467
2024-11-29,BCOM.TR,236.2092
2024-11-29,GSCI.TR,3539.953
2024-11-29,XAUUSD.Curncy,2643.15
2024-11-29,COM.US.Equity,28.0913
2024-12-02,BCOM.TR,233.6408
2024-12-02,GSCI.TR,3525.231
2024-12-02,XAUUSD.Curncy,2639.13
2024-12-02,COM.US.Equity,28.0272
2024-12-03,BCOM.TR,234.7421
2024-12-03,GSCI.TR,3570.183
2024-12-03,XAUUSD.Curncy,2643.49
2024-12-03,COM.US.Equity,28.1249
2024-12-04,BCOM.TR,234.3919
2024-12-04,GSCI.TR,3538.549
2024-12-04,XAUUSD.Curncy,2649.9
2024-12-04,COM.US.Equity,28.1348
2024-12-05,BCOM.TR,234.5511
2024-12-05,GSCI.TR,3535.379
2024-12-05,XAUUSD.Curncy,2631.67
2024-12-05,COM.US.Equity,28.1249
2024-12-06,BCOM.TR,234.8268
2024-12-06,GSCI.TR,3516.472
2024-12-06,XAUUSD.Curncy,2633.37
2024-12-06,COM.US.Equity,28.0858
2024-12-09,BCOM.TR,237.3575
2024-12-09,GSCI.TR,3557.577
2024-12-09,XAUUSD.Curncy,2660.3
2024-12-09,COM.US.Equity,28.2323
2024-12-10,BCOM.TR,238.1982
2024-12-10,GSCI.TR,3570.596
2024-12-10,XAUUSD.Curncy,2694.25
2024-12-10,COM.US.Equity,28.2323
2024-12-11,BCOM.TR,240.3578
2024-12-11,GSCI.TR,3616.458
2024-12-11,XAUUSD.Curncy,2718.23
2024-12-11,COM.US.Equity,28.3545
2024-12-12,BCOM.TR,238.7589
2024-12-12,GSCI.TR,3604.789
2024-12-12,XAUUSD.Curncy,2680.73
2024-12-12,COM.US.Equity,28.1835
2024-12-13,BCOM.TR,237.897
2024-12-13,GSCI.TR,3625.976
2024-12-13,XAUUSD.Curncy,2648.23
2024-12-13,COM.US.Equity,27.9686
2024-12-16,BCOM.TR,236.7786
2024-12-16,GSCI.TR,3606.371
2024-12-16,XAUUSD.Curncy,2652.72
2024-12-16,COM.US.Equity,27.9783
2024-12-17,BCOM.TR,235.1526
2024-12-17,GSCI.TR,3577.649
2024-12-17,XAUUSD.Curncy,2646.83
2024-12-17,COM.US.Equity,27.8904
2024-12-18,BCOM.TR,234.4893
2024-12-18,GSCI.TR,3585.92
2024-12-18,XAUUSD.Curncy,2585.35
2024-12-18,COM.US.Equity,27.6462
2024-12-19,BCOM.TR,232.9382
2024-12-19,GSCI.TR,3559.413
2024-12-19,XAUUSD.Curncy,2594.01
2024-12-19,COM.US.Equity,27.6645
2024-12-20,BCOM.TR,235.4251
2024-12-20,GSCI.TR,3581.002
2024-12-20,XAUUSD.Curncy,2622.91
2024-12-20,COM.US.Equity,27.7872
2024-12-23,BCOM.TR,235.315
2024-12-23,GSCI.TR,3570.703
2024-12-23,XAUUSD.Curncy,2612.56
2024-12-23,COM.US.Equity,27.8117
2024-12-24,BCOM.TR,237.0858
2024-12-24,GSCI.TR,3600.48
2024-12-24,XAUUSD.Curncy,2616.87
2024-12-24,COM.US.Equity,27.8069
2024-12-25,BCOM.TR,237.0858
2024-12-25,GSCI.TR,3600.48
2024-12-25,XAUUSD.Curncy,2616.87
2024-12-25,COM.US.Equity,27.8069
2024-12-26,BCOM.TR,236.7478
2024-12-26,GSCI.TR,3589.73
2024-12-26,XAUUSD.Curncy,2633.58
2024-12-26,COM.US.Equity,27.8825
2024-12-27,BCOM.TR,237.165
2024-12-27,GSCI.TR,3611.094
2024-12-27,XAUUSD.Curncy,2621.4
2024-12-27,COM.US.Equity,27.7921
2024-12-30,BCOM.TR,238.8397
2024-12-30,GSCI.TR,3644.056
2024-12-30,XAUUSD.Curncy,2606.5
2024-12-30,COM.US.Equity,27.743
2024-12-31,BCOM.TR,238.6169
2024-12-31,GSCI.TR,3655.988
2024-12-31,XAUUSD.Curncy,2624.5
2024-12-31,COM.US.Equity,27.8215
2025-01-01,BCOM.TR,238.6169
2025-01-01,GSCI.TR,3655.988
2025-01-01,XAUUSD.Curncy,2624.5
2025-01-01,COM.US.Equity,27.8215
2025-01-02,BCOM.TR,240.716
2025-01-02,GSCI.TR,3696.66
2025-01-02,XAUUSD.Curncy,2657.9
2025-01-02,COM.US.Equity,28.02
2025-01-03,BCOM.TR,238.0496
2025-01-03,GSCI.TR,3683.852
2025-01-03,XAUUSD.Curncy,2640.22
2025-01-03,COM.US.Equity,27.861
2025-01-06,BCOM.TR,239.9941
2025-01-06,GSCI.TR,3699.667
2025-01-06,XAUUSD.Curncy,2636.47
2025-01-06,COM.US.Equity,27.9493
2025-01-07,BCOM.TR,240.5703
2025-01-07,GSCI.TR,3710.227
2025-01-07,XAUUSD.Curncy,2648.59
2025-01-07,COM.US.Equity,27.9886
2025-01-08,BCOM.TR,240.537
2025-01-08,GSCI.TR,3684.554
2025-01-08,XAUUSD.Curncy,2661.94
2025-01-08,COM.US.Equity,28.0475
2025-01-09,BCOM.TR,242.9569
2025-01-09,GSCI.TR,3722.553
2025-01-09,XAUUSD.Curncy,2667.25
2025-01-09,COM.US.Equity,28.0475
2025-01-10,BCOM.TR,247.9187
2025-01-10,GSCI.TR,3815.643
2025-01-10,XAUUSD.Curncy,2689.76
2025-01-10,COM.US.Equity,28.3124
2025-01-13,BCOM.TR,249.34
2025-01-13,GSCI.TR,3858.669
2025-01-13,XAUUSD.Curncy,2663.16
2025-01-13,COM.US.Equity,28.2734
2025-01-14,BCOM.TR,248.6097
2025-01-14,GSCI.TR,3836.66
2025-01-14,XAUUSD.Curncy,2677.46
2025-01-14,COM.US.Equity,28.244
2025-01-15,BCOM.TR,252.0188
2025-01-15,GSCI.TR,3903.276
2025-01-15,XAUUSD.Curncy,2696.32
2025-01-15,COM.US.Equity,28.5976
2025-01-16,BCOM.TR,252.2778
2025-01-16,GSCI.TR,3887.371
2025-01-16,XAUUSD.Curncy,2714.31
2025-01-16,COM.US.Equity,28.5282
2025-01-17,BCOM.TR,251.0392
2025-01-17,GSCI.TR,3878.632
2025-01-17,XAUUSD.Curncy,2703.25
2025-01-17,COM.US.Equity,28.4503
2025-01-20,BCOM.TR,251.0392
2025-01-20,GSCI.TR,3878.632
2025-01-20,XAUUSD.Curncy,2708.21
2025-01-20,COM.US.Equity,28.4503
2025-01-21,BCOM.TR,250.5199
2025-01-21,GSCI.TR,3847.122
2025-01-21,XAUUSD.Curncy,2744.81
2025-01-21,COM.US.Equity,28.3619
2025-01-22,BCOM.TR,250.946
2025-01-22,GSCI.TR,3842.761
2025-01-22,XAUUSD.Curncy,2756.48
2025-01-22,COM.US.Equity,28.2833
2025-01-23,BCOM.TR,250.6661
2025-01-23,GSCI.TR,3829.703
2025-01-23,XAUUSD.Curncy,2754.87
2025-01-23,COM.US.Equity,28.2538
2025-01-24,BCOM.TR,250.6003
2025-01-24,GSCI.TR,3836.082
2025-01-24,XAUUSD.Curncy,2770.58
2025-01-24,COM.US.Equity,28.2886
2025-01-27,BCOM.TR,246.7851
2025-01-27,GSCI.TR,3779.307
2025-01-27,XAUUSD.Curncy,2740.81
2025-01-27,COM.US.Equity,27.8978
2025-01-28,BCOM.TR,247.2091
2025-01-28,GSCI.TR,3792.185
2025-01-28,XAUUSD.Curncy,2763.51
2025-01-28,COM.US.Equity,28.0671
2025-01-29,BCOM.TR,248.9506
2025-01-29,GSCI.TR,3792.919
2025-01-29,XAUUSD.Curncy,2759.36
2025-01-29,COM.US.Equity,28.0868
2025-01-30,BCOM.TR,249.0915
2025-01-30,GSCI.TR,3793.334
2025-01-30,XAUUSD.Curncy,2794.59
2025-01-30,COM.US.Equity,28.1949
2025-01-31,BCOM.TR,248.0514
2025-01-31,GSCI.TR,3777.227
2025-01-31,XAUUSD.Curncy,2798.41
2025-01-31,COM.US.Equity,28.1261
2025-02-03,BCOM.TR,251.755
2025-02-03,GSCI.TR,3812.34
2025-02-03,XAUUSD.Curncy,2815.21
2025-02-03,COM.US.Equity,28.3913
2025-02-04,BCOM.TR,252.8223
2025-02-04,GSCI.TR,3817.011
2025-02-04,XAUUSD.Curncy,2842.71
2025-02-04,COM.US.Equity,28.3913
2025-02-05,BCOM.TR,252.7262
2025-02-05,GSCI.TR,3785.878
2025-02-05,XAUUSD.Curncy,2867.24
2025-02-05,COM.US.Equity,28.2833
2025-02-06,BCOM.TR,253.1687
2025-02-06,GSCI.TR,3780.227
2025-02-06,XAUUSD.Curncy,2856.28
2025-02-06,COM.US.Equity,28.3422
2025-02-07,BCOM.TR,252.9414
2025-02-07,GSCI.TR,3787.913
2025-02-07,XAUUSD.Curncy,2861.07
2025-02-07,COM.US.Equity,28.2997
2025-02-10,BCOM.TR,256.2963
2025-02-10,GSCI.TR,3836.347
2025-02-10,XAUUSD.Curncy,2908.26
2025-02-10,COM.US.Equity,28.6271
2025-02-11,BCOM.TR,256.546
2025-02-11,GSCI.TR,3862.012
2025-02-11,XAUUSD.Curncy,2897.91
2025-02-11,COM.US.Equity,28.8039
2025-02-12,BCOM.TR,256.2216
2025-02-12,GSCI.TR,3825.469
2025-02-12,XAUUSD.Curncy,2904.04
2025-02-12,COM.US.Equity,28.578
2025-02-13,BCOM.TR,257.1662
2025-02-13,GSCI.TR,3829.443
2025-02-13,XAUUSD.Curncy,2928.21
2025-02-13,COM.US.Equity,28.7341
2025-02-14,BCOM.TR,257.1825
2025-02-14,GSCI.TR,3826.779
2025-02-14,XAUUSD.Curncy,2882.53
2025-02-14,COM.US.Equity,28.5878
2025-02-17,BCOM.TR,257.1825
2025-02-17,GSCI.TR,3826.779
2025-02-17,XAUUSD.Curncy,2896.56
2025-02-17,COM.US.Equity,28.5878
2025-02-18,BCOM.TR,260.7254
2025-02-18,GSCI.TR,3872.477
2025-02-18,XAUUSD.Curncy,2936.02
2025-02-18,COM.US.Equity,28.8928
2025-02-19,BCOM.TR,261.3889
2025-02-19,GSCI.TR,3881.728
2025-02-19,XAUUSD.Curncy,2933.39
2025-02-19,COM.US.Equity,28.9906
2025-02-20,BCOM.TR,261.8056
2025-02-20,GSCI.TR,3890.867
2025-02-20,XAUUSD.Curncy,2938.98
2025-02-20,COM.US.Equity,29.0888
2025-02-21,BCOM.TR,259.6968
2025-02-21,GSCI.TR,3829.765
2025-02-21,XAUUSD.Curncy,2936.05
2025-02-21,COM.US.Equity,28.7941
2025-02-24,BCOM.TR,257.4807
2025-02-24,GSCI.TR,3815.786
2025-02-24,XAUUSD.Curncy,2951.73
2025-02-24,COM.US.Equity,28.7352
2025-02-25,BCOM.TR,255.7945
2025-02-25,GSCI.TR,3767.965
2025-02-25,XAUUSD.Curncy,2914.98
2025-02-25,COM.US.Equity,28.4582
2025-02-26,BCOM.TR,254.4941
2025-02-26,GSCI.TR,3749.148
2025-02-26,XAUUSD.Curncy,2916.39
2025-02-26,COM.US.Equity,28.357
2025-02-27,BCOM.TR,253.6684
2025-02-27,GSCI.TR,3771.046
2025-02-27,XAUUSD.Curncy,2877.52
2025-02-27,COM.US.Equity,28.3029
2025-02-28,BCOM.TR,249.9835
2025-02-28,GSCI.TR,3726.456
2025-02-28,XAUUSD.Curncy,2857.83
2025-02-28,COM.US.Equity,28.0898
2025-03-03,BCOM.TR,251.6115
2025-03-03,GSCI.TR,3702.509
2025-03-03,XAUUSD.Curncy,2892.73
2025-03-03,COM.US.Equity,28.1556
2025-03-04,BCOM.TR,252.2232
2025-03-04,GSCI.TR,3701.593
2025-03-04,XAUUSD.Curncy,2917.89
2025-03-04,COM.US.Equity,28.1949
2025-03-05,BCOM.TR,254.196
2025-03-05,GSCI.TR,3680.649
2025-03-05,XAUUSD.Curncy,2919.39
2025-03-05,COM.US.Equity,28.337
2025-03-06,BCOM.TR,254.3001
2025-03-06,GSCI.TR,3688.327
2025-03-06,XAUUSD.Curncy,2911.8
2025-03-06,COM.US.Equity,28.2538
2025-03-07,BCOM.TR,255.1699
2025-03-07,GSCI.TR,3713.824
2025-03-07,XAUUSD.Curncy,2909.1
2025-03-07,COM.US.Equity,28.244
2025-03-10,BCOM.TR,254.7515
2025-03-10,GSCI.TR,3694.963
2025-03-10,XAUUSD.Curncy,2888.71
2025-03-10,COM.US.Equity,28.1359
2025-03-11,BCOM.TR,255.4364
2025-03-11,GSCI.TR,3704.02
2025-03-11,XAUUSD.Curncy,2915.9
2025-03-11,COM.US.Equity,28.3422
2025-03-12,BCOM.TR,254.4839
2025-03-12,GSCI.TR,3725.971
2025-03-12,XAUUSD.Curncy,2934.77
2025-03-12,COM.US.Equity,28.3263
2025-03-13,BCOM.TR,255.701
2025-03-13,GSCI.TR,3709.095
2025-03-13,XAUUSD.Curncy,2989.18
2025-03-13,COM.US.Equity,28.4564
2025-03-14,BCOM.TR,255.6643
2025-03-14,GSCI.TR,3716.627
2025-03-14,XAUUSD.Curncy,2984.16
2025-03-14,COM.US.Equity,28.4896
2025-03-17,BCOM.TR,256.9513
2025-03-17,GSCI.TR,3746.228
2025-03-17,XAUUSD.Curncy,3000.6
2025-03-17,COM.US.Equity,28.6173
2025-03-18,BCOM.TR,257.1612
2025-03-18,GSCI.TR,3734.715
2025-03-18,XAUUSD.Curncy,3034.73
2025-03-18,COM.US.Equity,28.6959
2025-03-19,BCOM.TR,258.6368
2025-03-19,GSCI.TR,3753.936
2025-03-19,XAUUSD.Curncy,3047.79
2025-03-19,COM.US.Equity,28.8236
2025-03-20,BCOM.TR,257.9451
2025-03-20,GSCI.TR,3773.687
2025-03-20,XAUUSD.Curncy,3044.9
2025-03-20,COM.US.Equity,28.8334
2025-03-21,BCOM.TR,256.8569
2025-03-21,GSCI.TR,3763.664
2025-03-21,XAUUSD.Curncy,3022.15
2025-03-21,COM.US.Equity,28.7205
2025-03-24,BCOM.TR,256.3419
2025-03-24,GSCI.TR,3777.139
2025-03-24,XAUUSD.Curncy,3011.04
2025-03-24,COM.US.Equity,28.7352
2025-03-25,BCOM.TR,256.5963
2025-03-25,GSCI.TR,3777.99
2025-03-25,XAUUSD.Curncy,3020.09
2025-03-25,COM.US.Equity,28.8881
2025-03-26,BCOM.TR,256.6963
2025-03-26,GSCI.TR,3786.614
2025-03-26,XAUUSD.Curncy,3019.38
2025-03-26,COM.US.Equity,28.893
2025-03-27,BCOM.TR,257.5675
2025-03-27,GSCI.TR,3793.683
2025-03-27,XAUUSD.Curncy,3057.29
2025-03-27,COM.US.Equity,29.007
2025-03-28,BCOM.TR,258.2326
2025-03-28,GSCI.TR,3782.216
2025-03-28,XAUUSD.Curncy,3085.12
2025-03-28,COM.US.Equity,28.9475
2025-03-31,BCOM.TR,259.8054
2025-03-31,GSCI.TR,3834.681
2025-03-31,XAUUSD.Curncy,3123.57
2025-03-31,COM.US.Equity,29.0764
2025-04-01,BCOM.TR,260.1101
2025-04-01,GSCI.TR,3837.372
2025-04-01,XAUUSD.Curncy,3113.38
2025-04-01,COM.US.Equity,29.0931
2025-04-02,BCOM.TR,261.3135
2025-04-02,GSCI.TR,3858.784
2025-04-02,XAUUSD.Curncy,3134.17
2025-04-02,COM.US.Equity,29.1755
2025-04-03,BCOM.TR,254.7413
2025-04-03,GSCI.TR,3713.086
2025-04-03,XAUUSD.Curncy,3115.34
2025-04-03,COM.US.Equity,28.5016
2025-04-04,BCOM.TR,243.5057
2025-04-04,GSCI.TR,3530.006
2025-04-04,XAUUSD.Curncy,3038.24
2025-04-04,COM.US.Equity,27.788
2025-04-07,BCOM.TR,239.7291
2025-04-07,GSCI.TR,3475.859
2025-04-07,XAUUSD.Curncy,2983.28
2025-04-07,COM.US.Equity,27.5006
2025-04-08,BCOM.TR,237.8503
2025-04-08,GSCI.TR,3439.73
2025-04-08,XAUUSD.Curncy,2983.27
2025-04-08,COM.US.Equity,27.3817
2025-04-09,BCOM.TR,243.708
2025-04-09,GSCI.TR,3524.739
2025-04-09,XAUUSD.Curncy,3082.7
2025-04-09,COM.US.Equity,27.7465
2025-04-10,BCOM.TR,243.9705
2025-04-10,GSCI.TR,3494.792
2025-04-10,XAUUSD.Curncy,3176.23
2025-04-10,COM.US.Equity,27.8525
2025-04-11,BCOM.TR,248.1105
2025-04-11,GSCI.TR,3550.784
2025-04-11,XAUUSD.Curncy,3237.61
2025-04-11,COM.US.Equity,28.0164
2025-04-14,BCOM.TR,247.1311
2025-04-14,GSCI.TR,3551.93
2025-04-14,XAUUSD.Curncy,3210.93
2025-04-14,COM.US.Equity,27.9855
2025-04-15,BCOM.TR,247.4487
2025-04-15,GSCI.TR,3545.221
2025-04-15,XAUUSD.Curncy,3230.72
2025-04-15,COM.US.Equity,28.0308
2025-04-16,BCOM.TR,250.6186
2025-04-16,GSCI.TR,3592.484
2025-04-16,XAUUSD.Curncy,3343.12
2025-04-16,COM.US.Equity,28.2527
2025-04-17,BCOM.TR,251.7907
2025-04-17,GSCI.TR,3643.721
2025-04-17,XAUUSD.Curncy,3326.85
2025-04-17,COM.US.Equity,28.2241
2025-04-18,BCOM.TR,251.7907
2025-04-18,GSCI.TR,3643.721
2025-04-18,XAUUSD.Curncy,3326.85
2025-04-18,COM.US.Equity,28.2241
2025-04-21,BCOM.TR,250.0689
2025-04-21,GSCI.TR,3601.063
2025-04-21,XAUUSD.Curncy,3423.98
2025-04-21,COM.US.Equity,28.3031
2025-04-22,BCOM.TR,251.513
2025-04-22,GSCI.TR,3643.53
2025-04-22,XAUUSD.Curncy,3380.63
2025-04-22,COM.US.Equity,28.2092
2025-04-23,BCOM.TR,250.0453
2025-04-23,GSCI.TR,3607.624
2025-04-23,XAUUSD.Curncy,3288.34
2025-04-23,COM.US.Equity,28.0705
2025-04-24,BCOM.TR,252.0216
2025-04-24,GSCI.TR,3632.948
2025-04-24,XAUUSD.Curncy,3349.43
2025-04-24,COM.US.Equity,28.1385
2025-04-25,BCOM.TR,251.3232
2025-04-25,GSCI.TR,3638.215
2025-04-25,XAUUSD.Curncy,3319.72
2025-04-25,COM.US.Equity,28.1093
2025-04-28,BCOM.TR,252.6028
2025-04-28,GSCI.TR,3626.911
2025-04-28,XAUUSD.Curncy,3343.98
2025-04-28,COM.US.Equity,28.1585
2025-04-29,BCOM.TR,250.8386
2025-04-29,GSCI.TR,3581.462
2025-04-29,XAUUSD.Curncy,3317.41
2025-04-29,COM.US.Equity,28.1002
2025-04-30,BCOM.TR,247.3119
2025-04-30,GSCI.TR,3511.238
2025-04-30,XAUUSD.Curncy,3288.71
2025-04-30,COM.US.Equity,28.0874
2025-05-01,BCOM.TR,247.1154
2025-05-01,GSCI.TR,3526.078
2025-05-01,XAUUSD.Curncy,3239.2
2025-05-01,COM.US.Equity,28.0259
2025-05-02,BCOM.TR,248.6628
2025-05-02,GSCI.TR,3525.816
2025-05-02,XAUUSD.Curncy,3240.49
2025-05-02,COM.US.Equity,28.0952
2025-05-05,BCOM.TR,248.0774
2025-05-05,GSCI.TR,3499.512
2025-05-05,XAUUSD.Curncy,3334.12
2025-05-05,COM.US.Equity,28.1639
2025-05-06,BCOM.TR,250.8329
2025-05-06,GSCI.TR,3559.372
2025-05-06,XAUUSD.Curncy,3431.77
2025-05-06,COM.US.Equity,28.2518
2025-05-07,BCOM.TR,248.9338
2025-05-07,GSCI.TR,3522.808
2025-05-07,XAUUSD.Curncy,3364.5
2025-05-07,COM.US.Equity,28.2043
2025-05-08,BCOM.TR,249.2551
2025-05-08,GSCI.TR,3564.386
2025-05-08,XAUUSD.Curncy,3305.72
2025-05-08,COM.US.Equity,28.0808
2025-05-09,BCOM.TR,252.0775
2025-05-09,GSCI.TR,3604.954
2025-05-09,XAUUSD.Curncy,3324.98
2025-05-09,COM.US.Equity,28.126
2025-05-12,BCOM.TR,250.9966
2025-05-12,GSCI.TR,3625.293
2025-05-12,XAUUSD.Curncy,3236.39
2025-05-12,COM.US.Equity,27.9961
2025-05-13,BCOM.TR,253.3514
2025-05-13,GSCI.TR,3677.182
2025-05-13,XAUUSD.Curncy,3250.31
2025-05-13,COM.US.Equity,28.0407
2025-05-14,BCOM.TR,251.3217
2025-05-14,GSCI.TR,3656.695
2025-05-14,XAUUSD.Curncy,3177.25
2025-05-14,COM.US.Equity,27.9328
2025-05-15,BCOM.TR,249.5302
2025-05-15,GSCI.TR,3614.7
2025-05-15,XAUUSD.Curncy,3240.1
2025-05-15,COM.US.Equity,27.9912
2025-05-16,BCOM.TR,247.8549
2025-05-16,GSCI.TR,3618.273
2025-05-16,XAUUSD.Curncy,3203.65
2025-05-16,COM.US.Equity,27.9615
2025-05-19,BCOM.TR,247.6223
2025-05-19,GSCI.TR,3619.142
2025-05-19,XAUUSD.Curncy,3229.56
2025-05-19,COM.US.Equity,27.9881
2025-05-20,BCOM.TR,251.0191
2025-05-20,GSCI.TR,3641.455
2025-05-20,XAUUSD.Curncy,3290.13
2025-05-20,COM.US.Equity,28.0705
2025-05-21,BCOM.TR,251.9404
2025-05-21,GSCI.TR,3641.369
2025-05-21,XAUUSD.Curncy,3314.96
2025-05-21,COM.US.Equity,28.1008
2025-05-22,BCOM.TR,250.3322
2025-05-22,GSCI.TR,3620.291
2025-05-22,XAUUSD.Curncy,3294.52
2025-05-22,COM.US.Equity,28.0621
2025-05-23,BCOM.TR,252.3466
2025-05-23,GSCI.TR,3634.234
2025-05-23,XAUUSD.Curncy,3357.51
2025-05-23,COM.US.Equity,28.1214
2025-05-26,BCOM.TR,252.3466
2025-05-26,GSCI.TR,3634.234
2025-05-26,XAUUSD.Curncy,3343.84
2025-05-26,COM.US.Equity,28.1214
2025-05-27,BCOM.TR,250.573
2025-05-27,GSCI.TR,3608.604
2025-05-27,XAUUSD.Curncy,3300.87
2025-05-27,COM.US.Equity,28.1044
2025-05-28,BCOM.TR,248.4782
2025-05-28,GSCI.TR,3611.131
2025-05-28,XAUUSD.Curncy,3287.48
2025-05-28,COM.US.Equity,28.0457
2025-05-29,BCOM.TR,247.9649
2025-05-29,GSCI.TR,3586.51
2025-05-29,XAUUSD.Curncy,3317.94
2025-05-29,COM.US.Equity,28.0556
2025-05-30,BCOM.TR,245.8862
2025-05-30,GSCI.TR,3567.079
2025-05-30,XAUUSD.Curncy,3289.25
2025-05-30,COM.US.Equity,28.0556
2025-06-02,BCOM.TR,250.9924
2025-06-02,GSCI.TR,3635.558
2025-06-02,XAUUSD.Curncy,3381.59
2025-06-02,COM.US.Equity,28.1349
2025-06-03,BCOM.TR,251.6157
2025-06-03,GSCI.TR,3661.412
2025-06-03,XAUUSD.Curncy,3353.43
2025-06-03,COM.US.Equity,28.1448
2025-06-04,BCOM.TR,251.9406
2025-06-04,GSCI.TR,3651.069
2025-06-04,XAUUSD.Curncy,3372.72
2025-06-04,COM.US.Equity,28.186
2025-06-05,BCOM.TR,252.9861
2025-06-05,GSCI.TR,3677.164
2025-06-05,XAUUSD.Curncy,3352.65
2025-06-05,COM.US.Equity,28.1689
2025-06-06,BCOM.TR,254.2768
2025-06-06,GSCI.TR,3711.991
2025-06-06,XAUUSD.Curncy,3310.42
2025-06-06,COM.US.Equity,28.2142
2025-06-09,BCOM.TR,254.1411
2025-06-09,GSCI.TR,3724.514
2025-06-09,XAUUSD.Curncy,3326.19
2025-06-09,COM.US.Equity,28.2241
2025-06-10,BCOM.TR,253.063
2025-06-10,GSCI.TR,3712.067
2025-06-10,XAUUSD.Curncy,3323.69
2025-06-10,COM.US.Equity,28.1746
2025-06-11,BCOM.TR,254.1207
2025-06-11,GSCI.TR,3774.491
2025-06-11,XAUUSD.Curncy,3355.12
2025-06-11,COM.US.Equity,28.1844
2025-06-12,BCOM.TR,254.3221
2025-06-12,GSCI.TR,3771.767
2025-06-12,XAUUSD.Curncy,3385.92
2025-06-12,COM.US.Equity,28.2035
2025-06-13,BCOM.TR,259.3999
2025-06-13,GSCI.TR,3892.449
2025-06-13,XAUUSD.Curncy,3432.34
2025-06-13,COM.US.Equity,28.234
2025-06-16,BCOM.TR,260.4529
2025-06-16,GSCI.TR,3887.051
2025-06-16,XAUUSD.Curncy,3385.23
2025-06-16,COM.US.Equity,28.2191
2025-06-17,BCOM.TR,263.1608
2025-06-17,GSCI.TR,3964.527
2025-06-17,XAUUSD.Curncy,3388.11
2025-06-17,COM.US.Equity,28.3628
2025-06-18,BCOM.TR,264.6555
2025-06-18,GSCI.TR,3983.4
2025-06-18,XAUUSD.Curncy,3369.38
2025-06-18,COM.US.Equity,28.3752
2025-06-19,BCOM.TR,264.6555
2025-06-19,GSCI.TR,3983.4
2025-06-19,XAUUSD.Curncy,3370.9
2025-06-19,COM.US.Equity,28.3752
2025-06-20,BCOM.TR,263.1584
2025-06-20,GSCI.TR,3981.931
2025-06-20,XAUUSD.Curncy,3368.39
2025-06-20,COM.US.Equity,28.4016
2025-06-23,BCOM.TR,259.125
2025-06-23,GSCI.TR,3857.823
2025-06-23,XAUUSD.Curncy,3368.48
2025-06-23,COM.US.Equity,28.016
2025-06-24,BCOM.TR,252.7625
2025-06-24,GSCI.TR,3716.347
2025-06-24,XAUUSD.Curncy,3323.67
2025-06-24,COM.US.Equity,27.6548
2025-06-25,BCOM.TR,252.1363
2025-06-25,GSCI.TR,3718.42
2025-06-25,XAUUSD.Curncy,3332.33
2025-06-25,COM.US.Equity,27.684
2025-06-26,BCOM.TR,252.9679
2025-06-26,GSCI.TR,3733.941
2025-06-26,XAUUSD.Curncy,3327.92
2025-06-26,COM.US.Equity,27.79
2025-06-27,BCOM.TR,253.8582
2025-06-27,GSCI.TR,3743.195
2025-06-27,XAUUSD.Curncy,3274.33
2025-06-27,COM.US.Equity,27.55
2025-06-30,BCOM.TR,251.8091
2025-06-30,GSCI.TR,3726.854
2025-06-30,XAUUSD.Curncy,3303.14
2025-06-30,COM.US.Equity,27.66
2025-07-01,BCOM.TR,252.2144
2025-07-01,GSCI.TR,3734.544
2025-07-01,XAUUSD.Curncy,3338.84
2025-07-01,COM.US.Equity,27.786
2025-07-02,BCOM.TR,256.0474
2025-07-02,GSCI.TR,3805.55
2025-07-02,XAUUSD.Curncy,3357.45
2025-07-02,COM.US.Equity,28.03
2025-07-03,BCOM.TR,255.2813
2025-07-03,GSCI.TR,3792.839
2025-07-03,XAUUSD.Curncy,3326.12
2025-07-03,COM.US.Equity,28
2025-07-04,BCOM.TR,255.2813
2025-07-04,GSCI.TR,3792.839
2025-07-04,XAUUSD.Curncy,3337.15
2025-07-04,COM.US.Equity,28
2025-07-07,BCOM.TR,253.5731
2025-07-07,GSCI.TR,3800.833
2025-07-07,XAUUSD.Curncy,3336.5
2025-07-07,COM.US.Equity,28.0532
2025-07-08,BCOM.TR,255.4129
2025-07-08,GSCI.TR,3815.955
2025-07-08,XAUUSD.Curncy,3301.92
2025-07-08,COM.US.Equity,28.095
2025-07-09,BCOM.TR,253.9603
2025-07-09,GSCI.TR,3809.924
2025-07-09,XAUUSD.Curncy,3313.66
2025-07-09,COM.US.Equity,28.0584
2025-07-10,BCOM.TR,254.7907
2025-07-10,GSCI.TR,3778.682
2025-07-10,XAUUSD.Curncy,3324.05
2025-07-10,COM.US.Equity,28.11
2025-07-11,BCOM.TR,256.6041
2025-07-11,GSCI.TR,3825.658
2025-07-11,XAUUSD.Curncy,3355.59
2025-07-11,COM.US.Equity,28.4202
2025-07-14,BCOM.TR,256.5457
2025-07-14,GSCI.TR,3796.552
2025-07-14,XAUUSD.Curncy,3343.51
2025-07-14,COM.US.Equity,28.1738
2025-07-15,BCOM.TR,256.3166
2025-07-15,GSCI.TR,3789.836
2025-07-15,XAUUSD.Curncy,3324.55
2025-07-15,COM.US.Equity,28.1367
2025-07-16,BCOM.TR,257.2721
2025-07-16,GSCI.TR,3792.376
2025-07-16,XAUUSD.Curncy,3347.13
2025-07-16,COM.US.Equity,28.11
2025-07-17,BCOM.TR,258.3172
2025-07-17,GSCI.TR,3821.978
2025-07-17,XAUUSD.Curncy,3338.97
2025-07-17,COM.US.Equity,28.2202
2025-07-18,BCOM.TR,260.0054
2025-07-18,GSCI.TR,3839.105
2025-07-18,XAUUSD.Curncy,3349.94
2025-07-18,COM.US.Equity,28.2131
2025-07-21,BCOM.TR,259.1234
2025-07-21,GSCI.TR,3837.524
2025-07-21,XAUUSD.Curncy,3397.05
2025-07-21,COM.US.Equity,28.3551
2025-07-22,BCOM.TR,259.0725
2025-07-22,GSCI.TR,3820.113
2025-07-22,XAUUSD.Curncy,3431.48
2025-07-22,COM.US.Equity,28.4113
2025-07-23,BCOM.TR,257.8264
2025-07-23,GSCI.TR,3813.989
2025-07-23,XAUUSD.Curncy,3387.29
2025-07-23,COM.US.Equity,28.4524
2025-07-24,BCOM.TR,258.0024
2025-07-24,GSCI.TR,3821.653
2025-07-24,XAUUSD.Curncy,3368.68
2025-07-24,COM.US.Equity,28.4156
2025-07-25,BCOM.TR,256.1503
2025-07-25,GSCI.TR,3796.669
2025-07-25,XAUUSD.Curncy,3337.3
2025-07-25,COM.US.Equity,28.2451
2025-07-28,BCOM.TR,255.4677
2025-07-28,GSCI.TR,3828.698
2025-07-28,XAUUSD.Curncy,3314.61
2025-07-28,COM.US.Equity,28.3
2025-07-29,BCOM.TR,257.1615
2025-07-29,GSCI.TR,3882.455
2025-07-29,XAUUSD.Curncy,3326.62
2025-07-29,COM.US.Equity,28.51
2025-07-30,BCOM.TR,255.7391
2025-07-30,GSCI.TR,3890.552
2025-07-30,XAUUSD.Curncy,3275.18
2025-07-30,COM.US.Equity,27.8749
2025-07-31,BCOM.TR,250.6656
2025-07-31,GSCI.TR,3861.591
2025-07-31,XAUUSD.Curncy,3289.93
2025-07-31,COM.US.Equity,27.755
